ISO-10303-21;
HEADER;
FILE_DESCRIPTION(('ViewDefinition[DesignTransferView]'),'2;1');
FILE_NAME('s04-activity.ifc','2026-10-05T22:51:36+08:00',(''),(''),'IfcOpenShell 0.8.5-post1','Bonsai 0.8.5-post1','Nobody');
FILE_SCHEMA(('IFC4'));
ENDSEC;
DATA;
#1=IFCPROJECT('0EnnPnGUP1CuOR2jRsOWwT',$,'My Project',$,$,$,$,(#10,#22),#5);
#2=IFCSIUNIT(*,.LENGTHUNIT.,$,.METRE.);
#3=IFCSIUNIT(*,.AREAUNIT.,$,.SQUARE_METRE.);
#4=IFCSIUNIT(*,.VOLUMEUNIT.,$,.CUBIC_METRE.);
#5=IFCUNITASSIGNMENT((#2,#3,#4));
#6=IFCCARTESIANPOINT((0.,0.,0.));
#7=IFCDIRECTION((0.,0.,1.));
#8=IFCDIRECTION((1.,0.,0.));
#9=IFCAXIS2PLACEMENT3D(#6,#7,#8);
#10=IFCGEOMETRICREPRESENTATIONCONTEXT($,'Model',3,1.0000000000000001E-05,#9,$);
#11=IFCGEOMETRICREPRESENTATIONSUBCONTEXT('Body','Model',*,*,*,*,#10,$,.MODEL_VIEW.,$);
#12=IFCGEOMETRICREPRESENTATIONSUBCONTEXT('Axis','Model',*,*,*,*,#10,$,.GRAPH_VIEW.,$);
#13=IFCGEOMETRICREPRESENTATIONSUBCONTEXT('Box','Model',*,*,*,*,#10,$,.MODEL_VIEW.,$);
#14=IFCGEOMETRICREPRESENTATIONSUBCONTEXT('Annotation','Model',*,*,*,*,#10,$,.SECTION_VIEW.,$);
#15=IFCGEOMETRICREPRESENTATIONSUBCONTEXT('Annotation','Model',*,*,*,*,#10,$,.ELEVATION_VIEW.,$);
#16=IFCGEOMETRICREPRESENTATIONSUBCONTEXT('Annotation','Model',*,*,*,*,#10,$,.MODEL_VIEW.,$);
#17=IFCGEOMETRICREPRESENTATIONSUBCONTEXT('Annotation','Model',*,*,*,*,#10,$,.PLAN_VIEW.,$);
#18=IFCGEOMETRICREPRESENTATIONSUBCONTEXT('Profile','Model',*,*,*,*,#10,$,.ELEVATION_VIEW.,$);
#19=IFCCARTESIANPOINT((0.,0.));
#20=IFCDIRECTION((1.,0.));
#21=IFCAXIS2PLACEMENT2D(#19,#20);
#22=IFCGEOMETRICREPRESENTATIONCONTEXT($,'Plan',2,1.0000000000000001E-05,#21,$);
#23=IFCGEOMETRICREPRESENTATIONSUBCONTEXT('Axis','Plan',*,*,*,*,#22,$,.GRAPH_VIEW.,$);
#24=IFCGEOMETRICREPRESENTATIONSUBCONTEXT('Body','Plan',*,*,*,*,#22,$,.PLAN_VIEW.,$);
#25=IFCGEOMETRICREPRESENTATIONSUBCONTEXT('Annotation','Plan',*,*,*,*,#22,$,.PLAN_VIEW.,$);
#26=IFCGEOMETRICREPRESENTATIONSUBCONTEXT('Annotation','Plan',*,*,*,*,#22,$,.REFLECTED_PLAN_VIEW.,$);
#27=IFCSITE('3r5uNcmM54IxVOi8ruteds',$,'My Site',$,$,#50,$,$,$,$,$,$,$,$);
#33=IFCBUILDING('3fDyOO3Ob1DvcpT30ZGDDE',$,'My Building',$,$,#56,$,$,$,$,$,$);
#39=IFCBUILDINGSTOREY('3CjgUt6AnAtO9p2ayV5l9h',$,'2F',$,$,#12781,$,$,$,$);
#45=IFCRELAGGREGATES('1hWYOFUTDFJw4o6FyRe_f0',$,$,$,#1,(#27));
#46=IFCCARTESIANPOINT((0.,0.,0.));
#47=IFCDIRECTION((0.,0.,1.));
#48=IFCDIRECTION((1.,0.,0.));
#49=IFCAXIS2PLACEMENT3D(#46,#47,#48);
#50=IFCLOCALPLACEMENT($,#49);
#51=IFCRELAGGREGATES('2PJEsyj8n7N8sAdYZ1lVUb',$,$,$,#27,(#33));
#52=IFCCARTESIANPOINT((0.,0.,0.));
#53=IFCDIRECTION((0.,0.,1.));
#54=IFCDIRECTION((1.,0.,0.));
#55=IFCAXIS2PLACEMENT3D(#52,#53,#54);
#56=IFCLOCALPLACEMENT(#50,#55);
#57=IFCRELAGGREGATES('2VPi08A_1FXfoOjD4Sig9t',$,$,$,#33,(#39,#63,#10660));
#63=IFCBUILDINGSTOREY('00pvrCxAfCXxhqoR29UlTK',$,'GF',$,$,#79,$,$,$,$);
#75=IFCCARTESIANPOINT((0.,0.,0.));
#76=IFCDIRECTION((0.,0.,1.));
#77=IFCDIRECTION((1.,0.,0.));
#78=IFCAXIS2PLACEMENT3D(#75,#76,#77);
#79=IFCLOCALPLACEMENT(#56,#78);
#80=IFCWALLTYPE('3rlOa6mNLFtPqwtGtgPPLm',$,'Wall',$,$,(#85),$,$,$,.SOLIDWALL.);
#81=IFCMATERIAL('Unknown',$,$);
#82=IFCMATERIALLAYERSET((#84),$,$);
#83=IFCRELASSOCIATESMATERIAL('0Vb3ZkhqL1mvoWLuJBRiU9',$,$,$,(#80),#82);
#84=IFCMATERIALLAYER(#81,0.10000000000000001,$,$,$,$,$);
#85=IFCPROPERTYSET('06qnKb9qf26Ol9DsPkHCuh',$,'EPset_Parametric',$,(#86));
#86=IFCPROPERTYSINGLEVALUE('LayerSetDirection',$,IFCLABEL('AXIS2'),$);
#87=IFCWALL('1t0bJXADD1U9BmxnCP3C6U',$,'Wall',$,$,#2056,#95,$,$);
#88=IFCRELCONTAINEDINSPATIALSTRUCTURE('0l$53O3aj3QwMVKoMFYkR3',$,$,$,(#655,#5948,#4950,#14182,#14492,#2113,#1774,#14317,#580,#6110,#2432,#87,#14593,#3137,#1033,#1163,#680,#605,#5324,#13887,#4350,#1799,#14518,#13391,#705,#1058,#13479,#630,#12754,#2244,#730,#12594,#14666),#63);
#89=IFCRELDEFINESBYTYPE('2K4sB4i390LxRDe3MmNyTf',$,$,$,(#7733,#1163,#680,#1033,#605,#6366,#6564,#7168,#1799,#6539,#1058,#705,#580,#6589,#7389,#630,#6514,#6489,#730,#7414,#655,#6614,#6341,#7609,#1774,#7351,#87),#80);
#90=IFCMATERIALLAYERSETUSAGE(#82,.AXIS2.,.POSITIVE.,0.,$);
#91=IFCRELASSOCIATESMATERIAL('3g$L8YpbrCGfhHRBMqiffj',$,$,$,(#87),#90);
#95=IFCPRODUCTDEFINITIONSHAPE($,$,(#2070,#2067));
#111=IFCPROPERTYSET('2WULBGf_L6wfMVCG96tzqR',$,'EPset_Parametric',$,(#113));
#112=IFCRELDEFINESBYPROPERTIES('0xD2GZ8SD0xO7yp$pEQoVL',$,$,$,(#87),#111);
#113=IFCPROPERTYSINGLEVALUE('Engine',$,IFCLABEL('Bonsai.DumbLayer2'),$);
#580=IFCWALL('35XWLr74z2MuAiO4QCJNqK',$,'Wall',$,$,#591,#586,$,$);
#581=IFCMATERIALLAYERSETUSAGE(#82,.AXIS2.,.POSITIVE.,0.,$);
#582=IFCRELASSOCIATESMATERIAL('1AEy4z3JrDCxFGVFG_cJYm',$,$,$,(#580),#581);
#586=IFCPRODUCTDEFINITIONSHAPE($,$,(#2083,#2080));
#587=IFCCARTESIANPOINT((4.2274765968322754,-2.6000680923461914,0.));
#588=IFCDIRECTION((0.,0.,1.));
#589=IFCDIRECTION((7.5497901264043109E-08,0.99999999999999711,0.));
#590=IFCAXIS2PLACEMENT3D(#587,#588,#589);
#591=IFCLOCALPLACEMENT(#79,#590);
#602=IFCPROPERTYSET('38aSXSWHz6Ux2jmf021pRU',$,'EPset_Parametric',$,(#604));
#603=IFCRELDEFINESBYPROPERTIES('14y0Nr3WH8DRdsee4Yqntq',$,$,$,(#580),#602);
#604=IFCPROPERTYSINGLEVALUE('Engine',$,IFCLABEL('Bonsai.DumbLayer2'),$);
#605=IFCWALL('2e$iwTQL9DtBqzVh9ldKR9',$,'Wall',$,$,#864,#611,$,$);
#606=IFCMATERIALLAYERSETUSAGE(#82,.AXIS2.,.POSITIVE.,0.,$);
#607=IFCRELASSOCIATESMATERIAL('2tpb6xntf0hwjLeVOtGSKY',$,$,$,(#605),#606);
#611=IFCPRODUCTDEFINITIONSHAPE($,$,(#909,#906));
#627=IFCPROPERTYSET('06YtjrAMP2pgcAJz7hituu',$,'EPset_Parametric',$,(#629));
#628=IFCRELDEFINESBYPROPERTIES('3$1hMcg8zEQBkccnRpg6mX',$,$,$,(#605),#627);
#629=IFCPROPERTYSINGLEVALUE('Engine',$,IFCLABEL('Bonsai.DumbLayer2'),$);
#630=IFCWALL('3ff$FZQwv8Cun15CcbR76a',$,'Wall',$,$,#896,#636,$,$);
#631=IFCMATERIALLAYERSETUSAGE(#82,.AXIS2.,.POSITIVE.,0.,$);
#632=IFCRELASSOCIATESMATERIAL('0GfsD9uDj3FAx659isW_sB',$,$,$,(#630),#631);
#636=IFCPRODUCTDEFINITIONSHAPE($,$,(#936,#933));
#652=IFCPROPERTYSET('0l6TllMVn4VhY1bxqJEVGy',$,'EPset_Parametric',$,(#654));
#653=IFCRELDEFINESBYPROPERTIES('2o0Hm77lTDLADJV9K1tB_r',$,$,$,(#630),#652);
#654=IFCPROPERTYSINGLEVALUE('Engine',$,IFCLABEL('Bonsai.DumbLayer2'),$);
#655=IFCWALL('0jLBKz3LD4dO1JZLvB6Ymg',$,'Wall',$,$,#666,#661,$,$);
#656=IFCMATERIALLAYERSETUSAGE(#82,.AXIS2.,.POSITIVE.,0.,$);
#657=IFCRELASSOCIATESMATERIAL('2cQxqCR750CAE_bpUb$JuE',$,$,$,(#655),#656);
#661=IFCPRODUCTDEFINITIONSHAPE($,$,(#1232,#1229));
#662=IFCCARTESIANPOINT((0.77747714519500732,5.049931526184082,0.));
#663=IFCDIRECTION((0.,0.,1.));
#664=IFCDIRECTION((-0.99999999999992428,3.8941436741876494E-07,0.));
#665=IFCAXIS2PLACEMENT3D(#662,#663,#664);
#666=IFCLOCALPLACEMENT(#79,#665);
#677=IFCPROPERTYSET('0ePNsT4kr6wvuaUiDdNbmd',$,'EPset_Parametric',$,(#679));
#678=IFCRELDEFINESBYPROPERTIES('1k$EugyTHEd8RgmSlluD_8',$,$,$,(#655),#677);
#679=IFCPROPERTYSINGLEVALUE('Engine',$,IFCLABEL('Bonsai.DumbLayer2'),$);
#680=IFCWALL('1uu8iLCrn859JLNLc857wb',$,'Wall',$,$,#955,#686,$,$);
#681=IFCMATERIALLAYERSETUSAGE(#82,.AXIS2.,.POSITIVE.,0.,$);
#682=IFCRELASSOCIATESMATERIAL('2bX3K4bCv6jwilDCycTVE0',$,$,$,(#680),#681);
#686=IFCPRODUCTDEFINITIONSHAPE($,$,(#1162,#1159));
#702=IFCPROPERTYSET('1oKhO7Q6L2Qxqm8Sm$d8Ew',$,'EPset_Parametric',$,(#704));
#703=IFCRELDEFINESBYPROPERTIES('2kGKNTJLLC6uD12JrDa3ja',$,$,$,(#680),#702);
#704=IFCPROPERTYSINGLEVALUE('Engine',$,IFCLABEL('Bonsai.DumbLayer2'),$);
#705=IFCWALL('2uVDI5hA556BxIKecWH7Rn',$,'Wall',$,$,#987,#711,$,$);
#706=IFCMATERIALLAYERSETUSAGE(#82,.AXIS2.,.POSITIVE.,0.,$);
#707=IFCRELASSOCIATESMATERIAL('0ori0eCmX7mvuTOZXTjAh6',$,$,$,(#705),#706);
#711=IFCPRODUCTDEFINITIONSHAPE($,$,(#1032,#1029));
#727=IFCPROPERTYSET('0LWJ7PlF16VeU5tCW4M4uv',$,'EPset_Parametric',$,(#729));
#728=IFCRELDEFINESBYPROPERTIES('2xpExwOWj9axkEKNBtOWO6',$,$,$,(#705),#727);
#729=IFCPROPERTYSINGLEVALUE('Engine',$,IFCLABEL('Bonsai.DumbLayer2'),$);
#730=IFCWALL('2sTQcI0IXBJQZBPG1IBO7V',$,'Wall',$,$,#1019,#736,$,$);
#731=IFCMATERIALLAYERSETUSAGE(#82,.AXIS2.,.POSITIVE.,0.,$);
#732=IFCRELASSOCIATESMATERIAL('0TSPuTVkTFHfbvSL$NmgcA',$,$,$,(#730),#731);
#736=IFCPRODUCTDEFINITIONSHAPE($,$,(#2038,#2035));
#752=IFCPROPERTYSET('0KbY3dXXfFOfPzv855uMKx',$,'EPset_Parametric',$,(#754));
#753=IFCRELDEFINESBYPROPERTIES('1OfW3xmOnB8gNixyP9RryR',$,$,$,(#730),#752);
#754=IFCPROPERTYSINGLEVALUE('Engine',$,IFCLABEL('Bonsai.DumbLayer2'),$);
#846=IFCRELCONNECTSPATHELEMENTS('0KqfSNYFbFFOE6I2_dlIzl',$,$,$,$,#605,#580,(),(),.ATEND.,.ATSTART.);
#860=IFCCARTESIANPOINT((4.2274772838632062,6.4999322891235671,0.));
#861=IFCDIRECTION((0.,0.,1.));
#862=IFCDIRECTION((-0.99999999999998868,-1.5099580252808492E-07,0.));
#863=IFCAXIS2PLACEMENT3D(#860,#861,#862);
#864=IFCLOCALPLACEMENT(#79,#863);
#878=IFCRELCONNECTSPATHELEMENTS('3UyBqMgMH3euoGOhWTyWTk',$,$,$,$,#630,#605,(),(),.ATEND.,.ATSTART.);
#892=IFCCARTESIANPOINT((0.7774770259857211,6.4999317681880102,0.));
#893=IFCDIRECTION((0.,0.,1.));
#894=IFCDIRECTION((7.5497901264043123E-08,-0.99999999999999722,0.));
#895=IFCAXIS2PLACEMENT3D(#892,#893,#894);
#896=IFCLOCALPLACEMENT(#79,#895);
#897=IFCCARTESIANPOINTLIST2D(((0.,0.),(0.10000002264937295,0.10000000000000001),(3.3500002654273144,0.10000000000000001),(3.4500002578775244,0.)));
#898=IFCINDEXEDPOLYCURVE(#897,(IFCLINEINDEX((1,2,3,4,1))),$);
#899=IFCARBITRARYCLOSEDPROFILEDEF(.AREA.,$,#898);
#900=IFCCARTESIANPOINT((0.,0.,0.));
#901=IFCDIRECTION((0.,0.,1.));
#902=IFCDIRECTION((1.,0.,0.));
#903=IFCAXIS2PLACEMENT3D(#900,#901,#902);
#904=IFCDIRECTION((0.,0.,1.));
#905=IFCEXTRUDEDAREASOLID(#899,#903,#904,3.0099999904632568);
#906=IFCSHAPEREPRESENTATION(#11,'Body','SweptSolid',(#905));
#907=IFCCARTESIANPOINTLIST2D(((0.,0.),(3.4500002578775244,0.)));
#908=IFCINDEXEDPOLYCURVE(#907,$,$);
#909=IFCSHAPEREPRESENTATION(#23,'Axis','Curve2D',(#908));
#910=IFCRELCONNECTSPATHELEMENTS('2KIULb9XL3MBHs$feGtqBL',$,$,$,$,#655,#630,(),(),.ATEND.,.ATSTART.);
#924=IFCCARTESIANPOINTLIST2D(((0.,0.),(0.099999992450210171,0.10000000000000001),(1.5500002884951649,0.10000000000000001),(1.4500002420039273,0.)));
#925=IFCINDEXEDPOLYCURVE(#924,(IFCLINEINDEX((1,2,3,4,1))),$);
#926=IFCARBITRARYCLOSEDPROFILEDEF(.AREA.,$,#925);
#927=IFCCARTESIANPOINT((0.,0.,0.));
#928=IFCDIRECTION((0.,0.,1.));
#929=IFCDIRECTION((1.,0.,0.));
#930=IFCAXIS2PLACEMENT3D(#927,#928,#929);
#931=IFCDIRECTION((0.,0.,1.));
#932=IFCEXTRUDEDAREASOLID(#926,#930,#931,3.0099999904632568);
#933=IFCSHAPEREPRESENTATION(#11,'Body','SweptSolid',(#932));
#934=IFCCARTESIANPOINTLIST2D(((0.,0.),(1.4500002420039273,0.)));
#935=IFCINDEXEDPOLYCURVE(#934,$,$);
#936=IFCSHAPEREPRESENTATION(#23,'Axis','Curve2D',(#935));
#937=IFCRELCONNECTSPATHELEMENTS('27goglvhn2JRLwx9J5iRad',$,$,$,$,#680,#655,(),(),.ATEND.,.ATSTART.);
#951=IFCCARTESIANPOINT((-2.7725224494934766,5.0499329086049292,0.));
#952=IFCDIRECTION((0.,0.,1.));
#953=IFCDIRECTION((7.5497901264043123E-08,-0.99999999999999722,0.));
#954=IFCAXIS2PLACEMENT3D(#951,#952,#953);
#955=IFCLOCALPLACEMENT(#79,#954);
#969=IFCRELCONNECTSPATHELEMENTS('3fZRn7l0PAzPiooKmrcA5B',$,$,$,$,#705,#680,(),(),.ATEND.,.ATSTART.);
#983=IFCCARTESIANPOINT((-2.772522059924249,-0.11006784439086914,0.));
#984=IFCDIRECTION((0.,0.,1.));
#985=IFCDIRECTION((1.,0.,0.));
#986=IFCAXIS2PLACEMENT3D(#983,#984,#985);
#987=IFCLOCALPLACEMENT(#79,#986);
#1001=IFCRELCONNECTSPATHELEMENTS('1eQfs8bFr059eUOXCQy9LX',$,$,$,$,#730,#705,(),(),.ATEND.,.ATSTART.);
#1015=IFCCARTESIANPOINT((0.20747804641722656,-0.11006784439086914,0.));
#1016=IFCDIRECTION((0.,0.,1.));
#1017=IFCDIRECTION((-4.3711388286737889E-08,-0.99999999999999911,0.));
#1018=IFCAXIS2PLACEMENT3D(#1015,#1016,#1017);
#1019=IFCLOCALPLACEMENT(#79,#1018);
#1020=IFCCARTESIANPOINTLIST2D(((0.,0.),(0.099999992450210171,0.10000000000000001),(3.0800001107126147,0.10000000000000001),(2.9800001063414756,0.)));
#1021=IFCINDEXEDPOLYCURVE(#1020,(IFCLINEINDEX((1,2,3,4,1))),$);
#1022=IFCARBITRARYCLOSEDPROFILEDEF(.AREA.,$,#1021);
#1023=IFCCARTESIANPOINT((0.,0.,0.));
#1024=IFCDIRECTION((0.,0.,1.));
#1025=IFCDIRECTION((1.,0.,0.));
#1026=IFCAXIS2PLACEMENT3D(#1023,#1024,#1025);
#1027=IFCDIRECTION((0.,0.,1.));
#1028=IFCEXTRUDEDAREASOLID(#1022,#1026,#1027,3.0099999904632568);
#1029=IFCSHAPEREPRESENTATION(#11,'Body','SweptSolid',(#1028));
#1030=IFCCARTESIANPOINTLIST2D(((0.,0.),(2.9800001063414756,0.)));
#1031=IFCINDEXEDPOLYCURVE(#1030,$,$);
#1032=IFCSHAPEREPRESENTATION(#23,'Axis','Curve2D',(#1031));
#1033=IFCWALL('1JdgexMGHFK8QA$Yh1Fscw',$,'Wall',$,$,#1044,#1039,$,$);
#1034=IFCMATERIALLAYERSETUSAGE(#82,.AXIS2.,.POSITIVE.,0.,$);
#1035=IFCRELASSOCIATESMATERIAL('0qsPvV2Uv4sxgqVz1SM3Dj',$,$,$,(#1033),#1034);
#1039=IFCPRODUCTDEFINITIONSHAPE($,$,(#1135,#1132));
#1040=IFCCARTESIANPOINT((0.30747804045677185,-0.010067835450172424,0.));
#1041=IFCDIRECTION((0.,0.,1.));
#1042=IFCDIRECTION((7.5497901264043109E-08,0.99999999999999711,0.));
#1043=IFCAXIS2PLACEMENT3D(#1040,#1041,#1042);
#1044=IFCLOCALPLACEMENT(#79,#1043);
#1055=IFCPROPERTYSET('1uf00wYpvAsfQs8RP2UMAk',$,'EPset_Parametric',$,(#1057));
#1056=IFCRELDEFINESBYPROPERTIES('0oGcNj6CfBcO9hWVQDqp_k',$,$,$,(#1033),#1055);
#1057=IFCPROPERTYSINGLEVALUE('Engine',$,IFCLABEL('Bonsai.DumbLayer2'),$);
#1058=IFCWALL('07xrHg1fT28wCh_XJ4IG$Q',$,'Wall',$,$,#1069,#1064,$,$);
#1059=IFCMATERIALLAYERSETUSAGE(#82,.AXIS2.,.POSITIVE.,0.,$);
#1060=IFCRELASSOCIATESMATERIAL('1VppucVqL9TOVigqJI2uqE',$,$,$,(#1058),#1059);
#1064=IFCPRODUCTDEFINITIONSHAPE($,$,(#1149,#1146));
#1065=IFCCARTESIANPOINT((0.30747824907302856,2.6399321556091309,0.));
#1066=IFCDIRECTION((0.,0.,1.));
#1067=IFCDIRECTION((-0.99999999999998868,-1.5099580252808492E-07,0.));
#1068=IFCAXIS2PLACEMENT3D(#1065,#1066,#1067);
#1069=IFCLOCALPLACEMENT(#79,#1068);
#1080=IFCPROPERTYSET('11gFiJ2cX9QxdgP4JTDeAj',$,'EPset_Parametric',$,(#1082));
#1081=IFCRELDEFINESBYPROPERTIES('1VWOmIt3TCN9Aswtlw3ngL',$,$,$,(#1058),#1080);
#1082=IFCPROPERTYSINGLEVALUE('Engine',$,IFCLABEL('Bonsai.DumbLayer2'),$);
#1109=IFCRELCONNECTSPATHELEMENTS('12T1Jsf39B7xHBPArjd0JF',$,$,$,$,#1058,#1033,(),(),.ATEND.,.ATSTART.);
#1123=IFCCARTESIANPOINTLIST2D(((0.,0.),(0.,0.10000000000000001),(2.5499999684099364,0.10000000000000001),(2.6499999910593095,0.)));
#1124=IFCINDEXEDPOLYCURVE(#1123,(IFCLINEINDEX((1,2,3,4,1))),$);
#1125=IFCARBITRARYCLOSEDPROFILEDEF(.AREA.,$,#1124);
#1126=IFCCARTESIANPOINT((0.,0.,0.));
#1127=IFCDIRECTION((0.,0.,1.));
#1128=IFCDIRECTION((1.,0.,0.));
#1129=IFCAXIS2PLACEMENT3D(#1126,#1127,#1128);
#1130=IFCDIRECTION((0.,0.,1.));
#1131=IFCEXTRUDEDAREASOLID(#1125,#1129,#1130,3.0099999904632568);
#1132=IFCSHAPEREPRESENTATION(#11,'Body','SweptSolid',(#1131));
#1133=IFCCARTESIANPOINTLIST2D(((0.,0.),(2.6499999910593095,0.)));
#1134=IFCINDEXEDPOLYCURVE(#1133,$,$);
#1135=IFCSHAPEREPRESENTATION(#23,'Axis','Curve2D',(#1134));
#1136=IFCRELCONNECTSPATHELEMENTS('06D_mcnN15qx_sJExWesuN',$,$,$,$,#1058,#680,(),(),.ATPATH.,.ATEND.);
#1137=IFCCARTESIANPOINTLIST2D(((0.,0.),(0.10000002264937295,0.10000000000000001),(2.9800005156194769,0.10000000000000001),(2.9800005080696867,0.)));
#1138=IFCINDEXEDPOLYCURVE(#1137,(IFCLINEINDEX((1,2,3,4,1))),$);
#1139=IFCARBITRARYCLOSEDPROFILEDEF(.AREA.,$,#1138);
#1140=IFCCARTESIANPOINT((0.,0.,0.));
#1141=IFCDIRECTION((0.,0.,1.));
#1142=IFCDIRECTION((1.,0.,0.));
#1143=IFCAXIS2PLACEMENT3D(#1140,#1141,#1142);
#1144=IFCDIRECTION((0.,0.,1.));
#1145=IFCEXTRUDEDAREASOLID(#1139,#1143,#1144,3.0099999904632568);
#1146=IFCSHAPEREPRESENTATION(#11,'Body','SweptSolid',(#1145));
#1147=IFCCARTESIANPOINTLIST2D(((0.,0.),(3.0800005080696873,0.)));
#1148=IFCINDEXEDPOLYCURVE(#1147,$,$);
#1149=IFCSHAPEREPRESENTATION(#23,'Axis','Curve2D',(#1148));
#1150=IFCCARTESIANPOINTLIST2D(((0.,0.),(0.10000004649123768,0.10000000000000001),(5.0600007605456021,0.10000000000000001),(5.1600007529958125,0.)));
#1151=IFCINDEXEDPOLYCURVE(#1150,(IFCLINEINDEX((1,2,3,4,1))),$);
#1152=IFCARBITRARYCLOSEDPROFILEDEF(.AREA.,$,#1151);
#1153=IFCCARTESIANPOINT((0.,0.,0.));
#1154=IFCDIRECTION((0.,0.,1.));
#1155=IFCDIRECTION((1.,0.,0.));
#1156=IFCAXIS2PLACEMENT3D(#1153,#1154,#1155);
#1157=IFCDIRECTION((0.,0.,1.));
#1158=IFCEXTRUDEDAREASOLID(#1152,#1156,#1157,3.0099999904632568);
#1159=IFCSHAPEREPRESENTATION(#11,'Body','SweptSolid',(#1158));
#1160=IFCCARTESIANPOINTLIST2D(((0.,0.),(5.1600007529958125,0.)));
#1161=IFCINDEXEDPOLYCURVE(#1160,$,$);
#1162=IFCSHAPEREPRESENTATION(#23,'Axis','Curve2D',(#1161));
#1163=IFCWALL('3ssqzb2Lb7XutMOTeZG8cM',$,'Wall',$,$,#1205,#1169,$,$);
#1164=IFCMATERIALLAYERSETUSAGE(#82,.AXIS2.,.POSITIVE.,0.,$);
#1165=IFCRELASSOCIATESMATERIAL('0UBn0oX$PEIu7ZEtR5d4eR',$,$,$,(#1163),#1164);
#1169=IFCPRODUCTDEFINITIONSHAPE($,$,(#1918,#1915));
#1185=IFCPROPERTYSET('3um$fbNpP5WvFSTcUvm3ng',$,'EPset_Parametric',$,(#1187));
#1186=IFCRELDEFINESBYPROPERTIES('2k7HdU1LD1ROE1ZDyxeWqg',$,$,$,(#1163),#1185);
#1187=IFCPROPERTYSINGLEVALUE('Engine',$,IFCLABEL('Bonsai.DumbLayer2'),$);
#1201=IFCCARTESIANPOINT((-1.1850378513336182,2.6399321556091309,0.));
#1202=IFCDIRECTION((0.,0.,1.));
#1203=IFCDIRECTION((1.9470718370939353E-07,0.99999999999998113,0.));
#1204=IFCAXIS2PLACEMENT3D(#1201,#1202,#1203);
#1205=IFCLOCALPLACEMENT(#79,#1204);
#1206=IFCRELCONNECTSPATHELEMENTS('36eFA66WjFpflTOwE_4uQD',$,$,$,$,#1163,#655,(),(),.ATPATH.,.ATEND.);
#1220=IFCCARTESIANPOINTLIST2D(((0.,0.),(-0.10000004649123767,0.10000000000000001),(3.4499995384602045,0.10000000000000001),(3.5499995849514421,0.)));
#1221=IFCINDEXEDPOLYCURVE(#1220,(IFCLINEINDEX((1,2,3,4,1))),$);
#1222=IFCARBITRARYCLOSEDPROFILEDEF(.AREA.,$,#1221);
#1223=IFCCARTESIANPOINT((0.,0.,0.));
#1224=IFCDIRECTION((0.,0.,1.));
#1225=IFCDIRECTION((1.,0.,0.));
#1226=IFCAXIS2PLACEMENT3D(#1223,#1224,#1225);
#1227=IFCDIRECTION((0.,0.,1.));
#1228=IFCEXTRUDEDAREASOLID(#1222,#1226,#1227,3.0099999904632568);
#1229=IFCSHAPEREPRESENTATION(#11,'Body','SweptSolid',(#1228));
#1230=IFCCARTESIANPOINTLIST2D(((0.,0.),(3.5499995849514421,0.)));
#1231=IFCINDEXEDPOLYCURVE(#1230,$,$);
#1232=IFCSHAPEREPRESENTATION(#23,'Axis','Curve2D',(#1231));
#1774=IFCWALL('2bsaq_Ke1DKflGToAnkRKN',$,'Wall',$,$,#1992,#1780,$,$);
#1775=IFCMATERIALLAYERSETUSAGE(#82,.AXIS2.,.POSITIVE.,0.,$);
#1776=IFCRELASSOCIATESMATERIAL('3urJrfc9r3XQXlFD1xOlbl',$,$,$,(#1774),#1775);
#1780=IFCPRODUCTDEFINITIONSHAPE($,$,(#2006,#2003));
#1796=IFCPROPERTYSET('3$QmzrOLbCjxKC4EpVIhdV',$,'EPset_Parametric',$,(#1798));
#1797=IFCRELDEFINESBYPROPERTIES('1tK$XSTp51b8JOiyWe54fL',$,$,$,(#1774),#1796);
#1798=IFCPROPERTYSINGLEVALUE('Engine',$,IFCLABEL('Bonsai.DumbLayer2'),$);
#1799=IFCWALL('0Nl3vK7qr5cAIKrn7zkLue',$,'Wall',$,$,#2024,#1805,$,$);
#1800=IFCMATERIALLAYERSETUSAGE(#82,.AXIS2.,.POSITIVE.,0.,$);
#1801=IFCRELASSOCIATESMATERIAL('3WNVrtAoj31gv2Y9q1rh$2',$,$,$,(#1799),#1800);
#1805=IFCPRODUCTDEFINITIONSHAPE($,$,(#2019,#2016));
#1821=IFCPROPERTYSET('0gQ0ZqYfHBZhfzamAgUxdk',$,'EPset_Parametric',$,(#1823));
#1822=IFCRELDEFINESBYPROPERTIES('0dbQv9yUz5zA7gkW3hh3KR',$,$,$,(#1799),#1821);
#1823=IFCPROPERTYSINGLEVALUE('Engine',$,IFCLABEL('Bonsai.DumbLayer2'),$);
#1887=IFCRELCONNECTSPATHELEMENTS('2jWGstwab00udZf3Ylsnxz',$,$,$,$,#1799,#1163,(),(),.ATPATH.,.ATEND.);
#1906=IFCCARTESIANPOINTLIST2D(((0.,0.),(0.,0.10000000000000001),(2.3100001542770667,0.10000000000000001),(2.3100001348063484,0.)));
#1907=IFCINDEXEDPOLYCURVE(#1906,(IFCLINEINDEX((1,2,3,4,1))),$);
#1908=IFCARBITRARYCLOSEDPROFILEDEF(.AREA.,$,#1907);
#1909=IFCCARTESIANPOINT((0.,0.,0.));
#1910=IFCDIRECTION((0.,0.,1.));
#1911=IFCDIRECTION((1.,0.,0.));
#1912=IFCAXIS2PLACEMENT3D(#1909,#1910,#1911);
#1913=IFCDIRECTION((0.,0.,1.));
#1914=IFCEXTRUDEDAREASOLID(#1908,#1912,#1913,3.0099999904632568);
#1915=IFCSHAPEREPRESENTATION(#11,'Body','SweptSolid',(#1914));
#1916=IFCCARTESIANPOINTLIST2D(((0.,0.),(2.4100001348063502,0.)));
#1917=IFCINDEXEDPOLYCURVE(#1916,$,$);
#1918=IFCSHAPEREPRESENTATION(#23,'Axis','Curve2D',(#1917));
#1988=IFCCARTESIANPOINT((0.77747714519500732,4.9499316215515137,0.));
#1989=IFCDIRECTION((0.,0.,1.));
#1990=IFCDIRECTION((1.9470718370939353E-07,-0.99999999999998113,0.));
#1991=IFCAXIS2PLACEMENT3D(#1988,#1989,#1990);
#1992=IFCLOCALPLACEMENT(#79,#1991);
#1993=IFCRELCONNECTSPATHELEMENTS('3hXldAYlf9C9Af$8w$dUsS',$,$,$,$,#1774,#1799,(),(),.ATSTART.,.ATEND.);
#1994=IFCCARTESIANPOINTLIST2D(((0.,0.),(0.,0.10000000000000001),(1.4899999248978526,0.10000000000000001),(1.3899998664856803,0.)));
#1995=IFCINDEXEDPOLYCURVE(#1994,(IFCLINEINDEX((1,2,3,4,1))),$);
#1996=IFCARBITRARYCLOSEDPROFILEDEF(.AREA.,$,#1995);
#1997=IFCCARTESIANPOINT((0.,0.,0.));
#1998=IFCDIRECTION((0.,0.,1.));
#1999=IFCDIRECTION((1.,0.,0.));
#2000=IFCAXIS2PLACEMENT3D(#1997,#1998,#1999);
#2001=IFCDIRECTION((0.,0.,1.));
#2002=IFCEXTRUDEDAREASOLID(#1996,#2000,#2001,3.0099999904632568);
#2003=IFCSHAPEREPRESENTATION(#11,'Body','SweptSolid',(#2002));
#2004=IFCCARTESIANPOINTLIST2D(((0.,0.),(1.3899998664856803,0.)));
#2005=IFCINDEXEDPOLYCURVE(#2004,$,$);
#2006=IFCSHAPEREPRESENTATION(#23,'Axis','Curve2D',(#2005));
#2007=IFCCARTESIANPOINTLIST2D(((0.,0.),(-0.10000005841217217,0.10000000000000001),(1.962515068570335,0.10000000000000001),(1.9625150880410533,0.)));
#2008=IFCINDEXEDPOLYCURVE(#2007,(IFCLINEINDEX((1,2,3,4,1))),$);
#2009=IFCARBITRARYCLOSEDPROFILEDEF(.AREA.,$,#2008);
#2010=IFCCARTESIANPOINT((0.,0.,0.));
#2011=IFCDIRECTION((0.,0.,1.));
#2012=IFCDIRECTION((1.,0.,0.));
#2013=IFCAXIS2PLACEMENT3D(#2010,#2011,#2012);
#2014=IFCDIRECTION((0.,0.,1.));
#2015=IFCEXTRUDEDAREASOLID(#2009,#2013,#2014,3.0099999904632568);
#2016=IFCSHAPEREPRESENTATION(#11,'Body','SweptSolid',(#2015));
#2017=IFCCARTESIANPOINTLIST2D(((0.,0.),(1.9625150880410533,0.)));
#2018=IFCINDEXEDPOLYCURVE(#2017,$,$);
#2019=IFCSHAPEREPRESENTATION(#23,'Axis','Curve2D',(#2018));
#2020=IFCCARTESIANPOINT((0.77747741583796681,3.5599317550658593,0.));
#2021=IFCDIRECTION((0.,0.,1.));
#2022=IFCDIRECTION((-0.99999999999992428,3.8941436741876494E-07,0.));
#2023=IFCAXIS2PLACEMENT3D(#2020,#2021,#2022);
#2024=IFCLOCALPLACEMENT(#79,#2023);
#2025=IFCRELCONNECTSPATHELEMENTS('0sPnuJR85Fnh$seZ6CrMAh',$,$,$,$,#730,#87,(),(),.ATSTART.,.ATEND.);
#2026=IFCCARTESIANPOINTLIST2D(((0.,0.),(-0.10000000437113893,0.10000000000000001),(2.3900002435841849,0.10000000000000001),(2.490000247955324,0.)));
#2027=IFCINDEXEDPOLYCURVE(#2026,(IFCLINEINDEX((1,2,3,4,1))),$);
#2028=IFCARBITRARYCLOSEDPROFILEDEF(.AREA.,$,#2027);
#2029=IFCCARTESIANPOINT((0.,0.,0.));
#2030=IFCDIRECTION((0.,0.,1.));
#2031=IFCDIRECTION((1.,0.,0.));
#2032=IFCAXIS2PLACEMENT3D(#2029,#2030,#2031);
#2033=IFCDIRECTION((0.,0.,1.));
#2034=IFCEXTRUDEDAREASOLID(#2028,#2032,#2033,3.0099999904632568);
#2035=IFCSHAPEREPRESENTATION(#11,'Body','SweptSolid',(#2034));
#2036=IFCCARTESIANPOINTLIST2D(((0.,0.),(2.490000247955324,0.)));
#2037=IFCINDEXEDPOLYCURVE(#2036,$,$);
#2038=IFCSHAPEREPRESENTATION(#23,'Axis','Curve2D',(#2037));
#2052=IFCCARTESIANPOINT((0.20747793757585889,-2.6000680923461914,0.));
#2053=IFCDIRECTION((0.,0.,1.));
#2054=IFCDIRECTION((1.,0.,0.));
#2055=IFCAXIS2PLACEMENT3D(#2052,#2053,#2054);
#2056=IFCLOCALPLACEMENT(#79,#2055);
#2057=IFCRELCONNECTSPATHELEMENTS('1am8UmQhv0QP$hbHoM1Wdj',$,$,$,$,#87,#580,(),(),.ATSTART.,.ATEND.);
#2058=IFCCARTESIANPOINTLIST2D(((0.,0.),(0.10000000437113894,0.10000000000000001),(3.9199986668062068,0.10000000000000001),(4.0199986592564168,0.)));
#2059=IFCINDEXEDPOLYCURVE(#2058,(IFCLINEINDEX((1,2,3,4,1))),$);
#2060=IFCARBITRARYCLOSEDPROFILEDEF(.AREA.,$,#2059);
#2061=IFCCARTESIANPOINT((0.,0.,0.));
#2062=IFCDIRECTION((0.,0.,1.));
#2063=IFCDIRECTION((1.,0.,0.));
#2064=IFCAXIS2PLACEMENT3D(#2061,#2062,#2063);
#2065=IFCDIRECTION((0.,0.,1.));
#2066=IFCEXTRUDEDAREASOLID(#2060,#2064,#2065,3.);
#2067=IFCSHAPEREPRESENTATION(#11,'Body','SweptSolid',(#2066));
#2068=IFCCARTESIANPOINTLIST2D(((0.,0.),(4.0199986592564168,0.)));
#2069=IFCINDEXEDPOLYCURVE(#2068,$,$);
#2070=IFCSHAPEREPRESENTATION(#23,'Axis','Curve2D',(#2069));
#2071=IFCCARTESIANPOINTLIST2D(((0.,0.),(0.099999992450210157,0.10000000000000001),(9.0000003588204098,0.10000000000000001),(9.1000003814697834,0.)));
#2072=IFCINDEXEDPOLYCURVE(#2071,(IFCLINEINDEX((1,2,3,4,1))),$);
#2073=IFCARBITRARYCLOSEDPROFILEDEF(.AREA.,$,#2072);
#2074=IFCCARTESIANPOINT((0.,0.,0.));
#2075=IFCDIRECTION((0.,0.,1.));
#2076=IFCDIRECTION((1.,0.,0.));
#2077=IFCAXIS2PLACEMENT3D(#2074,#2075,#2076);
#2078=IFCDIRECTION((0.,0.,1.));
#2079=IFCEXTRUDEDAREASOLID(#2073,#2077,#2078,3.0099999904632568);
#2080=IFCSHAPEREPRESENTATION(#11,'Body','SweptSolid',(#2079));
#2081=IFCCARTESIANPOINTLIST2D(((0.,0.),(9.1000003814697834,0.)));
#2082=IFCINDEXEDPOLYCURVE(#2081,$,$);
#2083=IFCSHAPEREPRESENTATION(#23,'Axis','Curve2D',(#2082));
#2084=IFCSLABTYPE('04XtkK2Nr3uuCBClGJIjZ_',$,'Slab',$,$,(#2088),$,$,$,.FLOOR.);
#2085=IFCMATERIALLAYERSET((#2087),$,$);
#2086=IFCRELASSOCIATESMATERIAL('1OBOdljZL3MRs$LibeNJPL',$,$,$,(#2084),#2085);
#2087=IFCMATERIALLAYER(#81,0.10000000000000001,$,$,$,$,$);
#2088=IFCPROPERTYSET('3Bfcp6UunF9wacZ5Evt59c',$,'EPset_Parametric',$,(#2089));
#2089=IFCPROPERTYSINGLEVALUE('LayerSetDirection',$,IFCLABEL('AXIS3'),$);
#2113=IFCSLAB('3a$yN7PETEsfOYos1wFB9I',$,'Slab',$,$,#2121,#2128,$,$);
#2114=IFCRELDEFINESBYTYPE('2uo2oM19HCLQaJPMo8cmBO',$,$,$,(#2113,#10682,#7146),#2084);
#2115=IFCMATERIALLAYERSETUSAGE(#2085,.AXIS3.,.POSITIVE.,-0.10000000149011612,$);
#2116=IFCRELASSOCIATESMATERIAL('2XiDbbi1nDoftSXpiWljvl',$,$,$,(#2113),#2115);
#2117=IFCCARTESIANPOINT((4.2274770736694336,6.4999322891235352,0.));
#2118=IFCDIRECTION((0.,0.,1.));
#2119=IFCDIRECTION((1.,0.,0.));
#2120=IFCAXIS2PLACEMENT3D(#2117,#2118,#2119);
#2121=IFCLOCALPLACEMENT(#79,#2120);
#2122=IFCCARTESIANPOINTLIST2D(((0.,0.),(-3.4500000476837158,-4.76837158203125E-07),(-3.4499998092651367,-1.4500007629394531),(-6.9999995231628418,-1.4499993324279785),(-7.,-6.6099786758422852),(-4.0200185775756836,-6.609978199005127),(-4.0200185775756836,-9.1000299453735352),(-6.008148193359375E-05,-9.1000299453735352),(0.,0.)));
#2123=IFCINDEXEDPOLYCURVE(#2122,$,$);
#2124=IFCDIRECTION((0.,0.,1.));
#2125=IFCARBITRARYCLOSEDPROFILEDEF(.AREA.,$,#2123);
#2126=IFCEXTRUDEDAREASOLID(#2125,#2135,#2124,0.10000000000000001);
#2127=IFCSHAPEREPRESENTATION(#11,'Body','SweptSolid',(#2126));
#2128=IFCPRODUCTDEFINITIONSHAPE($,$,(#2127));
#2129=IFCPROPERTYSET('3f4s7OYKH53PRh9nxpoipN',$,'EPset_Parametric',$,(#2131));
#2130=IFCRELDEFINESBYPROPERTIES('0p4Y9oKbf9rAQKeg1$OJSq',$,$,$,(#2113),#2129);
#2131=IFCPROPERTYSINGLEVALUE('Engine',$,IFCLABEL('Bonsai.DumbLayer3'),$);
#2132=IFCCARTESIANPOINT((-0.,-0.,-0.10000000149011612));
#2133=IFCDIRECTION((0.,0.,1.));
#2134=IFCDIRECTION((1.,0.,0.));
#2135=IFCAXIS2PLACEMENT3D(#2132,#2133,#2134);
#2136=IFCDOORTYPE('0AweF4asf9P8oBKruWFrfj',$,'Main-GF',$,$,(#2137),(#2146,#2224,#2243),$,$,.DOOR.,.SINGLE_SWING_LEFT.,$,$);
#2137=IFCPROPERTYSET('0ZH49WwZD1WADD0zYFjdfo',$,'BBIM_Door',$,(#2138));
#2138=IFCPROPERTYSINGLEVALUE('Data',$,IFCTEXT('{"door_type": "SINGLE_SWING_LEFT", "overall_height": 2.0, "overall_width": 0.8999999761581421, "lining_properties": {"lining_depth": 0.05000000074505806, "lining_thickness": 0.05000000074505806, "lining_offset": 0.0, "lining_to_panel_offset_x": 0.02500000037252903, "lining_to_panel_offset_y": 0.02500000037252903, "transom_thickness": 0.0, "casing_thickness": 0.07500000298023224, "casing_depth": 0.004999999888241291, "threshold_thickness": 0.02500000037252903, "threshold_depth": 0.10000000149011612, "threshold_offset": 0.0}, "panel_properties": {"panel_depth": 0.03500000014901161, "panel_width_ratio": 1.0}}'),$);
#2139=IFCCARTESIANPOINTLIST3D(((0.,0.,0.),(0.89999997615814209,0.,0.),(0.89999997615814209,0.,2.),(0.,0.,2.)));
#2140=IFCINDEXEDPOLYCURVE(#2139,(IFCLINEINDEX((1,2,3,4,1))),$);
#2141=IFCSHAPEREPRESENTATION(#18,'Profile','Curve3D',(#2140));
#2142=IFCCARTESIANPOINT((0.,0.,0.));
#2143=IFCDIRECTION((1.,0.,0.));
#2144=IFCDIRECTION((0.,0.,1.));
#2145=IFCAXIS2PLACEMENT3D(#2142,#2144,#2143);
#2146=IFCREPRESENTATIONMAP(#2145,#2141);
#2147=IFCCARTESIANPOINTLIST2D(((0.,0.),(0.,2.),(0.89999997615814209,2.),(0.89999997615814209,0.),(0.87499997578561306,0.),(0.87499997578561306,1.974999999627471),(0.02500000037252903,1.974999999627471),(0.02500000037252903,0.)));
#2148=IFCINDEXEDPOLYCURVE(#2147,(IFCLINEINDEX((1,2,3,4,5,6,7,8,1))),$);
#2149=IFCARBITRARYCLOSEDPROFILEDEF(.AREA.,$,#2148);
#2150=IFCCARTESIANPOINT((0.,0.02500000037252903,0.));
#2151=IFCDIRECTION((0.,-1.,0.));
#2152=IFCDIRECTION((1.,0.,0.));
#2153=IFCAXIS2PLACEMENT3D(#2150,#2151,#2152);
#2154=IFCDIRECTION((0.,0.,-1.));
#2155=IFCEXTRUDEDAREASOLID(#2149,#2153,#2154,0.02500000037252903);
#2156=IFCCARTESIANPOINTLIST2D(((0.,0.),(0.,2.),(0.89999997615814209,2.),(0.89999997615814209,0.),(0.84999997541308403,0.),(0.84999997541308403,1.9499999992549419),(0.05000000074505806,1.9499999992549419),(0.05000000074505806,0.)));
#2157=IFCINDEXEDPOLYCURVE(#2156,(IFCLINEINDEX((1,2,3,4,5,6,7,8,1))),$);
#2158=IFCARBITRARYCLOSEDPROFILEDEF(.AREA.,$,#2157);
#2159=IFCCARTESIANPOINT((0.,0.,0.));
#2160=IFCDIRECTION((0.,-1.,0.));
#2161=IFCDIRECTION((1.,0.,0.));
#2162=IFCAXIS2PLACEMENT3D(#2159,#2160,#2161);
#2163=IFCDIRECTION((0.,0.,-1.));
#2164=IFCEXTRUDEDAREASOLID(#2158,#2162,#2163,0.02500000037252903);
#2165=IFCCARTESIANPOINTLIST2D(((0.,0.),(0.79999997466802597,0.),(0.79999997466802597,0.10000000149011612),(0.,0.10000000149011612)));
#2166=IFCINDEXEDPOLYCURVE(#2165,(IFCLINEINDEX((1,2,3,4,1))),$);
#2167=IFCARBITRARYCLOSEDPROFILEDEF(.AREA.,$,#2166);
#2168=IFCCARTESIANPOINT((0.05000000074505806,0.,0.));
#2169=IFCDIRECTION((0.,0.,1.));
#2170=IFCDIRECTION((1.,0.,0.));
#2171=IFCAXIS2PLACEMENT3D(#2168,#2169,#2170);
#2172=IFCDIRECTION((0.,0.,1.));
#2173=IFCEXTRUDEDAREASOLID(#2167,#2171,#2172,0.02500000037252903);
#2174=IFCCARTESIANPOINTLIST2D(((0.,0.),(0.,2.0250000022351742),(0.94999998062849045,2.0250000022351742),(0.94999998062849045,0.),(0.87499997764825821,0.),(0.87499997764825821,1.9499999992549419),(0.075000002980232239,1.9499999992549419),(0.075000002980232239,0.)));
#2175=IFCINDEXEDPOLYCURVE(#2174,(IFCLINEINDEX((1,2,3,4,5,6,7,8,1))),$);
#2176=IFCARBITRARYCLOSEDPROFILEDEF(.AREA.,$,#2175);
#2177=IFCCARTESIANPOINT((-0.025000002235174179,-0.004999999888241291,0.));
#2178=IFCDIRECTION((0.,-1.,0.));
#2179=IFCDIRECTION((1.,0.,0.));
#2180=IFCAXIS2PLACEMENT3D(#2177,#2178,#2179);
#2181=IFCDIRECTION((0.,0.,-1.));
#2182=IFCEXTRUDEDAREASOLID(#2176,#2180,#2181,0.004999999888241291);
#2183=IFCCARTESIANPOINTLIST2D(((0.,0.),(0.,2.0250000022351742),(0.94999998062849045,2.0250000022351742),(0.94999998062849045,0.),(0.89999997802078724,0.),(0.89999997802078724,1.974999999627471),(0.050000002607703209,1.974999999627471),(0.050000002607703209,0.)));
#2184=IFCINDEXEDPOLYCURVE(#2183,(IFCLINEINDEX((1,2,3,4,5,6,7,8,1))),$);
#2185=IFCARBITRARYCLOSEDPROFILEDEF(.AREA.,$,#2184);
#2186=IFCCARTESIANPOINT((-0.025000002235174179,0.05000000074505806,0.));
#2187=IFCDIRECTION((0.,-1.,0.));
#2188=IFCDIRECTION((1.,0.,0.));
#2189=IFCAXIS2PLACEMENT3D(#2186,#2187,#2188);
#2190=IFCDIRECTION((0.,0.,-1.));
#2191=IFCEXTRUDEDAREASOLID(#2185,#2189,#2190,0.004999999888241291);
#2192=IFCCARTESIANPOINTLIST2D(((0.,0.),(0.84999997541308403,0.),(0.84999997541308403,0.035000000149011612),(0.,0.035000000149011612)));
#2193=IFCINDEXEDPOLYCURVE(#2192,(IFCLINEINDEX((1,2,3,4,1))),$);
#2194=IFCARBITRARYCLOSEDPROFILEDEF(.AREA.,$,#2193);
#2195=IFCCARTESIANPOINT((0.02500000037252903,0.02500000037252903,0.02500000037252903));
#2196=IFCDIRECTION((0.,0.,1.));
#2197=IFCDIRECTION((1.,0.,0.));
#2198=IFCAXIS2PLACEMENT3D(#2195,#2196,#2197);
#2199=IFCDIRECTION((0.,0.,1.));
#2200=IFCEXTRUDEDAREASOLID(#2194,#2198,#2199,1.9499999992549419);
#2201=IFCCARTESIANPOINTLIST2D(((0.,0.),(0.,-0.040000000000000001),(-0.11999999999999988,-0.040000000000000001),(-0.11999999999999988,-0.02),(-0.020000000000000018,-0.02),(-0.020000000000000018,0.)));
#2202=IFCINDEXEDPOLYCURVE(#2201,(IFCLINEINDEX((1,2,3,4,5,6,1))),$);
#2203=IFCARBITRARYCLOSEDPROFILEDEF(.AREA.,$,#2202);
#2204=IFCCARTESIANPOINT((0.82499997578561302,0.02500000037252903,1.015000000372529));
#2205=IFCDIRECTION((0.,0.,1.));
#2206=IFCDIRECTION((1.,0.,0.));
#2207=IFCAXIS2PLACEMENT3D(#2204,#2205,#2206);
#2208=IFCDIRECTION((0.,0.,1.));
#2209=IFCEXTRUDEDAREASOLID(#2203,#2207,#2208,0.02);
#2210=IFCEXTRUDEDAREASOLID(#2211,#2214,#2218,0.02);
#2211=IFCARBITRARYCLOSEDPROFILEDEF(.AREA.,$,#2212);
#2212=IFCINDEXEDPOLYCURVE(#2213,(IFCLINEINDEX((1,2,3,4,5,6,1))),$);
#2213=IFCCARTESIANPOINTLIST2D(((0.,0.),(0.,0.040000000000000008),(-0.11999999999999988,0.040000000000000008),(-0.11999999999999988,0.020000000000000004),(-0.020000000000000018,0.020000000000000004),(-0.020000000000000018,0.)));
#2214=IFCAXIS2PLACEMENT3D(#2215,#2216,#2217);
#2215=IFCCARTESIANPOINT((0.82499997578561302,0.060000000521540642,1.015000000372529));
#2216=IFCDIRECTION((0.,0.,1.));
#2217=IFCDIRECTION((1.,0.,0.));
#2218=IFCDIRECTION((0.,0.,1.));
#2219=IFCSHAPEREPRESENTATION(#11,'Body','SweptSolid',(#2155,#2164,#2200,#2209,#2210,#2173,#2182,#2191));
#2220=IFCCARTESIANPOINT((0.,0.,0.));
#2221=IFCDIRECTION((1.,0.,0.));
#2222=IFCDIRECTION((0.,0.,1.));
#2223=IFCAXIS2PLACEMENT3D(#2220,#2222,#2221);
#2224=IFCREPRESENTATIONMAP(#2223,#2219);
#2225=IFCCARTESIANPOINTLIST2D(((0.,0.),(0.,0.05000000074505806),(0.02500000037252903,0.05000000074505806),(0.02500000037252903,0.02500000037252903),(0.05000000074505806,0.02500000037252903),(0.05000000074505806,0.)));
#2226=IFCINDEXEDPOLYCURVE(#2225,(IFCLINEINDEX((1,2,3,4,5,6,1))),$);
#2227=IFCINDEXEDPOLYCURVE(#2228,(IFCLINEINDEX((1,2,3,4,5,6,1))),$);
#2228=IFCCARTESIANPOINTLIST2D(((0.89999997615814209,0.),(0.89999997615814209,0.05000000074505806),(0.87499997578561306,0.05000000074505806),(0.87499997578561306,0.02500000037252903),(0.84999997541308403,0.02500000037252903),(0.84999997541308403,0.)));
#2229=IFCDIRECTION((1.,0.));
#2230=IFCCARTESIANPOINT((0.060000000521540642,0.05000000074505806));
#2231=IFCAXIS2PLACEMENT2D(#2230,#2229);
#2232=IFCELLIPSE(#2231,0.81499997526407242,0.84999997541308403);
#2233=IFCCARTESIANPOINT((0.87499997578561306,0.05000000074505806));
#2234=IFCCARTESIANPOINT((0.060000000521540642,0.89999997615814209));
#2235=IFCTRIMMEDCURVE(#2232,(#2233),(#2234),.T.,.CARTESIAN.);
#2236=IFCCARTESIANPOINTLIST2D(((0.02500000037252903,0.05000000074505806),(0.060000000521540642,0.05000000074505806),(0.060000000521540642,0.89999997615814209),(0.02500000037252903,0.89999997615814209)));
#2237=IFCINDEXEDPOLYCURVE(#2236,(IFCLINEINDEX((1,2,3,4,1))),$);
#2238=IFCSHAPEREPRESENTATION(#24,'Body','Curve2D',(#2226,#2227,#2235,#2237));
#2239=IFCCARTESIANPOINT((0.,0.,0.));
#2240=IFCDIRECTION((1.,0.,0.));
#2241=IFCDIRECTION((0.,0.,1.));
#2242=IFCAXIS2PLACEMENT3D(#2239,#2241,#2240);
#2243=IFCREPRESENTATIONMAP(#2242,#2238);
#2244=IFCDOOR('0$6HzzUcT25RRo90DSoS1N',$,'Door',$,$,#2501,#2253,$,2.,0.89999997615814209,$,$,$);
#2245=IFCRELDEFINESBYTYPE('004087HS9E2g3UZv8p2AnZ',$,$,$,(#2244),#2136);
#2246=IFCCARTESIANPOINT((0.,0.,0.));
#2247=IFCDIRECTION((1.,0.,0.));
#2248=IFCDIRECTION((0.,1.,0.));
#2249=IFCDIRECTION((0.,0.,1.));
#2250=IFCCARTESIANTRANSFORMATIONOPERATOR3D(#2247,#2248,#2246,1.,#2249);
#2251=IFCMAPPEDITEM(#2146,#2250);
#2252=IFCSHAPEREPRESENTATION(#18,'Profile','MappedRepresentation',(#2251));
#2253=IFCPRODUCTDEFINITIONSHAPE($,$,(#2252,#2260,#2267));
#2254=IFCCARTESIANPOINT((0.,0.,0.));
#2255=IFCDIRECTION((1.,0.,0.));
#2256=IFCDIRECTION((0.,1.,0.));
#2257=IFCDIRECTION((0.,0.,1.));
#2258=IFCCARTESIANTRANSFORMATIONOPERATOR3D(#2255,#2256,#2254,1.,#2257);
#2259=IFCMAPPEDITEM(#2224,#2258);
#2260=IFCSHAPEREPRESENTATION(#11,'Body','MappedRepresentation',(#2259));
#2261=IFCCARTESIANPOINT((0.,0.,0.));
#2262=IFCDIRECTION((1.,0.,0.));
#2263=IFCDIRECTION((0.,1.,0.));
#2264=IFCDIRECTION((0.,0.,1.));
#2265=IFCCARTESIANTRANSFORMATIONOPERATOR3D(#2262,#2263,#2261,1.,#2264);
#2266=IFCMAPPEDITEM(#2243,#2265);
#2267=IFCSHAPEREPRESENTATION(#24,'Body','MappedRepresentation',(#2266));
#2268=IFCOPENINGELEMENT('0MpXW32495yPnOiAhS2keo',$,'Opening',$,$,#2318,#2296,$,.OPENING.);
#2274=IFCCARTESIANPOINTLIST2D(((0.,0.),(0.89999997615814209,0.),(0.89999997615814209,2.),(0.,2.)));
#2275=IFCINDEXEDPOLYCURVE(#2274,(IFCLINEINDEX((1,2,3,4,1))),$);
#2276=IFCARBITRARYCLOSEDPROFILEDEF(.AREA.,$,#2275);
#2277=IFCCARTESIANPOINT((0.,-0.60000002384185791,0.));
#2278=IFCDIRECTION((0.,-1.,0.));
#2279=IFCDIRECTION((1.,0.,0.));
#2280=IFCAXIS2PLACEMENT3D(#2277,#2278,#2279);
#2281=IFCDIRECTION((0.,0.,-1.));
#2282=IFCEXTRUDEDAREASOLID(#2276,#2280,#2281,1.2);
#2283=IFCSHAPEREPRESENTATION(#11,'Body','SweptSolid',(#2282));
#2284=IFCCARTESIANPOINT((0.,0.,0.));
#2285=IFCDIRECTION((1.,0.,0.));
#2286=IFCDIRECTION((0.,0.,1.));
#2287=IFCAXIS2PLACEMENT3D(#2284,#2286,#2285);
#2288=IFCREPRESENTATIONMAP(#2287,#2283);
#2289=IFCCARTESIANPOINT((0.,0.,0.));
#2290=IFCDIRECTION((1.,0.,0.));
#2291=IFCDIRECTION((0.,1.,0.));
#2292=IFCDIRECTION((0.,0.,1.));
#2293=IFCCARTESIANTRANSFORMATIONOPERATOR3D(#2290,#2291,#2289,1.,#2292);
#2294=IFCMAPPEDITEM(#2288,#2293);
#2295=IFCSHAPEREPRESENTATION(#11,'Body','MappedRepresentation',(#2294));
#2296=IFCPRODUCTDEFINITIONSHAPE($,$,(#2295));
#2297=IFCRELVOIDSELEMENT('05YvgDeRf54RM_TILcbRZu',$,$,$,#87,#2268);
#2303=IFCRELFILLSELEMENT('3rucNeBMf2qOmSSQ73dXBh',$,$,$,#2268,#2244);
#2314=IFCCARTESIANPOINT((0.38637446320386526,4.76837158203125E-07,0.));
#2315=IFCDIRECTION((0.,0.,1.));
#2316=IFCDIRECTION((0.99999999999997158,-2.3841857910155572E-07,0.));
#2317=IFCAXIS2PLACEMENT3D(#2314,#2315,#2316);
#2318=IFCLOCALPLACEMENT(#2056,#2317);
#2324=IFCDOORTYPE('29kNuPf2r4BRpgJwrOKqWd',$,'Guest-GF',$,$,(#2325),(#2327,#2335,#2413),$,$,.DOOR.,.SINGLE_SWING_LEFT.,$,$);
#2325=IFCPROPERTYSET('1UZRg2jivDixaf7ghKBm3x',$,'BBIM_Door',$,(#2326));
#2326=IFCPROPERTYSINGLEVALUE('Data',$,IFCTEXT('{"door_type": "SINGLE_SWING_RIGHT", "overall_height": 2.0, "overall_width": 0.8625228404998779, "lining_properties": {"lining_depth": 0.05000000074505806, "lining_thickness": 0.05000000074505806, "lining_offset": 0.0, "lining_to_panel_offset_x": 0.02500000037252903, "lining_to_panel_offset_y": 0.02500000037252903, "transom_thickness": 0.0, "casing_thickness": 0.07500000298023224, "casing_depth": 0.004999999888241291, "threshold_thickness": 0.02500000037252903, "threshold_depth": 0.10000000149011612, "threshold_offset": 0.0}, "panel_properties": {"panel_depth": 0.03500000014901161, "panel_width_ratio": 1.0}}'),$);
#2327=IFCREPRESENTATIONMAP(#2328,#4129);
#2328=IFCAXIS2PLACEMENT3D(#2329,#2330,#2331);
#2329=IFCCARTESIANPOINT((0.,0.,0.));
#2330=IFCDIRECTION((0.,0.,1.));
#2331=IFCDIRECTION((1.,0.,0.));
#2335=IFCREPRESENTATIONMAP(#2336,#4202);
#2336=IFCAXIS2PLACEMENT3D(#2337,#2338,#2339);
#2337=IFCCARTESIANPOINT((0.,0.,0.));
#2338=IFCDIRECTION((0.,0.,1.));
#2339=IFCDIRECTION((1.,0.,0.));
#2413=IFCREPRESENTATIONMAP(#2414,#4216);
#2414=IFCAXIS2PLACEMENT3D(#2415,#2416,#2417);
#2415=IFCCARTESIANPOINT((0.,0.,0.));
#2416=IFCDIRECTION((0.,0.,1.));
#2417=IFCDIRECTION((1.,0.,0.));
#2432=IFCDOOR('2vPOYkLSr8rBMFvg4FIYc8',$,'Door',$,$,#4241,#2441,$,2.,0.86252284049987793,$,.SINGLE_SWING_RIGHT.,$);
#2433=IFCRELDEFINESBYTYPE('32uHvfWof9geTNN62xc6C8',$,$,$,(#2432),#2324);
#2434=IFCCARTESIANPOINT((0.,0.,0.));
#2435=IFCDIRECTION((1.,0.,0.));
#2436=IFCDIRECTION((0.,1.,0.));
#2437=IFCDIRECTION((0.,0.,1.));
#2438=IFCCARTESIANTRANSFORMATIONOPERATOR3D(#2435,#2436,#2434,1.,#2437);
#2439=IFCMAPPEDITEM(#2327,#2438);
#2440=IFCSHAPEREPRESENTATION(#18,'Profile','MappedRepresentation',(#2439));
#2441=IFCPRODUCTDEFINITIONSHAPE($,$,(#2440,#2448,#2455));
#2442=IFCCARTESIANPOINT((0.,0.,0.));
#2443=IFCDIRECTION((1.,0.,0.));
#2444=IFCDIRECTION((0.,1.,0.));
#2445=IFCDIRECTION((0.,0.,1.));
#2446=IFCCARTESIANTRANSFORMATIONOPERATOR3D(#2443,#2444,#2442,1.,#2445);
#2447=IFCMAPPEDITEM(#2335,#2446);
#2448=IFCSHAPEREPRESENTATION(#11,'Body','MappedRepresentation',(#2447));
#2449=IFCCARTESIANPOINT((0.,0.,0.));
#2450=IFCDIRECTION((1.,0.,0.));
#2451=IFCDIRECTION((0.,1.,0.));
#2452=IFCDIRECTION((0.,0.,1.));
#2453=IFCCARTESIANTRANSFORMATIONOPERATOR3D(#2450,#2451,#2449,1.,#2452);
#2454=IFCMAPPEDITEM(#2413,#2453);
#2455=IFCSHAPEREPRESENTATION(#24,'Body','MappedRepresentation',(#2454));
#2456=IFCOPENINGELEMENT('1RmqxOjcL4let4eHYKWDnb',$,'Opening',$,$,#4236,#2484,$,.OPENING.);
#2472=IFCCARTESIANPOINT((0.,0.,0.));
#2473=IFCDIRECTION((1.,0.,0.));
#2474=IFCDIRECTION((0.,0.,1.));
#2475=IFCAXIS2PLACEMENT3D(#2472,#2474,#2473);
#2476=IFCREPRESENTATIONMAP(#2475,#4226);
#2477=IFCCARTESIANPOINT((0.,0.,0.));
#2478=IFCDIRECTION((1.,0.,0.));
#2479=IFCDIRECTION((0.,1.,0.));
#2480=IFCDIRECTION((0.,0.,1.));
#2481=IFCCARTESIANTRANSFORMATIONOPERATOR3D(#2478,#2479,#2477,1.,#2480);
#2482=IFCMAPPEDITEM(#2476,#2481);
#2483=IFCSHAPEREPRESENTATION(#11,'Body','MappedRepresentation',(#2482));
#2484=IFCPRODUCTDEFINITIONSHAPE($,$,(#2483));
#2485=IFCRELVOIDSELEMENT('2PPbyPKIj3oBiLjSNJde6r',$,$,$,#1033,#2456);
#2491=IFCRELFILLSELEMENT('3$jaBb7sP9ru8SnrLu4N3I',$,$,$,#2456,#2432);
#2497=IFCCARTESIANPOINT((0.,0.,0.));
#2498=IFCDIRECTION((0.,0.,1.));
#2499=IFCDIRECTION((1.,0.,0.));
#2500=IFCAXIS2PLACEMENT3D(#2497,#2498,#2499);
#2501=IFCLOCALPLACEMENT(#2318,#2500);
#2550=IFCCARTESIANPOINTLIST2D(((0.,0.),(0.,2.),(0.89999997615814209,2.),(0.89999997615814209,0.),(0.87499997578561306,0.),(0.87499997578561306,1.974999999627471),(0.02500000037252903,1.974999999627471),(0.02500000037252903,0.)));
#2551=IFCINDEXEDPOLYCURVE(#2550,(IFCLINEINDEX((1,2,3,4,5,6,7,8,1))),$);
#2552=IFCARBITRARYCLOSEDPROFILEDEF(.AREA.,$,#2551);
#2553=IFCCARTESIANPOINT((0.,0.02500000037252903,0.));
#2554=IFCDIRECTION((0.,-1.,0.));
#2555=IFCDIRECTION((1.,0.,0.));
#2556=IFCAXIS2PLACEMENT3D(#2553,#2554,#2555);
#2557=IFCDIRECTION((0.,0.,-1.));
#2558=IFCEXTRUDEDAREASOLID(#2552,#2556,#2557,0.02500000037252903);
#2559=IFCCARTESIANPOINTLIST2D(((0.,0.),(0.,2.),(0.89999997615814209,2.),(0.89999997615814209,0.),(0.84999997541308403,0.),(0.84999997541308403,1.9499999992549419),(0.05000000074505806,1.9499999992549419),(0.05000000074505806,0.)));
#2560=IFCINDEXEDPOLYCURVE(#2559,(IFCLINEINDEX((1,2,3,4,5,6,7,8,1))),$);
#2561=IFCARBITRARYCLOSEDPROFILEDEF(.AREA.,$,#2560);
#2562=IFCCARTESIANPOINT((0.,0.,0.));
#2563=IFCDIRECTION((0.,-1.,0.));
#2564=IFCDIRECTION((1.,0.,0.));
#2565=IFCAXIS2PLACEMENT3D(#2562,#2563,#2564);
#2566=IFCDIRECTION((0.,0.,-1.));
#2567=IFCEXTRUDEDAREASOLID(#2561,#2565,#2566,0.02500000037252903);
#2568=IFCCARTESIANPOINTLIST2D(((0.,0.),(0.79999997466802597,0.),(0.79999997466802597,0.10000000149011612),(0.,0.10000000149011612)));
#2569=IFCINDEXEDPOLYCURVE(#2568,(IFCLINEINDEX((1,2,3,4,1))),$);
#2570=IFCARBITRARYCLOSEDPROFILEDEF(.AREA.,$,#2569);
#2571=IFCCARTESIANPOINT((0.05000000074505806,0.,0.));
#2572=IFCDIRECTION((0.,0.,1.));
#2573=IFCDIRECTION((1.,0.,0.));
#2574=IFCAXIS2PLACEMENT3D(#2571,#2572,#2573);
#2575=IFCDIRECTION((0.,0.,1.));
#2576=IFCEXTRUDEDAREASOLID(#2570,#2574,#2575,0.02500000037252903);
#2577=IFCCARTESIANPOINTLIST2D(((0.,0.),(0.,2.0250000022351742),(0.94999998062849045,2.0250000022351742),(0.94999998062849045,0.),(0.87499997764825821,0.),(0.87499997764825821,1.9499999992549419),(0.075000002980232239,1.9499999992549419),(0.075000002980232239,0.)));
#2578=IFCINDEXEDPOLYCURVE(#2577,(IFCLINEINDEX((1,2,3,4,5,6,7,8,1))),$);
#2579=IFCARBITRARYCLOSEDPROFILEDEF(.AREA.,$,#2578);
#2580=IFCCARTESIANPOINT((-0.025000002235174179,-0.004999999888241291,0.));
#2581=IFCDIRECTION((0.,-1.,0.));
#2582=IFCDIRECTION((1.,0.,0.));
#2583=IFCAXIS2PLACEMENT3D(#2580,#2581,#2582);
#2584=IFCDIRECTION((0.,0.,-1.));
#2585=IFCEXTRUDEDAREASOLID(#2579,#2583,#2584,0.004999999888241291);
#2586=IFCCARTESIANPOINTLIST2D(((0.,0.),(0.,2.0250000022351742),(0.94999998062849045,2.0250000022351742),(0.94999998062849045,0.),(0.89999997802078724,0.),(0.89999997802078724,1.974999999627471),(0.050000002607703209,1.974999999627471),(0.050000002607703209,0.)));
#2587=IFCINDEXEDPOLYCURVE(#2586,(IFCLINEINDEX((1,2,3,4,5,6,7,8,1))),$);
#2588=IFCARBITRARYCLOSEDPROFILEDEF(.AREA.,$,#2587);
#2589=IFCCARTESIANPOINT((-0.025000002235174179,0.05000000074505806,0.));
#2590=IFCDIRECTION((0.,-1.,0.));
#2591=IFCDIRECTION((1.,0.,0.));
#2592=IFCAXIS2PLACEMENT3D(#2589,#2590,#2591);
#2593=IFCDIRECTION((0.,0.,-1.));
#2594=IFCEXTRUDEDAREASOLID(#2588,#2592,#2593,0.004999999888241291);
#2595=IFCCARTESIANPOINTLIST2D(((0.,0.),(0.84999997541308403,0.),(0.84999997541308403,0.035000000149011612),(0.,0.035000000149011612)));
#2596=IFCINDEXEDPOLYCURVE(#2595,(IFCLINEINDEX((1,2,3,4,1))),$);
#2597=IFCARBITRARYCLOSEDPROFILEDEF(.AREA.,$,#2596);
#2598=IFCCARTESIANPOINT((0.02500000037252903,0.02500000037252903,0.02500000037252903));
#2599=IFCDIRECTION((0.,0.,1.));
#2600=IFCDIRECTION((1.,0.,0.));
#2601=IFCAXIS2PLACEMENT3D(#2598,#2599,#2600);
#2602=IFCDIRECTION((0.,0.,1.));
#2603=IFCEXTRUDEDAREASOLID(#2597,#2601,#2602,1.9499999992549419);
#2604=IFCCARTESIANPOINTLIST2D(((0.,0.),(0.,-0.040000000000000001),(0.12,-0.040000000000000001),(0.12,-0.02),(0.02,-0.02),(0.02,0.)));
#2605=IFCINDEXEDPOLYCURVE(#2604,(IFCLINEINDEX((1,2,3,4,5,6,1))),$);
#2606=IFCARBITRARYCLOSEDPROFILEDEF(.AREA.,$,#2605);
#2607=IFCCARTESIANPOINT((0.075000000372529033,0.02500000037252903,1.015000000372529));
#2608=IFCDIRECTION((0.,0.,1.));
#2609=IFCDIRECTION((1.,0.,0.));
#2610=IFCAXIS2PLACEMENT3D(#2607,#2608,#2609);
#2611=IFCDIRECTION((0.,0.,1.));
#2612=IFCEXTRUDEDAREASOLID(#2606,#2610,#2611,0.02);
#2613=IFCEXTRUDEDAREASOLID(#2614,#2617,#2621,0.02);
#2614=IFCARBITRARYCLOSEDPROFILEDEF(.AREA.,$,#2615);
#2615=IFCINDEXEDPOLYCURVE(#2616,(IFCLINEINDEX((1,2,3,4,5,6,1))),$);
#2616=IFCCARTESIANPOINTLIST2D(((0.,0.),(0.,0.040000000000000008),(0.11999999999999998,0.040000000000000008),(0.11999999999999998,0.020000000000000004),(0.020000000000000004,0.020000000000000004),(0.020000000000000004,0.)));
#2617=IFCAXIS2PLACEMENT3D(#2618,#2619,#2620);
#2618=IFCCARTESIANPOINT((0.075000000372529033,0.060000000521540642,1.015000000372529));
#2619=IFCDIRECTION((0.,0.,1.));
#2620=IFCDIRECTION((1.,0.,0.));
#2621=IFCDIRECTION((0.,0.,1.));
#2623=IFCSHAPEREPRESENTATION(#11,'Body','SweptSolid',(#2686,#2576,#2567,#4156,#2677,#2558,#4165,#2713,#2594,#4059,#4147,#4050,#4138,#4041,#4174,#2704,#4032,#2585,#2695,#4023));
#2624=IFCSHAPEASPECT((#2623),'Lining',$,.T.,#2441);
#2625=IFCSHAPEREPRESENTATION(#11,'Body','SweptSolid',(#2732,#4193,#2603,#4183,#4078,#4192,#4068,#2731,#2612,#2613,#4077,#2722));
#2626=IFCSHAPEASPECT((#2625),'Framing',$,.T.,#2441);
#2669=IFCCARTESIANPOINTLIST2D(((0.,0.),(0.,2.),(0.89999997615814209,2.),(0.89999997615814209,0.),(0.87499997578561306,0.),(0.87499997578561306,1.974999999627471),(0.02500000037252903,1.974999999627471),(0.02500000037252903,0.)));
#2670=IFCINDEXEDPOLYCURVE(#2669,(IFCLINEINDEX((1,2,3,4,5,6,7,8,1))),$);
#2671=IFCARBITRARYCLOSEDPROFILEDEF(.AREA.,$,#2670);
#2672=IFCCARTESIANPOINT((0.,0.02500000037252903,0.));
#2673=IFCDIRECTION((0.,-1.,0.));
#2674=IFCDIRECTION((1.,0.,0.));
#2675=IFCAXIS2PLACEMENT3D(#2672,#2673,#2674);
#2676=IFCDIRECTION((0.,0.,-1.));
#2677=IFCEXTRUDEDAREASOLID(#2671,#2675,#2676,0.02500000037252903);
#2678=IFCCARTESIANPOINTLIST2D(((0.,0.),(0.,2.),(0.89999997615814209,2.),(0.89999997615814209,0.),(0.84999997541308403,0.),(0.84999997541308403,1.9499999992549419),(0.05000000074505806,1.9499999992549419),(0.05000000074505806,0.)));
#2679=IFCINDEXEDPOLYCURVE(#2678,(IFCLINEINDEX((1,2,3,4,5,6,7,8,1))),$);
#2680=IFCARBITRARYCLOSEDPROFILEDEF(.AREA.,$,#2679);
#2681=IFCCARTESIANPOINT((0.,0.,0.));
#2682=IFCDIRECTION((0.,-1.,0.));
#2683=IFCDIRECTION((1.,0.,0.));
#2684=IFCAXIS2PLACEMENT3D(#2681,#2682,#2683);
#2685=IFCDIRECTION((0.,0.,-1.));
#2686=IFCEXTRUDEDAREASOLID(#2680,#2684,#2685,0.02500000037252903);
#2687=IFCCARTESIANPOINTLIST2D(((0.,0.),(0.79999997466802597,0.),(0.79999997466802597,0.10000000149011612),(0.,0.10000000149011612)));
#2688=IFCINDEXEDPOLYCURVE(#2687,(IFCLINEINDEX((1,2,3,4,1))),$);
#2689=IFCARBITRARYCLOSEDPROFILEDEF(.AREA.,$,#2688);
#2690=IFCCARTESIANPOINT((0.05000000074505806,0.,0.));
#2691=IFCDIRECTION((0.,0.,1.));
#2692=IFCDIRECTION((1.,0.,0.));
#2693=IFCAXIS2PLACEMENT3D(#2690,#2691,#2692);
#2694=IFCDIRECTION((0.,0.,1.));
#2695=IFCEXTRUDEDAREASOLID(#2689,#2693,#2694,0.02500000037252903);
#2696=IFCCARTESIANPOINTLIST2D(((0.,0.),(0.,2.0250000022351742),(0.94999998062849045,2.0250000022351742),(0.94999998062849045,0.),(0.87499997764825821,0.),(0.87499997764825821,1.9499999992549419),(0.075000002980232239,1.9499999992549419),(0.075000002980232239,0.)));
#2697=IFCINDEXEDPOLYCURVE(#2696,(IFCLINEINDEX((1,2,3,4,5,6,7,8,1))),$);
#2698=IFCARBITRARYCLOSEDPROFILEDEF(.AREA.,$,#2697);
#2699=IFCCARTESIANPOINT((-0.025000002235174179,-0.004999999888241291,0.));
#2700=IFCDIRECTION((0.,-1.,0.));
#2701=IFCDIRECTION((1.,0.,0.));
#2702=IFCAXIS2PLACEMENT3D(#2699,#2700,#2701);
#2703=IFCDIRECTION((0.,0.,-1.));
#2704=IFCEXTRUDEDAREASOLID(#2698,#2702,#2703,0.004999999888241291);
#2705=IFCCARTESIANPOINTLIST2D(((0.,0.),(0.,2.0250000022351742),(0.94999998062849045,2.0250000022351742),(0.94999998062849045,0.),(0.89999997802078724,0.),(0.89999997802078724,1.974999999627471),(0.050000002607703209,1.974999999627471),(0.050000002607703209,0.)));
#2706=IFCINDEXEDPOLYCURVE(#2705,(IFCLINEINDEX((1,2,3,4,5,6,7,8,1))),$);
#2707=IFCARBITRARYCLOSEDPROFILEDEF(.AREA.,$,#2706);
#2708=IFCCARTESIANPOINT((-0.025000002235174179,0.05000000074505806,0.));
#2709=IFCDIRECTION((0.,-1.,0.));
#2710=IFCDIRECTION((1.,0.,0.));
#2711=IFCAXIS2PLACEMENT3D(#2708,#2709,#2710);
#2712=IFCDIRECTION((0.,0.,-1.));
#2713=IFCEXTRUDEDAREASOLID(#2707,#2711,#2712,0.004999999888241291);
#2714=IFCCARTESIANPOINTLIST2D(((0.,0.),(0.84999997541308403,0.),(0.84999997541308403,0.035000000149011612),(0.,0.035000000149011612)));
#2715=IFCINDEXEDPOLYCURVE(#2714,(IFCLINEINDEX((1,2,3,4,1))),$);
#2716=IFCARBITRARYCLOSEDPROFILEDEF(.AREA.,$,#2715);
#2717=IFCCARTESIANPOINT((0.02500000037252903,0.02500000037252903,0.02500000037252903));
#2718=IFCDIRECTION((0.,0.,1.));
#2719=IFCDIRECTION((1.,0.,0.));
#2720=IFCAXIS2PLACEMENT3D(#2717,#2718,#2719);
#2721=IFCDIRECTION((0.,0.,1.));
#2722=IFCEXTRUDEDAREASOLID(#2716,#2720,#2721,1.9499999992549419);
#2723=IFCCARTESIANPOINTLIST2D(((0.,0.),(0.,-0.040000000000000001),(0.12,-0.040000000000000001),(0.12,-0.02),(0.02,-0.02),(0.02,0.)));
#2724=IFCINDEXEDPOLYCURVE(#2723,(IFCLINEINDEX((1,2,3,4,5,6,1))),$);
#2725=IFCARBITRARYCLOSEDPROFILEDEF(.AREA.,$,#2724);
#2726=IFCCARTESIANPOINT((0.075000000372529033,0.02500000037252903,1.015000000372529));
#2727=IFCDIRECTION((0.,0.,1.));
#2728=IFCDIRECTION((1.,0.,0.));
#2729=IFCAXIS2PLACEMENT3D(#2726,#2727,#2728);
#2730=IFCDIRECTION((0.,0.,1.));
#2731=IFCEXTRUDEDAREASOLID(#2725,#2729,#2730,0.02);
#2732=IFCEXTRUDEDAREASOLID(#2733,#2736,#2740,0.02);
#2733=IFCARBITRARYCLOSEDPROFILEDEF(.AREA.,$,#2734);
#2734=IFCINDEXEDPOLYCURVE(#2735,(IFCLINEINDEX((1,2,3,4,5,6,1))),$);
#2735=IFCCARTESIANPOINTLIST2D(((0.,0.),(0.,0.040000000000000008),(0.11999999999999998,0.040000000000000008),(0.11999999999999998,0.020000000000000004),(0.020000000000000004,0.020000000000000004),(0.020000000000000004,0.)));
#2736=IFCAXIS2PLACEMENT3D(#2737,#2738,#2739);
#2737=IFCCARTESIANPOINT((0.075000000372529033,0.060000000521540642,1.015000000372529));
#2738=IFCDIRECTION((0.,0.,1.));
#2739=IFCDIRECTION((1.,0.,0.));
#2740=IFCDIRECTION((0.,0.,1.));
#2781=IFCDOORTYPE('0OamLOWorCkAfwxmtq4oCl',$,'Bathroom-GF',$,$,(#2782),(#2784,#2792,#2870),$,$,.DOOR.,.SINGLE_SWING_LEFT.,$,$);
#2782=IFCPROPERTYSET('0ROk618BLFEOVtWyHnO71S',$,'BBIM_Door',$,(#2783));
#2783=IFCPROPERTYSINGLEVALUE('Data',$,IFCTEXT('{"door_type": "SINGLE_SWING_LEFT", "overall_height": 2.0, "overall_width": 0.7437721490859985, "lining_properties": {"lining_depth": 0.05000000074505806, "lining_thickness": 0.05000000074505806, "lining_offset": 0.0, "lining_to_panel_offset_x": 0.02500000037252903, "lining_to_panel_offset_y": 0.02500000037252903, "transom_thickness": 0.0, "casing_thickness": 0.07500000298023224, "casing_depth": 0.004999999888241291, "threshold_thickness": 0.02500000037252903, "threshold_depth": 0.10000000149011612, "threshold_offset": 0.0}, "panel_properties": {"panel_depth": 0.03500000014901161, "panel_width_ratio": 1.0}}'),$);
#2784=IFCREPRESENTATIONMAP(#2785,#3899);
#2785=IFCAXIS2PLACEMENT3D(#2786,#2787,#2788);
#2786=IFCCARTESIANPOINT((0.,0.,0.));
#2787=IFCDIRECTION((0.,0.,1.));
#2788=IFCDIRECTION((1.,0.,0.));
#2792=IFCREPRESENTATIONMAP(#2793,#3972);
#2793=IFCAXIS2PLACEMENT3D(#2794,#2795,#2796);
#2794=IFCCARTESIANPOINT((0.,0.,0.));
#2795=IFCDIRECTION((0.,0.,1.));
#2796=IFCDIRECTION((1.,0.,0.));
#2870=IFCREPRESENTATIONMAP(#2871,#3986);
#2871=IFCAXIS2PLACEMENT3D(#2872,#2873,#2874);
#2872=IFCCARTESIANPOINT((0.,0.,0.));
#2873=IFCDIRECTION((0.,0.,1.));
#2874=IFCDIRECTION((1.,0.,0.));
#3137=IFCDOOR('0c6iPgrS17PRt_bEs6Wc3x',$,'Door',$,$,#4011,#3147,$,2.,0.74377214908599854,$,.SINGLE_SWING_LEFT.,$);
#3139=IFCRELDEFINESBYTYPE('2Ew2m66wz8dhmVjWJx677K',$,$,$,(#3137),#2781);
#3140=IFCCARTESIANPOINT((0.,0.,0.));
#3141=IFCDIRECTION((1.,0.,0.));
#3142=IFCDIRECTION((0.,1.,0.));
#3143=IFCDIRECTION((0.,0.,1.));
#3144=IFCCARTESIANTRANSFORMATIONOPERATOR3D(#3141,#3142,#3140,1.,#3143);
#3145=IFCMAPPEDITEM(#2784,#3144);
#3146=IFCSHAPEREPRESENTATION(#18,'Profile','MappedRepresentation',(#3145));
#3147=IFCPRODUCTDEFINITIONSHAPE($,$,(#3146,#3154,#3161));
#3148=IFCCARTESIANPOINT((0.,0.,0.));
#3149=IFCDIRECTION((1.,0.,0.));
#3150=IFCDIRECTION((0.,1.,0.));
#3151=IFCDIRECTION((0.,0.,1.));
#3152=IFCCARTESIANTRANSFORMATIONOPERATOR3D(#3149,#3150,#3148,1.,#3151);
#3153=IFCMAPPEDITEM(#2792,#3152);
#3154=IFCSHAPEREPRESENTATION(#11,'Body','MappedRepresentation',(#3153));
#3155=IFCCARTESIANPOINT((0.,0.,0.));
#3156=IFCDIRECTION((1.,0.,0.));
#3157=IFCDIRECTION((0.,1.,0.));
#3158=IFCDIRECTION((0.,0.,1.));
#3159=IFCCARTESIANTRANSFORMATIONOPERATOR3D(#3156,#3157,#3155,1.,#3158);
#3160=IFCMAPPEDITEM(#2870,#3159);
#3161=IFCSHAPEREPRESENTATION(#24,'Body','MappedRepresentation',(#3160));
#3162=IFCOPENINGELEMENT('00ru22xFn4q9qCVkyYoPkQ',$,'Opening',$,$,#4006,#3190,$,.OPENING.);
#3178=IFCCARTESIANPOINT((0.,0.,0.));
#3179=IFCDIRECTION((1.,0.,0.));
#3180=IFCDIRECTION((0.,0.,1.));
#3181=IFCAXIS2PLACEMENT3D(#3178,#3180,#3179);
#3182=IFCREPRESENTATIONMAP(#3181,#3996);
#3183=IFCCARTESIANPOINT((0.,0.,0.));
#3184=IFCDIRECTION((1.,0.,0.));
#3185=IFCDIRECTION((0.,1.,0.));
#3186=IFCDIRECTION((0.,0.,1.));
#3187=IFCCARTESIANTRANSFORMATIONOPERATOR3D(#3184,#3185,#3183,1.,#3186);
#3188=IFCMAPPEDITEM(#3182,#3187);
#3189=IFCSHAPEREPRESENTATION(#11,'Body','MappedRepresentation',(#3188));
#3190=IFCPRODUCTDEFINITIONSHAPE($,$,(#3189));
#3191=IFCRELVOIDSELEMENT('1h8GXzTBr2iv$BVu51r439',$,$,$,#1163,#3162);
#3197=IFCRELFILLSELEMENT('1cgj7KwNH5$xRepH_yd7cX',$,$,$,#3162,#3137);
#3206=IFCCARTESIANPOINTLIST2D(((0.,0.),(0.,2.),(0.72957861423492432,2.),(0.72957861423492432,0.),(0.70457861386239529,0.),(0.70457861386239529,1.974999999627471),(0.02500000037252903,1.974999999627471),(0.02500000037252903,0.)));
#3207=IFCINDEXEDPOLYCURVE(#3206,(IFCLINEINDEX((1,2,3,4,5,6,7,8,1))),$);
#3208=IFCARBITRARYCLOSEDPROFILEDEF(.AREA.,$,#3207);
#3209=IFCCARTESIANPOINT((0.,0.02500000037252903,0.));
#3210=IFCDIRECTION((0.,-1.,0.));
#3211=IFCDIRECTION((1.,0.,0.));
#3212=IFCAXIS2PLACEMENT3D(#3209,#3210,#3211);
#3213=IFCDIRECTION((0.,0.,-1.));
#3214=IFCEXTRUDEDAREASOLID(#3208,#3212,#3213,0.02500000037252903);
#3215=IFCCARTESIANPOINTLIST2D(((0.,0.),(0.,2.),(0.72957861423492432,2.),(0.72957861423492432,0.),(0.67957861348986626,0.),(0.67957861348986626,1.9499999992549419),(0.05000000074505806,1.9499999992549419),(0.05000000074505806,0.)));
#3216=IFCINDEXEDPOLYCURVE(#3215,(IFCLINEINDEX((1,2,3,4,5,6,7,8,1))),$);
#3217=IFCARBITRARYCLOSEDPROFILEDEF(.AREA.,$,#3216);
#3218=IFCCARTESIANPOINT((0.,0.,0.));
#3219=IFCDIRECTION((0.,-1.,0.));
#3220=IFCDIRECTION((1.,0.,0.));
#3221=IFCAXIS2PLACEMENT3D(#3218,#3219,#3220);
#3222=IFCDIRECTION((0.,0.,-1.));
#3223=IFCEXTRUDEDAREASOLID(#3217,#3221,#3222,0.02500000037252903);
#3224=IFCCARTESIANPOINTLIST2D(((0.,0.),(0.6295786127448082,0.),(0.6295786127448082,0.10000000149011612),(0.,0.10000000149011612)));
#3225=IFCINDEXEDPOLYCURVE(#3224,(IFCLINEINDEX((1,2,3,4,1))),$);
#3226=IFCARBITRARYCLOSEDPROFILEDEF(.AREA.,$,#3225);
#3227=IFCCARTESIANPOINT((0.05000000074505806,0.,0.));
#3228=IFCDIRECTION((0.,0.,1.));
#3229=IFCDIRECTION((1.,0.,0.));
#3230=IFCAXIS2PLACEMENT3D(#3227,#3228,#3229);
#3231=IFCDIRECTION((0.,0.,1.));
#3232=IFCEXTRUDEDAREASOLID(#3226,#3230,#3231,0.02500000037252903);
#3233=IFCCARTESIANPOINTLIST2D(((0.,0.),(0.,2.0250000022351742),(0.77957861870527267,2.0250000022351742),(0.77957861870527267,0.),(0.70457861572504044,0.),(0.70457861572504044,1.9499999992549419),(0.075000002980232239,1.9499999992549419),(0.075000002980232239,0.)));
#3234=IFCINDEXEDPOLYCURVE(#3233,(IFCLINEINDEX((1,2,3,4,5,6,7,8,1))),$);
#3235=IFCARBITRARYCLOSEDPROFILEDEF(.AREA.,$,#3234);
#3236=IFCCARTESIANPOINT((-0.025000002235174179,-0.004999999888241291,0.));
#3237=IFCDIRECTION((0.,-1.,0.));
#3238=IFCDIRECTION((1.,0.,0.));
#3239=IFCAXIS2PLACEMENT3D(#3236,#3237,#3238);
#3240=IFCDIRECTION((0.,0.,-1.));
#3241=IFCEXTRUDEDAREASOLID(#3235,#3239,#3240,0.004999999888241291);
#3242=IFCCARTESIANPOINTLIST2D(((0.,0.),(0.,2.0250000022351742),(0.77957861870527267,2.0250000022351742),(0.77957861870527267,0.),(0.72957861609756947,0.),(0.72957861609756947,1.974999999627471),(0.050000002607703209,1.974999999627471),(0.050000002607703209,0.)));
#3243=IFCINDEXEDPOLYCURVE(#3242,(IFCLINEINDEX((1,2,3,4,5,6,7,8,1))),$);
#3244=IFCARBITRARYCLOSEDPROFILEDEF(.AREA.,$,#3243);
#3245=IFCCARTESIANPOINT((-0.025000002235174179,0.05000000074505806,0.));
#3246=IFCDIRECTION((0.,-1.,0.));
#3247=IFCDIRECTION((1.,0.,0.));
#3248=IFCAXIS2PLACEMENT3D(#3245,#3246,#3247);
#3249=IFCDIRECTION((0.,0.,-1.));
#3250=IFCEXTRUDEDAREASOLID(#3244,#3248,#3249,0.004999999888241291);
#3251=IFCCARTESIANPOINTLIST2D(((0.,0.),(0.67957861348986626,0.),(0.67957861348986626,0.035000000149011612),(0.,0.035000000149011612)));
#3252=IFCINDEXEDPOLYCURVE(#3251,(IFCLINEINDEX((1,2,3,4,1))),$);
#3253=IFCARBITRARYCLOSEDPROFILEDEF(.AREA.,$,#3252);
#3254=IFCCARTESIANPOINT((0.02500000037252903,0.02500000037252903,0.02500000037252903));
#3255=IFCDIRECTION((0.,0.,1.));
#3256=IFCDIRECTION((1.,0.,0.));
#3257=IFCAXIS2PLACEMENT3D(#3254,#3255,#3256);
#3258=IFCDIRECTION((0.,0.,1.));
#3259=IFCEXTRUDEDAREASOLID(#3253,#3257,#3258,1.9499999992549419);
#3260=IFCCARTESIANPOINTLIST2D(((0.,0.),(0.,-0.040000000000000001),(-0.11999999999999988,-0.040000000000000001),(-0.11999999999999988,-0.02),(-0.020000000000000018,-0.02),(-0.020000000000000018,0.)));
#3261=IFCINDEXEDPOLYCURVE(#3260,(IFCLINEINDEX((1,2,3,4,5,6,1))),$);
#3262=IFCARBITRARYCLOSEDPROFILEDEF(.AREA.,$,#3261);
#3263=IFCCARTESIANPOINT((0.65457861386239524,0.02500000037252903,1.015000000372529));
#3264=IFCDIRECTION((0.,0.,1.));
#3265=IFCDIRECTION((1.,0.,0.));
#3266=IFCAXIS2PLACEMENT3D(#3263,#3264,#3265);
#3267=IFCDIRECTION((0.,0.,1.));
#3268=IFCEXTRUDEDAREASOLID(#3262,#3266,#3267,0.02);
#3269=IFCEXTRUDEDAREASOLID(#3270,#3273,#3277,0.02);
#3270=IFCARBITRARYCLOSEDPROFILEDEF(.AREA.,$,#3271);
#3271=IFCINDEXEDPOLYCURVE(#3272,(IFCLINEINDEX((1,2,3,4,5,6,1))),$);
#3272=IFCCARTESIANPOINTLIST2D(((0.,0.),(0.,0.040000000000000008),(-0.11999999999999988,0.040000000000000008),(-0.11999999999999988,0.020000000000000004),(-0.020000000000000018,0.020000000000000004),(-0.020000000000000018,0.)));
#3273=IFCAXIS2PLACEMENT3D(#3274,#3275,#3276);
#3274=IFCCARTESIANPOINT((0.65457861386239524,0.060000000521540642,1.015000000372529));
#3275=IFCDIRECTION((0.,0.,1.));
#3276=IFCDIRECTION((1.,0.,0.));
#3277=IFCDIRECTION((0.,0.,1.));
#3279=IFCSHAPEREPRESENTATION(#11,'Body','SweptSolid',(#3917,#3232,#3475,#3223,#3935,#3696,#3466,#3333,#3369,#3214,#3599,#3250,#3572,#3687,#3926,#3457,#3829,#3360,#3678,#3908,#3448,#3820,#3351,#3590,#3563,#3811,#3241,#3342,#3714,#3581,#3802,#3944,#3705,#3484,#3793));
#3280=IFCSHAPEASPECT((#3279),'Lining',$,.T.,#3147);
#3281=IFCSHAPEREPRESENTATION(#11,'Body','SweptSolid',(#3387,#3378,#3617,#3848,#3268,#3838,#3608,#3269,#3259,#3962,#3732,#3963,#3502,#3733,#3953,#3503,#3723,#3493,#3847,#3618,#3388));
#3282=IFCSHAPEASPECT((#3281),'Framing',$,.T.,#3147);
#3325=IFCCARTESIANPOINTLIST2D(((0.,0.),(0.,2.),(0.66116750240325928,2.),(0.66116750240325928,0.),(0.63616750203073025,0.),(0.63616750203073025,1.974999999627471),(0.02500000037252903,1.974999999627471),(0.02500000037252903,0.)));
#3326=IFCINDEXEDPOLYCURVE(#3325,(IFCLINEINDEX((1,2,3,4,5,6,7,8,1))),$);
#3327=IFCARBITRARYCLOSEDPROFILEDEF(.AREA.,$,#3326);
#3328=IFCCARTESIANPOINT((0.,0.02500000037252903,0.));
#3329=IFCDIRECTION((0.,-1.,0.));
#3330=IFCDIRECTION((1.,0.,0.));
#3331=IFCAXIS2PLACEMENT3D(#3328,#3329,#3330);
#3332=IFCDIRECTION((0.,0.,-1.));
#3333=IFCEXTRUDEDAREASOLID(#3327,#3331,#3332,0.02500000037252903);
#3334=IFCCARTESIANPOINTLIST2D(((0.,0.),(0.,2.),(0.66116750240325928,2.),(0.66116750240325928,0.),(0.61116750165820122,0.),(0.61116750165820122,1.9499999992549419),(0.05000000074505806,1.9499999992549419),(0.05000000074505806,0.)));
#3335=IFCINDEXEDPOLYCURVE(#3334,(IFCLINEINDEX((1,2,3,4,5,6,7,8,1))),$);
#3336=IFCARBITRARYCLOSEDPROFILEDEF(.AREA.,$,#3335);
#3337=IFCCARTESIANPOINT((0.,0.,0.));
#3338=IFCDIRECTION((0.,-1.,0.));
#3339=IFCDIRECTION((1.,0.,0.));
#3340=IFCAXIS2PLACEMENT3D(#3337,#3338,#3339);
#3341=IFCDIRECTION((0.,0.,-1.));
#3342=IFCEXTRUDEDAREASOLID(#3336,#3340,#3341,0.02500000037252903);
#3343=IFCCARTESIANPOINTLIST2D(((0.,0.),(0.56116750091314316,0.),(0.56116750091314316,0.10000000149011612),(0.,0.10000000149011612)));
#3344=IFCINDEXEDPOLYCURVE(#3343,(IFCLINEINDEX((1,2,3,4,1))),$);
#3345=IFCARBITRARYCLOSEDPROFILEDEF(.AREA.,$,#3344);
#3346=IFCCARTESIANPOINT((0.05000000074505806,0.,0.));
#3347=IFCDIRECTION((0.,0.,1.));
#3348=IFCDIRECTION((1.,0.,0.));
#3349=IFCAXIS2PLACEMENT3D(#3346,#3347,#3348);
#3350=IFCDIRECTION((0.,0.,1.));
#3351=IFCEXTRUDEDAREASOLID(#3345,#3349,#3350,0.02500000037252903);
#3352=IFCCARTESIANPOINTLIST2D(((0.,0.),(0.,2.0250000022351742),(0.71116750687360764,2.0250000022351742),(0.71116750687360764,0.),(0.6361675038933754,0.),(0.6361675038933754,1.9499999992549419),(0.075000002980232239,1.9499999992549419),(0.075000002980232239,0.)));
#3353=IFCINDEXEDPOLYCURVE(#3352,(IFCLINEINDEX((1,2,3,4,5,6,7,8,1))),$);
#3354=IFCARBITRARYCLOSEDPROFILEDEF(.AREA.,$,#3353);
#3355=IFCCARTESIANPOINT((-0.025000002235174179,-0.004999999888241291,0.));
#3356=IFCDIRECTION((0.,-1.,0.));
#3357=IFCDIRECTION((1.,0.,0.));
#3358=IFCAXIS2PLACEMENT3D(#3355,#3356,#3357);
#3359=IFCDIRECTION((0.,0.,-1.));
#3360=IFCEXTRUDEDAREASOLID(#3354,#3358,#3359,0.004999999888241291);
#3361=IFCCARTESIANPOINTLIST2D(((0.,0.),(0.,2.0250000022351742),(0.71116750687360764,2.0250000022351742),(0.71116750687360764,0.),(0.66116750426590443,0.),(0.66116750426590443,1.974999999627471),(0.050000002607703209,1.974999999627471),(0.050000002607703209,0.)));
#3362=IFCINDEXEDPOLYCURVE(#3361,(IFCLINEINDEX((1,2,3,4,5,6,7,8,1))),$);
#3363=IFCARBITRARYCLOSEDPROFILEDEF(.AREA.,$,#3362);
#3364=IFCCARTESIANPOINT((-0.025000002235174179,0.05000000074505806,0.));
#3365=IFCDIRECTION((0.,-1.,0.));
#3366=IFCDIRECTION((1.,0.,0.));
#3367=IFCAXIS2PLACEMENT3D(#3364,#3365,#3366);
#3368=IFCDIRECTION((0.,0.,-1.));
#3369=IFCEXTRUDEDAREASOLID(#3363,#3367,#3368,0.004999999888241291);
#3370=IFCCARTESIANPOINTLIST2D(((0.,0.),(0.61116750165820122,0.),(0.61116750165820122,0.035000000149011612),(0.,0.035000000149011612)));
#3371=IFCINDEXEDPOLYCURVE(#3370,(IFCLINEINDEX((1,2,3,4,1))),$);
#3372=IFCARBITRARYCLOSEDPROFILEDEF(.AREA.,$,#3371);
#3373=IFCCARTESIANPOINT((0.02500000037252903,0.02500000037252903,0.02500000037252903));
#3374=IFCDIRECTION((0.,0.,1.));
#3375=IFCDIRECTION((1.,0.,0.));
#3376=IFCAXIS2PLACEMENT3D(#3373,#3374,#3375);
#3377=IFCDIRECTION((0.,0.,1.));
#3378=IFCEXTRUDEDAREASOLID(#3372,#3376,#3377,1.9499999992549419);
#3379=IFCCARTESIANPOINTLIST2D(((0.,0.),(0.,-0.040000000000000001),(0.12,-0.040000000000000001),(0.12,-0.02),(0.02,-0.02),(0.02,0.)));
#3380=IFCINDEXEDPOLYCURVE(#3379,(IFCLINEINDEX((1,2,3,4,5,6,1))),$);
#3381=IFCARBITRARYCLOSEDPROFILEDEF(.AREA.,$,#3380);
#3382=IFCCARTESIANPOINT((0.075000000372529033,0.02500000037252903,1.015000000372529));
#3383=IFCDIRECTION((0.,0.,1.));
#3384=IFCDIRECTION((1.,0.,0.));
#3385=IFCAXIS2PLACEMENT3D(#3382,#3383,#3384);
#3386=IFCDIRECTION((0.,0.,1.));
#3387=IFCEXTRUDEDAREASOLID(#3381,#3385,#3386,0.02);
#3388=IFCEXTRUDEDAREASOLID(#3389,#3392,#3396,0.02);
#3389=IFCARBITRARYCLOSEDPROFILEDEF(.AREA.,$,#3390);
#3390=IFCINDEXEDPOLYCURVE(#3391,(IFCLINEINDEX((1,2,3,4,5,6,1))),$);
#3391=IFCCARTESIANPOINTLIST2D(((0.,0.),(0.,0.040000000000000008),(0.11999999999999998,0.040000000000000008),(0.11999999999999998,0.020000000000000004),(0.020000000000000004,0.020000000000000004),(0.020000000000000004,0.)));
#3392=IFCAXIS2PLACEMENT3D(#3393,#3394,#3395);
#3393=IFCCARTESIANPOINT((0.075000000372529033,0.060000000521540642,1.015000000372529));
#3394=IFCDIRECTION((0.,0.,1.));
#3395=IFCDIRECTION((1.,0.,0.));
#3396=IFCDIRECTION((0.,0.,1.));
#3440=IFCCARTESIANPOINTLIST2D(((0.,0.),(0.,2.),(0.66116750240325928,2.),(0.66116750240325928,0.),(0.63616750203073025,0.),(0.63616750203073025,1.974999999627471),(0.02500000037252903,1.974999999627471),(0.02500000037252903,0.)));
#3441=IFCINDEXEDPOLYCURVE(#3440,(IFCLINEINDEX((1,2,3,4,5,6,7,8,1))),$);
#3442=IFCARBITRARYCLOSEDPROFILEDEF(.AREA.,$,#3441);
#3443=IFCCARTESIANPOINT((0.,0.02500000037252903,0.));
#3444=IFCDIRECTION((0.,-1.,0.));
#3445=IFCDIRECTION((1.,0.,0.));
#3446=IFCAXIS2PLACEMENT3D(#3443,#3444,#3445);
#3447=IFCDIRECTION((0.,0.,-1.));
#3448=IFCEXTRUDEDAREASOLID(#3442,#3446,#3447,0.02500000037252903);
#3449=IFCCARTESIANPOINTLIST2D(((0.,0.),(0.,2.),(0.66116750240325928,2.),(0.66116750240325928,0.),(0.61116750165820122,0.),(0.61116750165820122,1.9499999992549419),(0.05000000074505806,1.9499999992549419),(0.05000000074505806,0.)));
#3450=IFCINDEXEDPOLYCURVE(#3449,(IFCLINEINDEX((1,2,3,4,5,6,7,8,1))),$);
#3451=IFCARBITRARYCLOSEDPROFILEDEF(.AREA.,$,#3450);
#3452=IFCCARTESIANPOINT((0.,0.,0.));
#3453=IFCDIRECTION((0.,-1.,0.));
#3454=IFCDIRECTION((1.,0.,0.));
#3455=IFCAXIS2PLACEMENT3D(#3452,#3453,#3454);
#3456=IFCDIRECTION((0.,0.,-1.));
#3457=IFCEXTRUDEDAREASOLID(#3451,#3455,#3456,0.02500000037252903);
#3458=IFCCARTESIANPOINTLIST2D(((0.,0.),(0.56116750091314316,0.),(0.56116750091314316,0.10000000149011612),(0.,0.10000000149011612)));
#3459=IFCINDEXEDPOLYCURVE(#3458,(IFCLINEINDEX((1,2,3,4,1))),$);
#3460=IFCARBITRARYCLOSEDPROFILEDEF(.AREA.,$,#3459);
#3461=IFCCARTESIANPOINT((0.05000000074505806,0.,0.));
#3462=IFCDIRECTION((0.,0.,1.));
#3463=IFCDIRECTION((1.,0.,0.));
#3464=IFCAXIS2PLACEMENT3D(#3461,#3462,#3463);
#3465=IFCDIRECTION((0.,0.,1.));
#3466=IFCEXTRUDEDAREASOLID(#3460,#3464,#3465,0.02500000037252903);
#3467=IFCCARTESIANPOINTLIST2D(((0.,0.),(0.,2.0250000022351742),(0.71116750687360764,2.0250000022351742),(0.71116750687360764,0.),(0.6361675038933754,0.),(0.6361675038933754,1.9499999992549419),(0.075000002980232239,1.9499999992549419),(0.075000002980232239,0.)));
#3468=IFCINDEXEDPOLYCURVE(#3467,(IFCLINEINDEX((1,2,3,4,5,6,7,8,1))),$);
#3469=IFCARBITRARYCLOSEDPROFILEDEF(.AREA.,$,#3468);
#3470=IFCCARTESIANPOINT((-0.025000002235174179,-0.004999999888241291,0.));
#3471=IFCDIRECTION((0.,-1.,0.));
#3472=IFCDIRECTION((1.,0.,0.));
#3473=IFCAXIS2PLACEMENT3D(#3470,#3471,#3472);
#3474=IFCDIRECTION((0.,0.,-1.));
#3475=IFCEXTRUDEDAREASOLID(#3469,#3473,#3474,0.004999999888241291);
#3476=IFCCARTESIANPOINTLIST2D(((0.,0.),(0.,2.0250000022351742),(0.71116750687360764,2.0250000022351742),(0.71116750687360764,0.),(0.66116750426590443,0.),(0.66116750426590443,1.974999999627471),(0.050000002607703209,1.974999999627471),(0.050000002607703209,0.)));
#3477=IFCINDEXEDPOLYCURVE(#3476,(IFCLINEINDEX((1,2,3,4,5,6,7,8,1))),$);
#3478=IFCARBITRARYCLOSEDPROFILEDEF(.AREA.,$,#3477);
#3479=IFCCARTESIANPOINT((-0.025000002235174179,0.05000000074505806,0.));
#3480=IFCDIRECTION((0.,-1.,0.));
#3481=IFCDIRECTION((1.,0.,0.));
#3482=IFCAXIS2PLACEMENT3D(#3479,#3480,#3481);
#3483=IFCDIRECTION((0.,0.,-1.));
#3484=IFCEXTRUDEDAREASOLID(#3478,#3482,#3483,0.004999999888241291);
#3485=IFCCARTESIANPOINTLIST2D(((0.,0.),(0.61116750165820122,0.),(0.61116750165820122,0.035000000149011612),(0.,0.035000000149011612)));
#3486=IFCINDEXEDPOLYCURVE(#3485,(IFCLINEINDEX((1,2,3,4,1))),$);
#3487=IFCARBITRARYCLOSEDPROFILEDEF(.AREA.,$,#3486);
#3488=IFCCARTESIANPOINT((0.02500000037252903,0.02500000037252903,0.02500000037252903));
#3489=IFCDIRECTION((0.,0.,1.));
#3490=IFCDIRECTION((1.,0.,0.));
#3491=IFCAXIS2PLACEMENT3D(#3488,#3489,#3490);
#3492=IFCDIRECTION((0.,0.,1.));
#3493=IFCEXTRUDEDAREASOLID(#3487,#3491,#3492,1.9499999992549419);
#3494=IFCCARTESIANPOINTLIST2D(((0.,0.),(0.,-0.040000000000000001),(0.12,-0.040000000000000001),(0.12,-0.02),(0.02,-0.02),(0.02,0.)));
#3495=IFCINDEXEDPOLYCURVE(#3494,(IFCLINEINDEX((1,2,3,4,5,6,1))),$);
#3496=IFCARBITRARYCLOSEDPROFILEDEF(.AREA.,$,#3495);
#3497=IFCCARTESIANPOINT((0.075000000372529033,0.02500000037252903,1.015000000372529));
#3498=IFCDIRECTION((0.,0.,1.));
#3499=IFCDIRECTION((1.,0.,0.));
#3500=IFCAXIS2PLACEMENT3D(#3497,#3498,#3499);
#3501=IFCDIRECTION((0.,0.,1.));
#3502=IFCEXTRUDEDAREASOLID(#3496,#3500,#3501,0.02);
#3503=IFCEXTRUDEDAREASOLID(#3504,#3507,#3511,0.02);
#3504=IFCARBITRARYCLOSEDPROFILEDEF(.AREA.,$,#3505);
#3505=IFCINDEXEDPOLYCURVE(#3506,(IFCLINEINDEX((1,2,3,4,5,6,1))),$);
#3506=IFCCARTESIANPOINTLIST2D(((0.,0.),(0.,0.040000000000000008),(0.11999999999999998,0.040000000000000008),(0.11999999999999998,0.020000000000000004),(0.020000000000000004,0.020000000000000004),(0.020000000000000004,0.)));
#3507=IFCAXIS2PLACEMENT3D(#3508,#3509,#3510);
#3508=IFCCARTESIANPOINT((0.075000000372529033,0.060000000521540642,1.015000000372529));
#3509=IFCDIRECTION((0.,0.,1.));
#3510=IFCDIRECTION((1.,0.,0.));
#3511=IFCDIRECTION((0.,0.,1.));
#3555=IFCCARTESIANPOINTLIST2D(((0.,0.),(0.,2.),(0.66153538227081299,2.),(0.66153538227081299,0.),(0.63653538189828396,0.),(0.63653538189828396,1.974999999627471),(0.02500000037252903,1.974999999627471),(0.02500000037252903,0.)));
#3556=IFCINDEXEDPOLYCURVE(#3555,(IFCLINEINDEX((1,2,3,4,5,6,7,8,1))),$);
#3557=IFCARBITRARYCLOSEDPROFILEDEF(.AREA.,$,#3556);
#3558=IFCCARTESIANPOINT((0.,0.02500000037252903,0.));
#3559=IFCDIRECTION((0.,-1.,0.));
#3560=IFCDIRECTION((1.,0.,0.));
#3561=IFCAXIS2PLACEMENT3D(#3558,#3559,#3560);
#3562=IFCDIRECTION((0.,0.,-1.));
#3563=IFCEXTRUDEDAREASOLID(#3557,#3561,#3562,0.02500000037252903);
#3564=IFCCARTESIANPOINTLIST2D(((0.,0.),(0.,2.),(0.66153538227081299,2.),(0.66153538227081299,0.),(0.61153538152575493,0.),(0.61153538152575493,1.9499999992549419),(0.05000000074505806,1.9499999992549419),(0.05000000074505806,0.)));
#3565=IFCINDEXEDPOLYCURVE(#3564,(IFCLINEINDEX((1,2,3,4,5,6,7,8,1))),$);
#3566=IFCARBITRARYCLOSEDPROFILEDEF(.AREA.,$,#3565);
#3567=IFCCARTESIANPOINT((0.,0.,0.));
#3568=IFCDIRECTION((0.,-1.,0.));
#3569=IFCDIRECTION((1.,0.,0.));
#3570=IFCAXIS2PLACEMENT3D(#3567,#3568,#3569);
#3571=IFCDIRECTION((0.,0.,-1.));
#3572=IFCEXTRUDEDAREASOLID(#3566,#3570,#3571,0.02500000037252903);
#3573=IFCCARTESIANPOINTLIST2D(((0.,0.),(0.56153538078069687,0.),(0.56153538078069687,0.10000000149011612),(0.,0.10000000149011612)));
#3574=IFCINDEXEDPOLYCURVE(#3573,(IFCLINEINDEX((1,2,3,4,1))),$);
#3575=IFCARBITRARYCLOSEDPROFILEDEF(.AREA.,$,#3574);
#3576=IFCCARTESIANPOINT((0.05000000074505806,0.,0.));
#3577=IFCDIRECTION((0.,0.,1.));
#3578=IFCDIRECTION((1.,0.,0.));
#3579=IFCAXIS2PLACEMENT3D(#3576,#3577,#3578);
#3580=IFCDIRECTION((0.,0.,1.));
#3581=IFCEXTRUDEDAREASOLID(#3575,#3579,#3580,0.02500000037252903);
#3582=IFCCARTESIANPOINTLIST2D(((0.,0.),(0.,2.0250000022351742),(0.71153538674116135,2.0250000022351742),(0.71153538674116135,0.),(0.63653538376092911,0.),(0.63653538376092911,1.9499999992549419),(0.075000002980232239,1.9499999992549419),(0.075000002980232239,0.)));
#3583=IFCINDEXEDPOLYCURVE(#3582,(IFCLINEINDEX((1,2,3,4,5,6,7,8,1))),$);
#3584=IFCARBITRARYCLOSEDPROFILEDEF(.AREA.,$,#3583);
#3585=IFCCARTESIANPOINT((-0.025000002235174179,-0.004999999888241291,0.));
#3586=IFCDIRECTION((0.,-1.,0.));
#3587=IFCDIRECTION((1.,0.,0.));
#3588=IFCAXIS2PLACEMENT3D(#3585,#3586,#3587);
#3589=IFCDIRECTION((0.,0.,-1.));
#3590=IFCEXTRUDEDAREASOLID(#3584,#3588,#3589,0.004999999888241291);
#3591=IFCCARTESIANPOINTLIST2D(((0.,0.),(0.,2.0250000022351742),(0.71153538674116135,2.0250000022351742),(0.71153538674116135,0.),(0.66153538413345814,0.),(0.66153538413345814,1.974999999627471),(0.050000002607703209,1.974999999627471),(0.050000002607703209,0.)));
#3592=IFCINDEXEDPOLYCURVE(#3591,(IFCLINEINDEX((1,2,3,4,5,6,7,8,1))),$);
#3593=IFCARBITRARYCLOSEDPROFILEDEF(.AREA.,$,#3592);
#3594=IFCCARTESIANPOINT((-0.025000002235174179,0.05000000074505806,0.));
#3595=IFCDIRECTION((0.,-1.,0.));
#3596=IFCDIRECTION((1.,0.,0.));
#3597=IFCAXIS2PLACEMENT3D(#3594,#3595,#3596);
#3598=IFCDIRECTION((0.,0.,-1.));
#3599=IFCEXTRUDEDAREASOLID(#3593,#3597,#3598,0.004999999888241291);
#3600=IFCCARTESIANPOINTLIST2D(((0.,0.),(0.61153538152575493,0.),(0.61153538152575493,0.035000000149011612),(0.,0.035000000149011612)));
#3601=IFCINDEXEDPOLYCURVE(#3600,(IFCLINEINDEX((1,2,3,4,1))),$);
#3602=IFCARBITRARYCLOSEDPROFILEDEF(.AREA.,$,#3601);
#3603=IFCCARTESIANPOINT((0.02500000037252903,0.02500000037252903,0.02500000037252903));
#3604=IFCDIRECTION((0.,0.,1.));
#3605=IFCDIRECTION((1.,0.,0.));
#3606=IFCAXIS2PLACEMENT3D(#3603,#3604,#3605);
#3607=IFCDIRECTION((0.,0.,1.));
#3608=IFCEXTRUDEDAREASOLID(#3602,#3606,#3607,1.9499999992549419);
#3609=IFCCARTESIANPOINTLIST2D(((0.,0.),(0.,-0.040000000000000001),(0.12,-0.040000000000000001),(0.12,-0.02),(0.02,-0.02),(0.02,0.)));
#3610=IFCINDEXEDPOLYCURVE(#3609,(IFCLINEINDEX((1,2,3,4,5,6,1))),$);
#3611=IFCARBITRARYCLOSEDPROFILEDEF(.AREA.,$,#3610);
#3612=IFCCARTESIANPOINT((0.075000000372529033,0.02500000037252903,1.015000000372529));
#3613=IFCDIRECTION((0.,0.,1.));
#3614=IFCDIRECTION((1.,0.,0.));
#3615=IFCAXIS2PLACEMENT3D(#3612,#3613,#3614);
#3616=IFCDIRECTION((0.,0.,1.));
#3617=IFCEXTRUDEDAREASOLID(#3611,#3615,#3616,0.02);
#3618=IFCEXTRUDEDAREASOLID(#3619,#3622,#3626,0.02);
#3619=IFCARBITRARYCLOSEDPROFILEDEF(.AREA.,$,#3620);
#3620=IFCINDEXEDPOLYCURVE(#3621,(IFCLINEINDEX((1,2,3,4,5,6,1))),$);
#3621=IFCCARTESIANPOINTLIST2D(((0.,0.),(0.,0.040000000000000008),(0.11999999999999998,0.040000000000000008),(0.11999999999999998,0.020000000000000004),(0.020000000000000004,0.020000000000000004),(0.020000000000000004,0.)));
#3622=IFCAXIS2PLACEMENT3D(#3623,#3624,#3625);
#3623=IFCCARTESIANPOINT((0.075000000372529033,0.060000000521540642,1.015000000372529));
#3624=IFCDIRECTION((0.,0.,1.));
#3625=IFCDIRECTION((1.,0.,0.));
#3626=IFCDIRECTION((0.,0.,1.));
#3670=IFCCARTESIANPOINTLIST2D(((0.,0.),(0.,2.),(0.67209422588348389,2.),(0.67209422588348389,0.),(0.64709422551095486,0.),(0.64709422551095486,1.974999999627471),(0.02500000037252903,1.974999999627471),(0.02500000037252903,0.)));
#3671=IFCINDEXEDPOLYCURVE(#3670,(IFCLINEINDEX((1,2,3,4,5,6,7,8,1))),$);
#3672=IFCARBITRARYCLOSEDPROFILEDEF(.AREA.,$,#3671);
#3673=IFCCARTESIANPOINT((0.,0.02500000037252903,0.));
#3674=IFCDIRECTION((0.,-1.,0.));
#3675=IFCDIRECTION((1.,0.,0.));
#3676=IFCAXIS2PLACEMENT3D(#3673,#3674,#3675);
#3677=IFCDIRECTION((0.,0.,-1.));
#3678=IFCEXTRUDEDAREASOLID(#3672,#3676,#3677,0.02500000037252903);
#3679=IFCCARTESIANPOINTLIST2D(((0.,0.),(0.,2.),(0.67209422588348389,2.),(0.67209422588348389,0.),(0.62209422513842583,0.),(0.62209422513842583,1.9499999992549419),(0.05000000074505806,1.9499999992549419),(0.05000000074505806,0.)));
#3680=IFCINDEXEDPOLYCURVE(#3679,(IFCLINEINDEX((1,2,3,4,5,6,7,8,1))),$);
#3681=IFCARBITRARYCLOSEDPROFILEDEF(.AREA.,$,#3680);
#3682=IFCCARTESIANPOINT((0.,0.,0.));
#3683=IFCDIRECTION((0.,-1.,0.));
#3684=IFCDIRECTION((1.,0.,0.));
#3685=IFCAXIS2PLACEMENT3D(#3682,#3683,#3684);
#3686=IFCDIRECTION((0.,0.,-1.));
#3687=IFCEXTRUDEDAREASOLID(#3681,#3685,#3686,0.02500000037252903);
#3688=IFCCARTESIANPOINTLIST2D(((0.,0.),(0.57209422439336777,0.),(0.57209422439336777,0.10000000149011612),(0.,0.10000000149011612)));
#3689=IFCINDEXEDPOLYCURVE(#3688,(IFCLINEINDEX((1,2,3,4,1))),$);
#3690=IFCARBITRARYCLOSEDPROFILEDEF(.AREA.,$,#3689);
#3691=IFCCARTESIANPOINT((0.05000000074505806,0.,0.));
#3692=IFCDIRECTION((0.,0.,1.));
#3693=IFCDIRECTION((1.,0.,0.));
#3694=IFCAXIS2PLACEMENT3D(#3691,#3692,#3693);
#3695=IFCDIRECTION((0.,0.,1.));
#3696=IFCEXTRUDEDAREASOLID(#3690,#3694,#3695,0.02500000037252903);
#3697=IFCCARTESIANPOINTLIST2D(((0.,0.),(0.,2.0250000022351742),(0.72209423035383224,2.0250000022351742),(0.72209423035383224,0.),(0.64709422737360001,0.),(0.64709422737360001,1.9499999992549419),(0.075000002980232239,1.9499999992549419),(0.075000002980232239,0.)));
#3698=IFCINDEXEDPOLYCURVE(#3697,(IFCLINEINDEX((1,2,3,4,5,6,7,8,1))),$);
#3699=IFCARBITRARYCLOSEDPROFILEDEF(.AREA.,$,#3698);
#3700=IFCCARTESIANPOINT((-0.025000002235174179,-0.004999999888241291,0.));
#3701=IFCDIRECTION((0.,-1.,0.));
#3702=IFCDIRECTION((1.,0.,0.));
#3703=IFCAXIS2PLACEMENT3D(#3700,#3701,#3702);
#3704=IFCDIRECTION((0.,0.,-1.));
#3705=IFCEXTRUDEDAREASOLID(#3699,#3703,#3704,0.004999999888241291);
#3706=IFCCARTESIANPOINTLIST2D(((0.,0.),(0.,2.0250000022351742),(0.72209423035383224,2.0250000022351742),(0.72209423035383224,0.),(0.67209422774612904,0.),(0.67209422774612904,1.974999999627471),(0.050000002607703209,1.974999999627471),(0.050000002607703209,0.)));
#3707=IFCINDEXEDPOLYCURVE(#3706,(IFCLINEINDEX((1,2,3,4,5,6,7,8,1))),$);
#3708=IFCARBITRARYCLOSEDPROFILEDEF(.AREA.,$,#3707);
#3709=IFCCARTESIANPOINT((-0.025000002235174179,0.05000000074505806,0.));
#3710=IFCDIRECTION((0.,-1.,0.));
#3711=IFCDIRECTION((1.,0.,0.));
#3712=IFCAXIS2PLACEMENT3D(#3709,#3710,#3711);
#3713=IFCDIRECTION((0.,0.,-1.));
#3714=IFCEXTRUDEDAREASOLID(#3708,#3712,#3713,0.004999999888241291);
#3715=IFCCARTESIANPOINTLIST2D(((0.,0.),(0.62209422513842583,0.),(0.62209422513842583,0.035000000149011612),(0.,0.035000000149011612)));
#3716=IFCINDEXEDPOLYCURVE(#3715,(IFCLINEINDEX((1,2,3,4,1))),$);
#3717=IFCARBITRARYCLOSEDPROFILEDEF(.AREA.,$,#3716);
#3718=IFCCARTESIANPOINT((0.02500000037252903,0.02500000037252903,0.02500000037252903));
#3719=IFCDIRECTION((0.,0.,1.));
#3720=IFCDIRECTION((1.,0.,0.));
#3721=IFCAXIS2PLACEMENT3D(#3718,#3719,#3720);
#3722=IFCDIRECTION((0.,0.,1.));
#3723=IFCEXTRUDEDAREASOLID(#3717,#3721,#3722,1.9499999992549419);
#3724=IFCCARTESIANPOINTLIST2D(((0.,0.),(0.,-0.040000000000000001),(0.12,-0.040000000000000001),(0.12,-0.02),(0.02,-0.02),(0.02,0.)));
#3725=IFCINDEXEDPOLYCURVE(#3724,(IFCLINEINDEX((1,2,3,4,5,6,1))),$);
#3726=IFCARBITRARYCLOSEDPROFILEDEF(.AREA.,$,#3725);
#3727=IFCCARTESIANPOINT((0.075000000372529033,0.02500000037252903,1.015000000372529));
#3728=IFCDIRECTION((0.,0.,1.));
#3729=IFCDIRECTION((1.,0.,0.));
#3730=IFCAXIS2PLACEMENT3D(#3727,#3728,#3729);
#3731=IFCDIRECTION((0.,0.,1.));
#3732=IFCEXTRUDEDAREASOLID(#3726,#3730,#3731,0.02);
#3733=IFCEXTRUDEDAREASOLID(#3734,#3737,#3741,0.02);
#3734=IFCARBITRARYCLOSEDPROFILEDEF(.AREA.,$,#3735);
#3735=IFCINDEXEDPOLYCURVE(#3736,(IFCLINEINDEX((1,2,3,4,5,6,1))),$);
#3736=IFCCARTESIANPOINTLIST2D(((0.,0.),(0.,0.040000000000000008),(0.11999999999999998,0.040000000000000008),(0.11999999999999998,0.020000000000000004),(0.020000000000000004,0.020000000000000004),(0.020000000000000004,0.)));
#3737=IFCAXIS2PLACEMENT3D(#3738,#3739,#3740);
#3738=IFCCARTESIANPOINT((0.075000000372529033,0.060000000521540642,1.015000000372529));
#3739=IFCDIRECTION((0.,0.,1.));
#3740=IFCDIRECTION((1.,0.,0.));
#3741=IFCDIRECTION((0.,0.,1.));
#3785=IFCCARTESIANPOINTLIST2D(((0.,0.),(0.,2.),(0.74377214908599854,2.),(0.74377214908599854,0.),(0.71877214871346951,0.),(0.71877214871346951,1.974999999627471),(0.02500000037252903,1.974999999627471),(0.02500000037252903,0.)));
#3786=IFCINDEXEDPOLYCURVE(#3785,(IFCLINEINDEX((1,2,3,4,5,6,7,8,1))),$);
#3787=IFCARBITRARYCLOSEDPROFILEDEF(.AREA.,$,#3786);
#3788=IFCCARTESIANPOINT((0.,0.02500000037252903,0.));
#3789=IFCDIRECTION((0.,-1.,0.));
#3790=IFCDIRECTION((1.,0.,0.));
#3791=IFCAXIS2PLACEMENT3D(#3788,#3789,#3790);
#3792=IFCDIRECTION((0.,0.,-1.));
#3793=IFCEXTRUDEDAREASOLID(#3787,#3791,#3792,0.02500000037252903);
#3794=IFCCARTESIANPOINTLIST2D(((0.,0.),(0.,2.),(0.74377214908599854,2.),(0.74377214908599854,0.),(0.69377214834094048,0.),(0.69377214834094048,1.9499999992549419),(0.05000000074505806,1.9499999992549419),(0.05000000074505806,0.)));
#3795=IFCINDEXEDPOLYCURVE(#3794,(IFCLINEINDEX((1,2,3,4,5,6,7,8,1))),$);
#3796=IFCARBITRARYCLOSEDPROFILEDEF(.AREA.,$,#3795);
#3797=IFCCARTESIANPOINT((0.,0.,0.));
#3798=IFCDIRECTION((0.,-1.,0.));
#3799=IFCDIRECTION((1.,0.,0.));
#3800=IFCAXIS2PLACEMENT3D(#3797,#3798,#3799);
#3801=IFCDIRECTION((0.,0.,-1.));
#3802=IFCEXTRUDEDAREASOLID(#3796,#3800,#3801,0.02500000037252903);
#3803=IFCCARTESIANPOINTLIST2D(((0.,0.),(0.64377214759588242,0.),(0.64377214759588242,0.10000000149011612),(0.,0.10000000149011612)));
#3804=IFCINDEXEDPOLYCURVE(#3803,(IFCLINEINDEX((1,2,3,4,1))),$);
#3805=IFCARBITRARYCLOSEDPROFILEDEF(.AREA.,$,#3804);
#3806=IFCCARTESIANPOINT((0.05000000074505806,0.,0.));
#3807=IFCDIRECTION((0.,0.,1.));
#3808=IFCDIRECTION((1.,0.,0.));
#3809=IFCAXIS2PLACEMENT3D(#3806,#3807,#3808);
#3810=IFCDIRECTION((0.,0.,1.));
#3811=IFCEXTRUDEDAREASOLID(#3805,#3809,#3810,0.02500000037252903);
#3812=IFCCARTESIANPOINTLIST2D(((0.,0.),(0.,2.0250000022351742),(0.79377215355634689,2.0250000022351742),(0.79377215355634689,0.),(0.71877215057611465,0.),(0.71877215057611465,1.9499999992549419),(0.075000002980232239,1.9499999992549419),(0.075000002980232239,0.)));
#3813=IFCINDEXEDPOLYCURVE(#3812,(IFCLINEINDEX((1,2,3,4,5,6,7,8,1))),$);
#3814=IFCARBITRARYCLOSEDPROFILEDEF(.AREA.,$,#3813);
#3815=IFCCARTESIANPOINT((-0.025000002235174179,-0.004999999888241291,0.));
#3816=IFCDIRECTION((0.,-1.,0.));
#3817=IFCDIRECTION((1.,0.,0.));
#3818=IFCAXIS2PLACEMENT3D(#3815,#3816,#3817);
#3819=IFCDIRECTION((0.,0.,-1.));
#3820=IFCEXTRUDEDAREASOLID(#3814,#3818,#3819,0.004999999888241291);
#3821=IFCCARTESIANPOINTLIST2D(((0.,0.),(0.,2.0250000022351742),(0.79377215355634689,2.0250000022351742),(0.79377215355634689,0.),(0.74377215094864368,0.),(0.74377215094864368,1.974999999627471),(0.050000002607703209,1.974999999627471),(0.050000002607703209,0.)));
#3822=IFCINDEXEDPOLYCURVE(#3821,(IFCLINEINDEX((1,2,3,4,5,6,7,8,1))),$);
#3823=IFCARBITRARYCLOSEDPROFILEDEF(.AREA.,$,#3822);
#3824=IFCCARTESIANPOINT((-0.025000002235174179,0.05000000074505806,0.));
#3825=IFCDIRECTION((0.,-1.,0.));
#3826=IFCDIRECTION((1.,0.,0.));
#3827=IFCAXIS2PLACEMENT3D(#3824,#3825,#3826);
#3828=IFCDIRECTION((0.,0.,-1.));
#3829=IFCEXTRUDEDAREASOLID(#3823,#3827,#3828,0.004999999888241291);
#3830=IFCCARTESIANPOINTLIST2D(((0.,0.),(0.69377214834094048,0.),(0.69377214834094048,0.035000000149011612),(0.,0.035000000149011612)));
#3831=IFCINDEXEDPOLYCURVE(#3830,(IFCLINEINDEX((1,2,3,4,1))),$);
#3832=IFCARBITRARYCLOSEDPROFILEDEF(.AREA.,$,#3831);
#3833=IFCCARTESIANPOINT((0.02500000037252903,0.02500000037252903,0.02500000037252903));
#3834=IFCDIRECTION((0.,0.,1.));
#3835=IFCDIRECTION((1.,0.,0.));
#3836=IFCAXIS2PLACEMENT3D(#3833,#3834,#3835);
#3837=IFCDIRECTION((0.,0.,1.));
#3838=IFCEXTRUDEDAREASOLID(#3832,#3836,#3837,1.9499999992549419);
#3839=IFCCARTESIANPOINTLIST2D(((0.,0.),(0.,-0.040000000000000001),(-0.11999999999999988,-0.040000000000000001),(-0.11999999999999988,-0.02),(-0.020000000000000018,-0.02),(-0.020000000000000018,0.)));
#3840=IFCINDEXEDPOLYCURVE(#3839,(IFCLINEINDEX((1,2,3,4,5,6,1))),$);
#3841=IFCARBITRARYCLOSEDPROFILEDEF(.AREA.,$,#3840);
#3842=IFCCARTESIANPOINT((0.66877214871346946,0.02500000037252903,1.015000000372529));
#3843=IFCDIRECTION((0.,0.,1.));
#3844=IFCDIRECTION((1.,0.,0.));
#3845=IFCAXIS2PLACEMENT3D(#3842,#3843,#3844);
#3846=IFCDIRECTION((0.,0.,1.));
#3847=IFCEXTRUDEDAREASOLID(#3841,#3845,#3846,0.02);
#3848=IFCEXTRUDEDAREASOLID(#3849,#3852,#3856,0.02);
#3849=IFCARBITRARYCLOSEDPROFILEDEF(.AREA.,$,#3850);
#3850=IFCINDEXEDPOLYCURVE(#3851,(IFCLINEINDEX((1,2,3,4,5,6,1))),$);
#3851=IFCCARTESIANPOINTLIST2D(((0.,0.),(0.,0.040000000000000008),(-0.11999999999999988,0.040000000000000008),(-0.11999999999999988,0.020000000000000004),(-0.020000000000000018,0.020000000000000004),(-0.020000000000000018,0.)));
#3852=IFCAXIS2PLACEMENT3D(#3853,#3854,#3855);
#3853=IFCCARTESIANPOINT((0.66877214871346946,0.060000000521540642,1.015000000372529));
#3854=IFCDIRECTION((0.,0.,1.));
#3855=IFCDIRECTION((1.,0.,0.));
#3856=IFCDIRECTION((0.,0.,1.));
#3897=IFCCARTESIANPOINTLIST3D(((0.,0.,0.),(0.74377214908599854,0.,0.),(0.74377214908599854,0.,2.),(0.,0.,2.)));
#3898=IFCINDEXEDPOLYCURVE(#3897,(IFCLINEINDEX((1,2,3,4,1))),$);
#3899=IFCSHAPEREPRESENTATION(#18,'Profile','Curve3D',(#3898));
#3900=IFCCARTESIANPOINTLIST2D(((0.,0.),(0.,2.),(0.74377214908599854,2.),(0.74377214908599854,0.),(0.71877214871346951,0.),(0.71877214871346951,1.974999999627471),(0.02500000037252903,1.974999999627471),(0.02500000037252903,0.)));
#3901=IFCINDEXEDPOLYCURVE(#3900,(IFCLINEINDEX((1,2,3,4,5,6,7,8,1))),$);
#3902=IFCARBITRARYCLOSEDPROFILEDEF(.AREA.,$,#3901);
#3903=IFCCARTESIANPOINT((0.,0.02500000037252903,0.));
#3904=IFCDIRECTION((0.,-1.,0.));
#3905=IFCDIRECTION((1.,0.,0.));
#3906=IFCAXIS2PLACEMENT3D(#3903,#3904,#3905);
#3907=IFCDIRECTION((0.,0.,-1.));
#3908=IFCEXTRUDEDAREASOLID(#3902,#3906,#3907,0.02500000037252903);
#3909=IFCCARTESIANPOINTLIST2D(((0.,0.),(0.,2.),(0.74377214908599854,2.),(0.74377214908599854,0.),(0.69377214834094048,0.),(0.69377214834094048,1.9499999992549419),(0.05000000074505806,1.9499999992549419),(0.05000000074505806,0.)));
#3910=IFCINDEXEDPOLYCURVE(#3909,(IFCLINEINDEX((1,2,3,4,5,6,7,8,1))),$);
#3911=IFCARBITRARYCLOSEDPROFILEDEF(.AREA.,$,#3910);
#3912=IFCCARTESIANPOINT((0.,0.,0.));
#3913=IFCDIRECTION((0.,-1.,0.));
#3914=IFCDIRECTION((1.,0.,0.));
#3915=IFCAXIS2PLACEMENT3D(#3912,#3913,#3914);
#3916=IFCDIRECTION((0.,0.,-1.));
#3917=IFCEXTRUDEDAREASOLID(#3911,#3915,#3916,0.02500000037252903);
#3918=IFCCARTESIANPOINTLIST2D(((0.,0.),(0.64377214759588242,0.),(0.64377214759588242,0.10000000149011612),(0.,0.10000000149011612)));
#3919=IFCINDEXEDPOLYCURVE(#3918,(IFCLINEINDEX((1,2,3,4,1))),$);
#3920=IFCARBITRARYCLOSEDPROFILEDEF(.AREA.,$,#3919);
#3921=IFCCARTESIANPOINT((0.05000000074505806,0.,0.));
#3922=IFCDIRECTION((0.,0.,1.));
#3923=IFCDIRECTION((1.,0.,0.));
#3924=IFCAXIS2PLACEMENT3D(#3921,#3922,#3923);
#3925=IFCDIRECTION((0.,0.,1.));
#3926=IFCEXTRUDEDAREASOLID(#3920,#3924,#3925,0.02500000037252903);
#3927=IFCCARTESIANPOINTLIST2D(((0.,0.),(0.,2.0250000022351742),(0.79377215355634689,2.0250000022351742),(0.79377215355634689,0.),(0.71877215057611465,0.),(0.71877215057611465,1.9499999992549419),(0.075000002980232239,1.9499999992549419),(0.075000002980232239,0.)));
#3928=IFCINDEXEDPOLYCURVE(#3927,(IFCLINEINDEX((1,2,3,4,5,6,7,8,1))),$);
#3929=IFCARBITRARYCLOSEDPROFILEDEF(.AREA.,$,#3928);
#3930=IFCCARTESIANPOINT((-0.025000002235174179,-0.004999999888241291,0.));
#3931=IFCDIRECTION((0.,-1.,0.));
#3932=IFCDIRECTION((1.,0.,0.));
#3933=IFCAXIS2PLACEMENT3D(#3930,#3931,#3932);
#3934=IFCDIRECTION((0.,0.,-1.));
#3935=IFCEXTRUDEDAREASOLID(#3929,#3933,#3934,0.004999999888241291);
#3936=IFCCARTESIANPOINTLIST2D(((0.,0.),(0.,2.0250000022351742),(0.79377215355634689,2.0250000022351742),(0.79377215355634689,0.),(0.74377215094864368,0.),(0.74377215094864368,1.974999999627471),(0.050000002607703209,1.974999999627471),(0.050000002607703209,0.)));
#3937=IFCINDEXEDPOLYCURVE(#3936,(IFCLINEINDEX((1,2,3,4,5,6,7,8,1))),$);
#3938=IFCARBITRARYCLOSEDPROFILEDEF(.AREA.,$,#3937);
#3939=IFCCARTESIANPOINT((-0.025000002235174179,0.05000000074505806,0.));
#3940=IFCDIRECTION((0.,-1.,0.));
#3941=IFCDIRECTION((1.,0.,0.));
#3942=IFCAXIS2PLACEMENT3D(#3939,#3940,#3941);
#3943=IFCDIRECTION((0.,0.,-1.));
#3944=IFCEXTRUDEDAREASOLID(#3938,#3942,#3943,0.004999999888241291);
#3945=IFCCARTESIANPOINTLIST2D(((0.,0.),(0.69377214834094048,0.),(0.69377214834094048,0.035000000149011612),(0.,0.035000000149011612)));
#3946=IFCINDEXEDPOLYCURVE(#3945,(IFCLINEINDEX((1,2,3,4,1))),$);
#3947=IFCARBITRARYCLOSEDPROFILEDEF(.AREA.,$,#3946);
#3948=IFCCARTESIANPOINT((0.02500000037252903,0.02500000037252903,0.02500000037252903));
#3949=IFCDIRECTION((0.,0.,1.));
#3950=IFCDIRECTION((1.,0.,0.));
#3951=IFCAXIS2PLACEMENT3D(#3948,#3949,#3950);
#3952=IFCDIRECTION((0.,0.,1.));
#3953=IFCEXTRUDEDAREASOLID(#3947,#3951,#3952,1.9499999992549419);
#3954=IFCCARTESIANPOINTLIST2D(((0.,0.),(0.,-0.040000000000000001),(-0.11999999999999988,-0.040000000000000001),(-0.11999999999999988,-0.02),(-0.020000000000000018,-0.02),(-0.020000000000000018,0.)));
#3955=IFCINDEXEDPOLYCURVE(#3954,(IFCLINEINDEX((1,2,3,4,5,6,1))),$);
#3956=IFCARBITRARYCLOSEDPROFILEDEF(.AREA.,$,#3955);
#3957=IFCCARTESIANPOINT((0.66877214871346946,0.02500000037252903,1.015000000372529));
#3958=IFCDIRECTION((0.,0.,1.));
#3959=IFCDIRECTION((1.,0.,0.));
#3960=IFCAXIS2PLACEMENT3D(#3957,#3958,#3959);
#3961=IFCDIRECTION((0.,0.,1.));
#3962=IFCEXTRUDEDAREASOLID(#3956,#3960,#3961,0.02);
#3963=IFCEXTRUDEDAREASOLID(#3964,#3967,#3971,0.02);
#3964=IFCARBITRARYCLOSEDPROFILEDEF(.AREA.,$,#3965);
#3965=IFCINDEXEDPOLYCURVE(#3966,(IFCLINEINDEX((1,2,3,4,5,6,1))),$);
#3966=IFCCARTESIANPOINTLIST2D(((0.,0.),(0.,0.040000000000000008),(-0.11999999999999988,0.040000000000000008),(-0.11999999999999988,0.020000000000000004),(-0.020000000000000018,0.020000000000000004),(-0.020000000000000018,0.)));
#3967=IFCAXIS2PLACEMENT3D(#3968,#3969,#3970);
#3968=IFCCARTESIANPOINT((0.66877214871346946,0.060000000521540642,1.015000000372529));
#3969=IFCDIRECTION((0.,0.,1.));
#3970=IFCDIRECTION((1.,0.,0.));
#3971=IFCDIRECTION((0.,0.,1.));
#3972=IFCSHAPEREPRESENTATION(#11,'Body','SweptSolid',(#3908,#3917,#3953,#3962,#3963,#3926,#3935,#3944));
#3973=IFCCARTESIANPOINTLIST2D(((0.,0.),(0.,0.05000000074505806),(0.02500000037252903,0.05000000074505806),(0.02500000037252903,0.02500000037252903),(0.05000000074505806,0.02500000037252903),(0.05000000074505806,0.)));
#3974=IFCINDEXEDPOLYCURVE(#3973,(IFCLINEINDEX((1,2,3,4,5,6,1))),$);
#3975=IFCINDEXEDPOLYCURVE(#3976,(IFCLINEINDEX((1,2,3,4,5,6,1))),$);
#3976=IFCCARTESIANPOINTLIST2D(((0.74377214908599854,0.),(0.74377214908599854,0.05000000074505806),(0.71877214871346951,0.05000000074505806),(0.71877214871346951,0.02500000037252903),(0.69377214834094048,0.02500000037252903),(0.69377214834094048,0.)));
#3977=IFCDIRECTION((1.,0.));
#3978=IFCCARTESIANPOINT((0.060000000521540642,0.05000000074505806));
#3979=IFCAXIS2PLACEMENT2D(#3978,#3977);
#3980=IFCELLIPSE(#3979,0.65877214819192886,0.69377214834094048);
#3981=IFCCARTESIANPOINT((0.71877214871346951,0.05000000074505806));
#3982=IFCCARTESIANPOINT((0.060000000521540642,0.74377214908599854));
#3983=IFCTRIMMEDCURVE(#3980,(#3981),(#3982),.T.,.CARTESIAN.);
#3984=IFCCARTESIANPOINTLIST2D(((0.02500000037252903,0.05000000074505806),(0.060000000521540642,0.05000000074505806),(0.060000000521540642,0.74377214908599854),(0.02500000037252903,0.74377214908599854)));
#3985=IFCINDEXEDPOLYCURVE(#3984,(IFCLINEINDEX((1,2,3,4,1))),$);
#3986=IFCSHAPEREPRESENTATION(#24,'Body','Curve2D',(#3974,#3975,#3983,#3985));
#3987=IFCCARTESIANPOINTLIST2D(((0.,0.),(0.74377214908599854,0.),(0.74377214908599854,2.),(0.,2.)));
#3988=IFCINDEXEDPOLYCURVE(#3987,(IFCLINEINDEX((1,2,3,4,1))),$);
#3989=IFCARBITRARYCLOSEDPROFILEDEF(.AREA.,$,#3988);
#3990=IFCCARTESIANPOINT((0.,-0.60000002384185791,0.));
#3991=IFCDIRECTION((0.,-1.,0.));
#3992=IFCDIRECTION((1.,0.,0.));
#3993=IFCAXIS2PLACEMENT3D(#3990,#3991,#3992);
#3994=IFCDIRECTION((0.,0.,-1.));
#3995=IFCEXTRUDEDAREASOLID(#3989,#3993,#3994,1.2);
#3996=IFCSHAPEREPRESENTATION(#11,'Body','SweptSolid',(#3995));
#4002=IFCCARTESIANPOINT((0.049678322732470637,0.014999995367612096,0.));
#4003=IFCDIRECTION((0.,0.,1.));
#4004=IFCDIRECTION((0.99999999999999289,-1.1920928955077312E-07,0.));
#4005=IFCAXIS2PLACEMENT3D(#4002,#4003,#4004);
#4006=IFCLOCALPLACEMENT(#1205,#4005);
#4007=IFCCARTESIANPOINT((-4.4408920985006262E-16,-2.2204460492503131E-16,0.));
#4008=IFCDIRECTION((0.,0.,1.));
#4009=IFCDIRECTION((1.,0.,0.));
#4010=IFCAXIS2PLACEMENT3D(#4007,#4008,#4009);
#4011=IFCLOCALPLACEMENT(#4006,#4010);
#4015=IFCCARTESIANPOINTLIST2D(((0.,0.),(0.,2.),(0.86252284049987793,2.),(0.86252284049987793,0.),(0.8375228401273489,0.),(0.8375228401273489,1.974999999627471),(0.02500000037252903,1.974999999627471),(0.02500000037252903,0.)));
#4016=IFCINDEXEDPOLYCURVE(#4015,(IFCLINEINDEX((1,2,3,4,5,6,7,8,1))),$);
#4017=IFCARBITRARYCLOSEDPROFILEDEF(.AREA.,$,#4016);
#4018=IFCCARTESIANPOINT((0.,0.02500000037252903,0.));
#4019=IFCDIRECTION((0.,-1.,0.));
#4020=IFCDIRECTION((1.,0.,0.));
#4021=IFCAXIS2PLACEMENT3D(#4018,#4019,#4020);
#4022=IFCDIRECTION((0.,0.,-1.));
#4023=IFCEXTRUDEDAREASOLID(#4017,#4021,#4022,0.02500000037252903);
#4024=IFCCARTESIANPOINTLIST2D(((0.,0.),(0.,2.),(0.86252284049987793,2.),(0.86252284049987793,0.),(0.81252283975481987,0.),(0.81252283975481987,1.9499999992549419),(0.05000000074505806,1.9499999992549419),(0.05000000074505806,0.)));
#4025=IFCINDEXEDPOLYCURVE(#4024,(IFCLINEINDEX((1,2,3,4,5,6,7,8,1))),$);
#4026=IFCARBITRARYCLOSEDPROFILEDEF(.AREA.,$,#4025);
#4027=IFCCARTESIANPOINT((0.,0.,0.));
#4028=IFCDIRECTION((0.,-1.,0.));
#4029=IFCDIRECTION((1.,0.,0.));
#4030=IFCAXIS2PLACEMENT3D(#4027,#4028,#4029);
#4031=IFCDIRECTION((0.,0.,-1.));
#4032=IFCEXTRUDEDAREASOLID(#4026,#4030,#4031,0.02500000037252903);
#4033=IFCCARTESIANPOINTLIST2D(((0.,0.),(0.76252283900976181,0.),(0.76252283900976181,0.10000000149011612),(0.,0.10000000149011612)));
#4034=IFCINDEXEDPOLYCURVE(#4033,(IFCLINEINDEX((1,2,3,4,1))),$);
#4035=IFCARBITRARYCLOSEDPROFILEDEF(.AREA.,$,#4034);
#4036=IFCCARTESIANPOINT((0.05000000074505806,0.,0.));
#4037=IFCDIRECTION((0.,0.,1.));
#4038=IFCDIRECTION((1.,0.,0.));
#4039=IFCAXIS2PLACEMENT3D(#4036,#4037,#4038);
#4040=IFCDIRECTION((0.,0.,1.));
#4041=IFCEXTRUDEDAREASOLID(#4035,#4039,#4040,0.02500000037252903);
#4042=IFCCARTESIANPOINTLIST2D(((0.,0.),(0.,2.0250000022351742),(0.91252284497022629,2.0250000022351742),(0.91252284497022629,0.),(0.83752284198999405,0.),(0.83752284198999405,1.9499999992549419),(0.075000002980232239,1.9499999992549419),(0.075000002980232239,0.)));
#4043=IFCINDEXEDPOLYCURVE(#4042,(IFCLINEINDEX((1,2,3,4,5,6,7,8,1))),$);
#4044=IFCARBITRARYCLOSEDPROFILEDEF(.AREA.,$,#4043);
#4045=IFCCARTESIANPOINT((-0.025000002235174179,-0.004999999888241291,0.));
#4046=IFCDIRECTION((0.,-1.,0.));
#4047=IFCDIRECTION((1.,0.,0.));
#4048=IFCAXIS2PLACEMENT3D(#4045,#4046,#4047);
#4049=IFCDIRECTION((0.,0.,-1.));
#4050=IFCEXTRUDEDAREASOLID(#4044,#4048,#4049,0.004999999888241291);
#4051=IFCCARTESIANPOINTLIST2D(((0.,0.),(0.,2.0250000022351742),(0.91252284497022629,2.0250000022351742),(0.91252284497022629,0.),(0.86252284236252308,0.),(0.86252284236252308,1.974999999627471),(0.050000002607703209,1.974999999627471),(0.050000002607703209,0.)));
#4052=IFCINDEXEDPOLYCURVE(#4051,(IFCLINEINDEX((1,2,3,4,5,6,7,8,1))),$);
#4053=IFCARBITRARYCLOSEDPROFILEDEF(.AREA.,$,#4052);
#4054=IFCCARTESIANPOINT((-0.025000002235174179,0.05000000074505806,0.));
#4055=IFCDIRECTION((0.,-1.,0.));
#4056=IFCDIRECTION((1.,0.,0.));
#4057=IFCAXIS2PLACEMENT3D(#4054,#4055,#4056);
#4058=IFCDIRECTION((0.,0.,-1.));
#4059=IFCEXTRUDEDAREASOLID(#4053,#4057,#4058,0.004999999888241291);
#4060=IFCCARTESIANPOINTLIST2D(((0.,0.),(0.81252283975481987,0.),(0.81252283975481987,0.035000000149011612),(0.,0.035000000149011612)));
#4061=IFCINDEXEDPOLYCURVE(#4060,(IFCLINEINDEX((1,2,3,4,1))),$);
#4062=IFCARBITRARYCLOSEDPROFILEDEF(.AREA.,$,#4061);
#4063=IFCCARTESIANPOINT((0.02500000037252903,0.02500000037252903,0.02500000037252903));
#4064=IFCDIRECTION((0.,0.,1.));
#4065=IFCDIRECTION((1.,0.,0.));
#4066=IFCAXIS2PLACEMENT3D(#4063,#4064,#4065);
#4067=IFCDIRECTION((0.,0.,1.));
#4068=IFCEXTRUDEDAREASOLID(#4062,#4066,#4067,1.9499999992549419);
#4069=IFCCARTESIANPOINTLIST2D(((0.,0.),(0.,-0.040000000000000001),(0.12,-0.040000000000000001),(0.12,-0.02),(0.02,-0.02),(0.02,0.)));
#4070=IFCINDEXEDPOLYCURVE(#4069,(IFCLINEINDEX((1,2,3,4,5,6,1))),$);
#4071=IFCARBITRARYCLOSEDPROFILEDEF(.AREA.,$,#4070);
#4072=IFCCARTESIANPOINT((0.075000000372529033,0.02500000037252903,1.015000000372529));
#4073=IFCDIRECTION((0.,0.,1.));
#4074=IFCDIRECTION((1.,0.,0.));
#4075=IFCAXIS2PLACEMENT3D(#4072,#4073,#4074);
#4076=IFCDIRECTION((0.,0.,1.));
#4077=IFCEXTRUDEDAREASOLID(#4071,#4075,#4076,0.02);
#4078=IFCEXTRUDEDAREASOLID(#4079,#4082,#4086,0.02);
#4079=IFCARBITRARYCLOSEDPROFILEDEF(.AREA.,$,#4080);
#4080=IFCINDEXEDPOLYCURVE(#4081,(IFCLINEINDEX((1,2,3,4,5,6,1))),$);
#4081=IFCCARTESIANPOINTLIST2D(((0.,0.),(0.,0.040000000000000008),(0.11999999999999998,0.040000000000000008),(0.11999999999999998,0.020000000000000004),(0.020000000000000004,0.020000000000000004),(0.020000000000000004,0.)));
#4082=IFCAXIS2PLACEMENT3D(#4083,#4084,#4085);
#4083=IFCCARTESIANPOINT((0.075000000372529033,0.060000000521540642,1.015000000372529));
#4084=IFCDIRECTION((0.,0.,1.));
#4085=IFCDIRECTION((1.,0.,0.));
#4086=IFCDIRECTION((0.,0.,1.));
#4127=IFCCARTESIANPOINTLIST3D(((0.,0.,0.),(0.86252284049987793,0.,0.),(0.86252284049987793,0.,2.),(0.,0.,2.)));
#4128=IFCINDEXEDPOLYCURVE(#4127,(IFCLINEINDEX((1,2,3,4,1))),$);
#4129=IFCSHAPEREPRESENTATION(#18,'Profile','Curve3D',(#4128));
#4130=IFCCARTESIANPOINTLIST2D(((0.,0.),(0.,2.),(0.86252284049987793,2.),(0.86252284049987793,0.),(0.8375228401273489,0.),(0.8375228401273489,1.974999999627471),(0.02500000037252903,1.974999999627471),(0.02500000037252903,0.)));
#4131=IFCINDEXEDPOLYCURVE(#4130,(IFCLINEINDEX((1,2,3,4,5,6,7,8,1))),$);
#4132=IFCARBITRARYCLOSEDPROFILEDEF(.AREA.,$,#4131);
#4133=IFCCARTESIANPOINT((0.,0.02500000037252903,0.));
#4134=IFCDIRECTION((0.,-1.,0.));
#4135=IFCDIRECTION((1.,0.,0.));
#4136=IFCAXIS2PLACEMENT3D(#4133,#4134,#4135);
#4137=IFCDIRECTION((0.,0.,-1.));
#4138=IFCEXTRUDEDAREASOLID(#4132,#4136,#4137,0.02500000037252903);
#4139=IFCCARTESIANPOINTLIST2D(((0.,0.),(0.,2.),(0.86252284049987793,2.),(0.86252284049987793,0.),(0.81252283975481987,0.),(0.81252283975481987,1.9499999992549419),(0.05000000074505806,1.9499999992549419),(0.05000000074505806,0.)));
#4140=IFCINDEXEDPOLYCURVE(#4139,(IFCLINEINDEX((1,2,3,4,5,6,7,8,1))),$);
#4141=IFCARBITRARYCLOSEDPROFILEDEF(.AREA.,$,#4140);
#4142=IFCCARTESIANPOINT((0.,0.,0.));
#4143=IFCDIRECTION((0.,-1.,0.));
#4144=IFCDIRECTION((1.,0.,0.));
#4145=IFCAXIS2PLACEMENT3D(#4142,#4143,#4144);
#4146=IFCDIRECTION((0.,0.,-1.));
#4147=IFCEXTRUDEDAREASOLID(#4141,#4145,#4146,0.02500000037252903);
#4148=IFCCARTESIANPOINTLIST2D(((0.,0.),(0.76252283900976181,0.),(0.76252283900976181,0.10000000149011612),(0.,0.10000000149011612)));
#4149=IFCINDEXEDPOLYCURVE(#4148,(IFCLINEINDEX((1,2,3,4,1))),$);
#4150=IFCARBITRARYCLOSEDPROFILEDEF(.AREA.,$,#4149);
#4151=IFCCARTESIANPOINT((0.05000000074505806,0.,0.));
#4152=IFCDIRECTION((0.,0.,1.));
#4153=IFCDIRECTION((1.,0.,0.));
#4154=IFCAXIS2PLACEMENT3D(#4151,#4152,#4153);
#4155=IFCDIRECTION((0.,0.,1.));
#4156=IFCEXTRUDEDAREASOLID(#4150,#4154,#4155,0.02500000037252903);
#4157=IFCCARTESIANPOINTLIST2D(((0.,0.),(0.,2.0250000022351742),(0.91252284497022629,2.0250000022351742),(0.91252284497022629,0.),(0.83752284198999405,0.),(0.83752284198999405,1.9499999992549419),(0.075000002980232239,1.9499999992549419),(0.075000002980232239,0.)));
#4158=IFCINDEXEDPOLYCURVE(#4157,(IFCLINEINDEX((1,2,3,4,5,6,7,8,1))),$);
#4159=IFCARBITRARYCLOSEDPROFILEDEF(.AREA.,$,#4158);
#4160=IFCCARTESIANPOINT((-0.025000002235174179,-0.004999999888241291,0.));
#4161=IFCDIRECTION((0.,-1.,0.));
#4162=IFCDIRECTION((1.,0.,0.));
#4163=IFCAXIS2PLACEMENT3D(#4160,#4161,#4162);
#4164=IFCDIRECTION((0.,0.,-1.));
#4165=IFCEXTRUDEDAREASOLID(#4159,#4163,#4164,0.004999999888241291);
#4166=IFCCARTESIANPOINTLIST2D(((0.,0.),(0.,2.0250000022351742),(0.91252284497022629,2.0250000022351742),(0.91252284497022629,0.),(0.86252284236252308,0.),(0.86252284236252308,1.974999999627471),(0.050000002607703209,1.974999999627471),(0.050000002607703209,0.)));
#4167=IFCINDEXEDPOLYCURVE(#4166,(IFCLINEINDEX((1,2,3,4,5,6,7,8,1))),$);
#4168=IFCARBITRARYCLOSEDPROFILEDEF(.AREA.,$,#4167);
#4169=IFCCARTESIANPOINT((-0.025000002235174179,0.05000000074505806,0.));
#4170=IFCDIRECTION((0.,-1.,0.));
#4171=IFCDIRECTION((1.,0.,0.));
#4172=IFCAXIS2PLACEMENT3D(#4169,#4170,#4171);
#4173=IFCDIRECTION((0.,0.,-1.));
#4174=IFCEXTRUDEDAREASOLID(#4168,#4172,#4173,0.004999999888241291);
#4175=IFCCARTESIANPOINTLIST2D(((0.,0.),(0.81252283975481987,0.),(0.81252283975481987,0.035000000149011612),(0.,0.035000000149011612)));
#4176=IFCINDEXEDPOLYCURVE(#4175,(IFCLINEINDEX((1,2,3,4,1))),$);
#4177=IFCARBITRARYCLOSEDPROFILEDEF(.AREA.,$,#4176);
#4178=IFCCARTESIANPOINT((0.02500000037252903,0.02500000037252903,0.02500000037252903));
#4179=IFCDIRECTION((0.,0.,1.));
#4180=IFCDIRECTION((1.,0.,0.));
#4181=IFCAXIS2PLACEMENT3D(#4178,#4179,#4180);
#4182=IFCDIRECTION((0.,0.,1.));
#4183=IFCEXTRUDEDAREASOLID(#4177,#4181,#4182,1.9499999992549419);
#4184=IFCCARTESIANPOINTLIST2D(((0.,0.),(0.,-0.040000000000000001),(0.12,-0.040000000000000001),(0.12,-0.02),(0.02,-0.02),(0.02,0.)));
#4185=IFCINDEXEDPOLYCURVE(#4184,(IFCLINEINDEX((1,2,3,4,5,6,1))),$);
#4186=IFCARBITRARYCLOSEDPROFILEDEF(.AREA.,$,#4185);
#4187=IFCCARTESIANPOINT((0.075000000372529033,0.02500000037252903,1.015000000372529));
#4188=IFCDIRECTION((0.,0.,1.));
#4189=IFCDIRECTION((1.,0.,0.));
#4190=IFCAXIS2PLACEMENT3D(#4187,#4188,#4189);
#4191=IFCDIRECTION((0.,0.,1.));
#4192=IFCEXTRUDEDAREASOLID(#4186,#4190,#4191,0.02);
#4193=IFCEXTRUDEDAREASOLID(#4194,#4197,#4201,0.02);
#4194=IFCARBITRARYCLOSEDPROFILEDEF(.AREA.,$,#4195);
#4195=IFCINDEXEDPOLYCURVE(#4196,(IFCLINEINDEX((1,2,3,4,5,6,1))),$);
#4196=IFCCARTESIANPOINTLIST2D(((0.,0.),(0.,0.040000000000000008),(0.11999999999999998,0.040000000000000008),(0.11999999999999998,0.020000000000000004),(0.020000000000000004,0.020000000000000004),(0.020000000000000004,0.)));
#4197=IFCAXIS2PLACEMENT3D(#4198,#4199,#4200);
#4198=IFCCARTESIANPOINT((0.075000000372529033,0.060000000521540642,1.015000000372529));
#4199=IFCDIRECTION((0.,0.,1.));
#4200=IFCDIRECTION((1.,0.,0.));
#4201=IFCDIRECTION((0.,0.,1.));
#4202=IFCSHAPEREPRESENTATION(#11,'Body','SweptSolid',(#4138,#4147,#4183,#4192,#4193,#4156,#4165,#4174));
#4203=IFCCARTESIANPOINTLIST2D(((0.,0.),(0.,0.05000000074505806),(0.02500000037252903,0.05000000074505806),(0.02500000037252903,0.02500000037252903),(0.05000000074505806,0.02500000037252903),(0.05000000074505806,0.)));
#4204=IFCINDEXEDPOLYCURVE(#4203,(IFCLINEINDEX((1,2,3,4,5,6,1))),$);
#4205=IFCINDEXEDPOLYCURVE(#4206,(IFCLINEINDEX((1,2,3,4,5,6,1))),$);
#4206=IFCCARTESIANPOINTLIST2D(((0.86252284049987793,0.),(0.86252284049987793,0.05000000074505806),(0.8375228401273489,0.05000000074505806),(0.8375228401273489,0.02500000037252903),(0.81252283975481987,0.02500000037252903),(0.81252283975481987,0.)));
#4207=IFCDIRECTION((1.,0.));
#4208=IFCCARTESIANPOINT((0.80252283997833729,0.05000000074505806));
#4209=IFCAXIS2PLACEMENT2D(#4208,#4207);
#4210=IFCELLIPSE(#4209,0.77752283960580826,0.81252283975481987);
#4211=IFCCARTESIANPOINT((0.80252283997833729,0.86252284049987793));
#4212=IFCCARTESIANPOINT((0.02500000037252903,0.05000000074505806));
#4213=IFCTRIMMEDCURVE(#4210,(#4211),(#4212),.T.,.CARTESIAN.);
#4214=IFCCARTESIANPOINTLIST2D(((0.8375228401273489,0.05000000074505806),(0.80252283997833729,0.05000000074505806),(0.80252283997833729,0.86252284049987793),(0.8375228401273489,0.86252284049987793)));
#4215=IFCINDEXEDPOLYCURVE(#4214,(IFCLINEINDEX((1,2,3,4,1))),$);
#4216=IFCSHAPEREPRESENTATION(#24,'Body','Curve2D',(#4204,#4205,#4213,#4215));
#4217=IFCCARTESIANPOINTLIST2D(((0.,0.),(0.86252284049987793,0.),(0.86252284049987793,2.),(0.,2.)));
#4218=IFCINDEXEDPOLYCURVE(#4217,(IFCLINEINDEX((1,2,3,4,1))),$);
#4219=IFCARBITRARYCLOSEDPROFILEDEF(.AREA.,$,#4218);
#4220=IFCCARTESIANPOINT((0.,-0.60000002384185791,0.));
#4221=IFCDIRECTION((0.,-1.,0.));
#4222=IFCDIRECTION((1.,0.,0.));
#4223=IFCAXIS2PLACEMENT3D(#4220,#4221,#4222);
#4224=IFCDIRECTION((0.,0.,-1.));
#4225=IFCEXTRUDEDAREASOLID(#4219,#4223,#4224,1.2);
#4226=IFCSHAPEREPRESENTATION(#11,'Body','SweptSolid',(#4225));
#4232=IFCCARTESIANPOINT((1.5539976507425062,3.8554446268879161E-07,0.));
#4233=IFCDIRECTION((0.,0.,1.));
#4234=IFCDIRECTION((0.99999999999997147,-2.384185719961227E-07,0.));
#4235=IFCAXIS2PLACEMENT3D(#4232,#4233,#4234);
#4236=IFCLOCALPLACEMENT(#1044,#4235);
#4237=IFCCARTESIANPOINT((-2.2204460492503131E-16,0.,0.));
#4238=IFCDIRECTION((0.,0.,1.));
#4239=IFCDIRECTION((1.,0.,0.));
#4240=IFCAXIS2PLACEMENT3D(#4237,#4238,#4239);
#4241=IFCLOCALPLACEMENT(#4236,#4240);
#4242=IFCDOORTYPE('22QUJb3hv4$8xU_Pbf6L11',$,'Maids - GF',$,$,(#4243),(#4245,#4253,#4331,#4503),$,$,.DOOR.,.SINGLE_SWING_LEFT.,$,$);
#4243=IFCPROPERTYSET('2scrb1par07xLGGqRlD1xj',$,'BBIM_Door',$,(#4244));
#4244=IFCPROPERTYSINGLEVALUE('Data',$,IFCTEXT('{"door_type": "SLIDING_TO_RIGHT", "overall_height": 2.0, "overall_width": 1.4311193227767944, "lining_properties": {"lining_depth": 0.05000000074505806, "lining_thickness": 0.05000000074505806, "lining_offset": 0.0, "transom_thickness": 0.0, "casing_thickness": 0.07500000298023224, "casing_depth": 0.004999999888241291, "threshold_thickness": 0.02500000037252903, "threshold_depth": 0.10000000149011612, "threshold_offset": 0.0}, "panel_properties": {"panel_depth": 0.03500000014901161, "panel_width_ratio": 1.0}}'),$);
#4245=IFCREPRESENTATIONMAP(#4246,#4717);
#4246=IFCAXIS2PLACEMENT3D(#4247,#4248,#4249);
#4247=IFCCARTESIANPOINT((0.,0.,0.));
#4248=IFCDIRECTION((0.,0.,1.));
#4249=IFCDIRECTION((1.,0.,0.));
#4253=IFCREPRESENTATIONMAP(#4254,#4781);
#4254=IFCAXIS2PLACEMENT3D(#4255,#4256,#4257);
#4255=IFCCARTESIANPOINT((0.,0.,0.));
#4256=IFCDIRECTION((0.,0.,1.));
#4257=IFCDIRECTION((1.,0.,0.));
#4331=IFCREPRESENTATIONMAP(#4332,#4788);
#4332=IFCAXIS2PLACEMENT3D(#4333,#4334,#4335);
#4333=IFCCARTESIANPOINT((0.,0.,0.));
#4334=IFCDIRECTION((0.,0.,1.));
#4335=IFCDIRECTION((1.,0.,0.));
#4350=IFCDOOR('3rNxziyLH719L1$HL0POWk',$,'Door',$,$,#4868,#4360,$,2.,1.4311193227767944,$,.SLIDING_TO_RIGHT.,$);
#4352=IFCRELDEFINESBYTYPE('2e_uIxdP92qvIJTC2VkEk_',$,$,$,(#4350),#4242);
#4353=IFCCARTESIANPOINT((0.,0.,0.));
#4354=IFCDIRECTION((1.,0.,0.));
#4355=IFCDIRECTION((0.,1.,0.));
#4356=IFCDIRECTION((0.,0.,1.));
#4357=IFCCARTESIANTRANSFORMATIONOPERATOR3D(#4354,#4355,#4353,1.,#4356);
#4358=IFCMAPPEDITEM(#4245,#4357);
#4359=IFCSHAPEREPRESENTATION(#18,'Profile','MappedRepresentation',(#4358));
#4360=IFCPRODUCTDEFINITIONSHAPE($,$,(#4359,#4367,#4374,#4510));
#4361=IFCCARTESIANPOINT((0.,0.,0.));
#4362=IFCDIRECTION((1.,0.,0.));
#4363=IFCDIRECTION((0.,1.,0.));
#4364=IFCDIRECTION((0.,0.,1.));
#4365=IFCCARTESIANTRANSFORMATIONOPERATOR3D(#4362,#4363,#4361,1.,#4364);
#4366=IFCMAPPEDITEM(#4253,#4365);
#4367=IFCSHAPEREPRESENTATION(#11,'Body','MappedRepresentation',(#4366));
#4368=IFCCARTESIANPOINT((0.,0.,0.));
#4369=IFCDIRECTION((1.,0.,0.));
#4370=IFCDIRECTION((0.,1.,0.));
#4371=IFCDIRECTION((0.,0.,1.));
#4372=IFCCARTESIANTRANSFORMATIONOPERATOR3D(#4369,#4370,#4368,1.,#4371);
#4373=IFCMAPPEDITEM(#4331,#4372);
#4374=IFCSHAPEREPRESENTATION(#24,'Body','MappedRepresentation',(#4373));
#4375=IFCOPENINGELEMENT('3iznV8yZXDthn4buzkWAp1',$,'Opening',$,$,#4858,#4403,$,.OPENING.);
#4391=IFCCARTESIANPOINT((0.,0.,0.));
#4392=IFCDIRECTION((1.,0.,0.));
#4393=IFCDIRECTION((0.,0.,1.));
#4394=IFCAXIS2PLACEMENT3D(#4391,#4393,#4392);
#4395=IFCREPRESENTATIONMAP(#4394,#4803);
#4396=IFCCARTESIANPOINT((0.,0.,0.));
#4397=IFCDIRECTION((1.,0.,0.));
#4398=IFCDIRECTION((0.,1.,0.));
#4399=IFCDIRECTION((0.,0.,1.));
#4400=IFCCARTESIANTRANSFORMATIONOPERATOR3D(#4397,#4398,#4396,1.,#4399);
#4401=IFCMAPPEDITEM(#4395,#4400);
#4402=IFCSHAPEREPRESENTATION(#11,'Body','MappedRepresentation',(#4401));
#4403=IFCPRODUCTDEFINITIONSHAPE($,$,(#4402));
#4404=IFCRELVOIDSELEMENT('2qtNV_5LPDd9oyFtAxl4NK',$,$,$,#1799,#4375);
#4410=IFCRELFILLSELEMENT('3u0rJJg89AhPOgv7tG4oAU',$,$,$,#4375,#4350);
#4419=IFCCARTESIANPOINTLIST2D(((0.,0.),(0.,2.),(0.74377214908599854,2.),(0.74377214908599854,0.),(0.69377214834094048,0.),(0.69377214834094048,1.9499999992549419),(0.05000000074505806,1.9499999992549419),(0.05000000074505806,0.)));
#4420=IFCINDEXEDPOLYCURVE(#4419,(IFCLINEINDEX((1,2,3,4,5,6,7,8,1))),$);
#4421=IFCARBITRARYCLOSEDPROFILEDEF(.AREA.,$,#4420);
#4422=IFCCARTESIANPOINT((0.,0.,0.));
#4423=IFCDIRECTION((0.,-1.,0.));
#4424=IFCDIRECTION((1.,0.,0.));
#4425=IFCAXIS2PLACEMENT3D(#4422,#4423,#4424);
#4426=IFCDIRECTION((0.,0.,-1.));
#4427=IFCEXTRUDEDAREASOLID(#4421,#4425,#4426,0.05000000074505806);
#4428=IFCCARTESIANPOINTLIST2D(((0.,0.),(0.64377214759588242,0.),(0.64377214759588242,0.10000000149011612),(0.,0.10000000149011612)));
#4429=IFCINDEXEDPOLYCURVE(#4428,(IFCLINEINDEX((1,2,3,4,1))),$);
#4430=IFCARBITRARYCLOSEDPROFILEDEF(.AREA.,$,#4429);
#4431=IFCCARTESIANPOINT((0.05000000074505806,0.,0.));
#4432=IFCDIRECTION((0.,0.,1.));
#4433=IFCDIRECTION((1.,0.,0.));
#4434=IFCAXIS2PLACEMENT3D(#4431,#4432,#4433);
#4435=IFCDIRECTION((0.,0.,1.));
#4436=IFCEXTRUDEDAREASOLID(#4430,#4434,#4435,0.02500000037252903);
#4437=IFCCARTESIANPOINTLIST2D(((0.,0.),(0.,2.0250000022351742),(0.79377215355634689,2.0250000022351742),(0.79377215355634689,0.),(0.71877215057611465,0.),(0.71877215057611465,1.9499999992549419),(0.075000002980232239,1.9499999992549419),(0.075000002980232239,0.)));
#4438=IFCINDEXEDPOLYCURVE(#4437,(IFCLINEINDEX((1,2,3,4,5,6,7,8,1))),$);
#4439=IFCARBITRARYCLOSEDPROFILEDEF(.AREA.,$,#4438);
#4440=IFCCARTESIANPOINT((-0.025000002235174179,-0.004999999888241291,0.));
#4441=IFCDIRECTION((0.,-1.,0.));
#4442=IFCDIRECTION((1.,0.,0.));
#4443=IFCAXIS2PLACEMENT3D(#4440,#4441,#4442);
#4444=IFCDIRECTION((0.,0.,-1.));
#4445=IFCEXTRUDEDAREASOLID(#4439,#4443,#4444,0.004999999888241291);
#4446=IFCCARTESIANPOINTLIST2D(((0.,0.),(0.,2.0250000022351742),(0.79377215355634689,2.0250000022351742),(0.79377215355634689,0.),(0.71877215057611465,0.),(0.71877215057611465,1.9499999992549419),(0.075000002980232239,1.9499999992549419),(0.075000002980232239,0.)));
#4447=IFCINDEXEDPOLYCURVE(#4446,(IFCLINEINDEX((1,2,3,4,5,6,7,8,1))),$);
#4448=IFCARBITRARYCLOSEDPROFILEDEF(.AREA.,$,#4447);
#4449=IFCCARTESIANPOINT((-0.025000002235174179,0.05000000074505806,0.));
#4450=IFCDIRECTION((0.,-1.,0.));
#4451=IFCDIRECTION((1.,0.,0.));
#4452=IFCAXIS2PLACEMENT3D(#4449,#4450,#4451);
#4453=IFCDIRECTION((0.,0.,-1.));
#4454=IFCEXTRUDEDAREASOLID(#4448,#4452,#4453,0.004999999888241291);
#4455=IFCCARTESIANPOINTLIST2D(((0.,0.),(0.64377214759588242,0.),(0.64377214759588242,0.035000000149011612),(0.,0.035000000149011612)));
#4456=IFCINDEXEDPOLYCURVE(#4455,(IFCLINEINDEX((1,2,3,4,1))),$);
#4457=IFCARBITRARYCLOSEDPROFILEDEF(.AREA.,$,#4456);
#4458=IFCCARTESIANPOINT((0.05000000074505806,-0.035000000149011612,0.02500000037252903));
#4459=IFCDIRECTION((0.,0.,1.));
#4460=IFCDIRECTION((1.,0.,0.));
#4461=IFCAXIS2PLACEMENT3D(#4458,#4459,#4460);
#4462=IFCDIRECTION((0.,0.,1.));
#4463=IFCEXTRUDEDAREASOLID(#4457,#4461,#4462,1.9249999988824129);
#4464=IFCCARTESIANPOINTLIST2D(((0.,0.),(0.,-0.040000000000000008),(-0.11999999999999988,-0.040000000000000008),(-0.11999999999999988,-0.020000000000000004),(-0.020000000000000018,-0.020000000000000004),(-0.020000000000000018,0.)));
#4465=IFCINDEXEDPOLYCURVE(#4464,(IFCLINEINDEX((1,2,3,4,5,6,1))),$);
#4466=IFCARBITRARYCLOSEDPROFILEDEF(.AREA.,$,#4465);
#4467=IFCCARTESIANPOINT((0.64377214834094043,-0.035000000149011612,1.015000000372529));
#4468=IFCDIRECTION((0.,0.,1.));
#4469=IFCDIRECTION((1.,0.,0.));
#4470=IFCAXIS2PLACEMENT3D(#4467,#4468,#4469);
#4471=IFCDIRECTION((0.,0.,1.));
#4472=IFCEXTRUDEDAREASOLID(#4466,#4470,#4471,0.02);
#4473=IFCEXTRUDEDAREASOLID(#4474,#4477,#4481,0.02);
#4474=IFCARBITRARYCLOSEDPROFILEDEF(.AREA.,$,#4475);
#4475=IFCINDEXEDPOLYCURVE(#4476,(IFCLINEINDEX((1,2,3,4,5,6,1))),$);
#4476=IFCCARTESIANPOINTLIST2D(((0.,0.),(0.,0.040000000000000008),(-0.11999999999999988,0.040000000000000008),(-0.11999999999999988,0.020000000000000004),(-0.020000000000000018,0.020000000000000004),(-0.020000000000000018,0.)));
#4477=IFCAXIS2PLACEMENT3D(#4478,#4479,#4480);
#4478=IFCCARTESIANPOINT((0.64377214834094043,0.,1.015000000372529));
#4479=IFCDIRECTION((0.,0.,1.));
#4480=IFCDIRECTION((1.,0.,0.));
#4481=IFCDIRECTION((0.,0.,1.));
#4483=IFCSHAPEREPRESENTATION(#11,'Body','SweptSolid',(#4556,#4547,#4744,#4565,#4427,#4753,#4735,#4445,#4454,#4574,#4436,#4726));
#4484=IFCSHAPEASPECT((#4483),'Lining',$,.T.,#4360);
#4485=IFCSHAPEREPRESENTATION(#11,'Body','SweptSolid',(#4772,#4592,#4473,#4593,#4463,#4583,#4472,#4771,#4762));
#4486=IFCSHAPEASPECT((#4485),'Framing',$,.T.,#4360);
#4499=IFCCARTESIANPOINT((0.,0.,0.));
#4500=IFCDIRECTION((1.,0.,0.));
#4501=IFCDIRECTION((0.,0.,1.));
#4502=IFCAXIS2PLACEMENT3D(#4499,#4501,#4500);
#4503=IFCREPRESENTATIONMAP(#4502,#4793);
#4504=IFCCARTESIANPOINT((0.,0.,0.));
#4505=IFCDIRECTION((1.,0.,0.));
#4506=IFCDIRECTION((0.,1.,0.));
#4507=IFCDIRECTION((0.,0.,1.));
#4508=IFCCARTESIANTRANSFORMATIONOPERATOR3D(#4505,#4506,#4504,1.,#4507);
#4509=IFCMAPPEDITEM(#4503,#4508);
#4510=IFCSHAPEREPRESENTATION(#25,'Annotation','MappedRepresentation',(#4509));
#4539=IFCCARTESIANPOINTLIST2D(((0.,0.),(0.,2.),(1.4311193227767944,2.),(1.4311193227767944,0.),(1.3811193220317364,0.),(1.3811193220317364,1.9499999992549419),(0.05000000074505806,1.9499999992549419),(0.05000000074505806,0.)));
#4540=IFCINDEXEDPOLYCURVE(#4539,(IFCLINEINDEX((1,2,3,4,5,6,7,8,1))),$);
#4541=IFCARBITRARYCLOSEDPROFILEDEF(.AREA.,$,#4540);
#4542=IFCCARTESIANPOINT((0.,0.,0.));
#4543=IFCDIRECTION((0.,-1.,0.));
#4544=IFCDIRECTION((1.,0.,0.));
#4545=IFCAXIS2PLACEMENT3D(#4542,#4543,#4544);
#4546=IFCDIRECTION((0.,0.,-1.));
#4547=IFCEXTRUDEDAREASOLID(#4541,#4545,#4546,0.05000000074505806);
#4548=IFCCARTESIANPOINTLIST2D(((0.,0.),(1.3311193212866783,0.),(1.3311193212866783,0.10000000149011612),(0.,0.10000000149011612)));
#4549=IFCINDEXEDPOLYCURVE(#4548,(IFCLINEINDEX((1,2,3,4,1))),$);
#4550=IFCARBITRARYCLOSEDPROFILEDEF(.AREA.,$,#4549);
#4551=IFCCARTESIANPOINT((0.05000000074505806,0.,0.));
#4552=IFCDIRECTION((0.,0.,1.));
#4553=IFCDIRECTION((1.,0.,0.));
#4554=IFCAXIS2PLACEMENT3D(#4551,#4552,#4553);
#4555=IFCDIRECTION((0.,0.,1.));
#4556=IFCEXTRUDEDAREASOLID(#4550,#4554,#4555,0.02500000037252903);
#4557=IFCCARTESIANPOINTLIST2D(((0.,0.),(0.,2.0250000022351742),(1.4811193272471428,2.0250000022351742),(1.4811193272471428,0.),(1.4061193242669106,0.),(1.4061193242669106,1.9499999992549419),(0.075000002980232239,1.9499999992549419),(0.075000002980232239,0.)));
#4558=IFCINDEXEDPOLYCURVE(#4557,(IFCLINEINDEX((1,2,3,4,5,6,7,8,1))),$);
#4559=IFCARBITRARYCLOSEDPROFILEDEF(.AREA.,$,#4558);
#4560=IFCCARTESIANPOINT((-0.025000002235174179,-0.004999999888241291,0.));
#4561=IFCDIRECTION((0.,-1.,0.));
#4562=IFCDIRECTION((1.,0.,0.));
#4563=IFCAXIS2PLACEMENT3D(#4560,#4561,#4562);
#4564=IFCDIRECTION((0.,0.,-1.));
#4565=IFCEXTRUDEDAREASOLID(#4559,#4563,#4564,0.004999999888241291);
#4566=IFCCARTESIANPOINTLIST2D(((0.,0.),(0.,2.0250000022351742),(1.4811193272471428,2.0250000022351742),(1.4811193272471428,0.),(1.4061193242669106,0.),(1.4061193242669106,1.9499999992549419),(0.075000002980232239,1.9499999992549419),(0.075000002980232239,0.)));
#4567=IFCINDEXEDPOLYCURVE(#4566,(IFCLINEINDEX((1,2,3,4,5,6,7,8,1))),$);
#4568=IFCARBITRARYCLOSEDPROFILEDEF(.AREA.,$,#4567);
#4569=IFCCARTESIANPOINT((-0.025000002235174179,0.05000000074505806,0.));
#4570=IFCDIRECTION((0.,-1.,0.));
#4571=IFCDIRECTION((1.,0.,0.));
#4572=IFCAXIS2PLACEMENT3D(#4569,#4570,#4571);
#4573=IFCDIRECTION((0.,0.,-1.));
#4574=IFCEXTRUDEDAREASOLID(#4568,#4572,#4573,0.004999999888241291);
#4575=IFCCARTESIANPOINTLIST2D(((0.,0.),(1.3311193212866783,0.),(1.3311193212866783,0.035000000149011612),(0.,0.035000000149011612)));
#4576=IFCINDEXEDPOLYCURVE(#4575,(IFCLINEINDEX((1,2,3,4,1))),$);
#4577=IFCARBITRARYCLOSEDPROFILEDEF(.AREA.,$,#4576);
#4578=IFCCARTESIANPOINT((0.05000000074505806,-0.035000000149011612,0.02500000037252903));
#4579=IFCDIRECTION((0.,0.,1.));
#4580=IFCDIRECTION((1.,0.,0.));
#4581=IFCAXIS2PLACEMENT3D(#4578,#4579,#4580);
#4582=IFCDIRECTION((0.,0.,1.));
#4583=IFCEXTRUDEDAREASOLID(#4577,#4581,#4582,1.9249999988824129);
#4584=IFCCARTESIANPOINTLIST2D(((0.,0.),(0.,-0.040000000000000008),(-0.11999999999999988,-0.040000000000000008),(-0.11999999999999988,-0.020000000000000004),(-0.020000000000000018,-0.020000000000000004),(-0.020000000000000018,0.)));
#4585=IFCINDEXEDPOLYCURVE(#4584,(IFCLINEINDEX((1,2,3,4,5,6,1))),$);
#4586=IFCARBITRARYCLOSEDPROFILEDEF(.AREA.,$,#4585);
#4587=IFCCARTESIANPOINT((1.3311193220317363,-0.035000000149011612,1.015000000372529));
#4588=IFCDIRECTION((0.,0.,1.));
#4589=IFCDIRECTION((1.,0.,0.));
#4590=IFCAXIS2PLACEMENT3D(#4587,#4588,#4589);
#4591=IFCDIRECTION((0.,0.,1.));
#4592=IFCEXTRUDEDAREASOLID(#4586,#4590,#4591,0.02);
#4593=IFCEXTRUDEDAREASOLID(#4594,#4597,#4601,0.02);
#4594=IFCARBITRARYCLOSEDPROFILEDEF(.AREA.,$,#4595);
#4595=IFCINDEXEDPOLYCURVE(#4596,(IFCLINEINDEX((1,2,3,4,5,6,1))),$);
#4596=IFCCARTESIANPOINTLIST2D(((0.,0.),(0.,0.040000000000000008),(-0.11999999999999988,0.040000000000000008),(-0.11999999999999988,0.020000000000000004),(-0.020000000000000018,0.020000000000000004),(-0.020000000000000018,0.)));
#4597=IFCAXIS2PLACEMENT3D(#4598,#4599,#4600);
#4598=IFCCARTESIANPOINT((1.3311193220317363,0.,1.015000000372529));
#4599=IFCDIRECTION((0.,0.,1.));
#4600=IFCDIRECTION((1.,0.,0.));
#4601=IFCDIRECTION((0.,0.,1.));
#4715=IFCCARTESIANPOINTLIST3D(((0.,0.,0.),(1.4311193227767944,0.,0.),(1.4311193227767944,0.,2.),(0.,0.,2.)));
#4716=IFCINDEXEDPOLYCURVE(#4715,(IFCLINEINDEX((1,2,3,4,1))),$);
#4717=IFCSHAPEREPRESENTATION(#18,'Profile','Curve3D',(#4716));
#4718=IFCCARTESIANPOINTLIST2D(((0.,0.),(0.,2.),(1.4311193227767944,2.),(1.4311193227767944,0.),(1.3811193220317364,0.),(1.3811193220317364,1.9499999992549419),(0.05000000074505806,1.9499999992549419),(0.05000000074505806,0.)));
#4719=IFCINDEXEDPOLYCURVE(#4718,(IFCLINEINDEX((1,2,3,4,5,6,7,8,1))),$);
#4720=IFCARBITRARYCLOSEDPROFILEDEF(.AREA.,$,#4719);
#4721=IFCCARTESIANPOINT((0.,0.,0.));
#4722=IFCDIRECTION((0.,-1.,0.));
#4723=IFCDIRECTION((1.,0.,0.));
#4724=IFCAXIS2PLACEMENT3D(#4721,#4722,#4723);
#4725=IFCDIRECTION((0.,0.,-1.));
#4726=IFCEXTRUDEDAREASOLID(#4720,#4724,#4725,0.05000000074505806);
#4727=IFCCARTESIANPOINTLIST2D(((0.,0.),(1.3311193212866783,0.),(1.3311193212866783,0.10000000149011612),(0.,0.10000000149011612)));
#4728=IFCINDEXEDPOLYCURVE(#4727,(IFCLINEINDEX((1,2,3,4,1))),$);
#4729=IFCARBITRARYCLOSEDPROFILEDEF(.AREA.,$,#4728);
#4730=IFCCARTESIANPOINT((0.05000000074505806,0.,0.));
#4731=IFCDIRECTION((0.,0.,1.));
#4732=IFCDIRECTION((1.,0.,0.));
#4733=IFCAXIS2PLACEMENT3D(#4730,#4731,#4732);
#4734=IFCDIRECTION((0.,0.,1.));
#4735=IFCEXTRUDEDAREASOLID(#4729,#4733,#4734,0.02500000037252903);
#4736=IFCCARTESIANPOINTLIST2D(((0.,0.),(0.,2.0250000022351742),(1.4811193272471428,2.0250000022351742),(1.4811193272471428,0.),(1.4061193242669106,0.),(1.4061193242669106,1.9499999992549419),(0.075000002980232239,1.9499999992549419),(0.075000002980232239,0.)));
#4737=IFCINDEXEDPOLYCURVE(#4736,(IFCLINEINDEX((1,2,3,4,5,6,7,8,1))),$);
#4738=IFCARBITRARYCLOSEDPROFILEDEF(.AREA.,$,#4737);
#4739=IFCCARTESIANPOINT((-0.025000002235174179,-0.004999999888241291,0.));
#4740=IFCDIRECTION((0.,-1.,0.));
#4741=IFCDIRECTION((1.,0.,0.));
#4742=IFCAXIS2PLACEMENT3D(#4739,#4740,#4741);
#4743=IFCDIRECTION((0.,0.,-1.));
#4744=IFCEXTRUDEDAREASOLID(#4738,#4742,#4743,0.004999999888241291);
#4745=IFCCARTESIANPOINTLIST2D(((0.,0.),(0.,2.0250000022351742),(1.4811193272471428,2.0250000022351742),(1.4811193272471428,0.),(1.4061193242669106,0.),(1.4061193242669106,1.9499999992549419),(0.075000002980232239,1.9499999992549419),(0.075000002980232239,0.)));
#4746=IFCINDEXEDPOLYCURVE(#4745,(IFCLINEINDEX((1,2,3,4,5,6,7,8,1))),$);
#4747=IFCARBITRARYCLOSEDPROFILEDEF(.AREA.,$,#4746);
#4748=IFCCARTESIANPOINT((-0.025000002235174179,0.05000000074505806,0.));
#4749=IFCDIRECTION((0.,-1.,0.));
#4750=IFCDIRECTION((1.,0.,0.));
#4751=IFCAXIS2PLACEMENT3D(#4748,#4749,#4750);
#4752=IFCDIRECTION((0.,0.,-1.));
#4753=IFCEXTRUDEDAREASOLID(#4747,#4751,#4752,0.004999999888241291);
#4754=IFCCARTESIANPOINTLIST2D(((0.,0.),(1.3311193212866783,0.),(1.3311193212866783,0.035000000149011612),(0.,0.035000000149011612)));
#4755=IFCINDEXEDPOLYCURVE(#4754,(IFCLINEINDEX((1,2,3,4,1))),$);
#4756=IFCARBITRARYCLOSEDPROFILEDEF(.AREA.,$,#4755);
#4757=IFCCARTESIANPOINT((0.05000000074505806,-0.035000000149011612,0.02500000037252903));
#4758=IFCDIRECTION((0.,0.,1.));
#4759=IFCDIRECTION((1.,0.,0.));
#4760=IFCAXIS2PLACEMENT3D(#4757,#4758,#4759);
#4761=IFCDIRECTION((0.,0.,1.));
#4762=IFCEXTRUDEDAREASOLID(#4756,#4760,#4761,1.9249999988824129);
#4763=IFCCARTESIANPOINTLIST2D(((0.,0.),(0.,-0.040000000000000001),(0.12,-0.040000000000000001),(0.12,-0.02),(0.02,-0.02),(0.02,0.)));
#4764=IFCINDEXEDPOLYCURVE(#4763,(IFCLINEINDEX((1,2,3,4,5,6,1))),$);
#4765=IFCARBITRARYCLOSEDPROFILEDEF(.AREA.,$,#4764);
#4766=IFCCARTESIANPOINT((0.10000000074505806,-0.035000000149011612,1.015000000372529));
#4767=IFCDIRECTION((0.,0.,1.));
#4768=IFCDIRECTION((1.,0.,0.));
#4769=IFCAXIS2PLACEMENT3D(#4766,#4767,#4768);
#4770=IFCDIRECTION((0.,0.,1.));
#4771=IFCEXTRUDEDAREASOLID(#4765,#4769,#4770,0.02);
#4772=IFCEXTRUDEDAREASOLID(#4773,#4776,#4780,0.02);
#4773=IFCARBITRARYCLOSEDPROFILEDEF(.AREA.,$,#4774);
#4774=IFCINDEXEDPOLYCURVE(#4775,(IFCLINEINDEX((1,2,3,4,5,6,1))),$);
#4775=IFCCARTESIANPOINTLIST2D(((0.,0.),(0.,0.040000000000000008),(0.11999999999999998,0.040000000000000008),(0.11999999999999998,0.020000000000000004),(0.020000000000000004,0.020000000000000004),(0.020000000000000004,0.)));
#4776=IFCAXIS2PLACEMENT3D(#4777,#4778,#4779);
#4777=IFCCARTESIANPOINT((0.10000000074505806,0.,1.015000000372529));
#4778=IFCDIRECTION((0.,0.,1.));
#4779=IFCDIRECTION((1.,0.,0.));
#4780=IFCDIRECTION((0.,0.,1.));
#4781=IFCSHAPEREPRESENTATION(#11,'Body','SweptSolid',(#4726,#4762,#4771,#4772,#4735,#4744,#4753));
#4782=IFCCARTESIANPOINTLIST2D(((0.,0.),(0.05000000074505806,0.),(0.05000000074505806,0.05000000074505806),(0.,0.05000000074505806)));
#4783=IFCINDEXEDPOLYCURVE(#4782,(IFCLINEINDEX((1,2,3,4,1))),$);
#4784=IFCINDEXEDPOLYCURVE(#4785,(IFCLINEINDEX((1,2,3,4,1))),$);
#4785=IFCCARTESIANPOINTLIST2D(((1.4311193227767944,0.),(1.3811193220317364,0.),(1.3811193220317364,0.05000000074505806),(1.4311193227767944,0.05000000074505806)));
#4786=IFCCARTESIANPOINTLIST2D(((2.0466789826750755,-0.035000000149011612),(0.71555966138839722,-0.035000000149011612),(0.71555966138839722,0.),(2.0466789826750755,0.)));
#4787=IFCINDEXEDPOLYCURVE(#4786,(IFCLINEINDEX((1,2,3,4,1))),$);
#4788=IFCSHAPEREPRESENTATION(#24,'Body','Curve2D',(#4783,#4784,#4787));
#4789=IFCCARTESIANPOINTLIST2D(((0.51589176319539543,-0.081587428267465345),(0.91522755958139901,-0.081587428267465345)));
#4790=IFCINDEXEDPOLYCURVE(#4789,$,$);
#4791=IFCCARTESIANPOINTLIST2D(((0.54589176319539545,-0.050529142855162856),(0.51589176319539543,-0.081587428267465345),(0.54589176319539545,-0.11264571367976783)));
#4792=IFCINDEXEDPOLYCURVE(#4791,$,$);
#4793=IFCSHAPEREPRESENTATION(#25,'Annotation','Curve2D',(#4790,#4792));
#4794=IFCCARTESIANPOINTLIST2D(((0.,0.),(1.4311193227767944,0.),(1.4311193227767944,2.),(0.,2.)));
#4795=IFCINDEXEDPOLYCURVE(#4794,(IFCLINEINDEX((1,2,3,4,1))),$);
#4796=IFCARBITRARYCLOSEDPROFILEDEF(.AREA.,$,#4795);
#4797=IFCCARTESIANPOINT((0.,-0.60000002384185791,0.));
#4798=IFCDIRECTION((0.,-1.,0.));
#4799=IFCDIRECTION((1.,0.,0.));
#4800=IFCAXIS2PLACEMENT3D(#4797,#4798,#4799);
#4801=IFCDIRECTION((0.,0.,-1.));
#4802=IFCEXTRUDEDAREASOLID(#4796,#4800,#4801,1.2);
#4803=IFCSHAPEREPRESENTATION(#11,'Body','SweptSolid',(#4802));
#4854=IFCCARTESIANPOINT((0.011147163944101646,0.025003914405505867,0.));
#4855=IFCDIRECTION((0.,0.,1.));
#4856=IFCDIRECTION((0.99999999999897671,-1.4305114746068974E-06,0.));
#4857=IFCAXIS2PLACEMENT3D(#4854,#4855,#4856);
#4858=IFCLOCALPLACEMENT(#2024,#4857);
#4864=IFCCARTESIANPOINT((0.,4.4408920985006262E-16,0.));
#4865=IFCDIRECTION((0.,0.,1.));
#4866=IFCDIRECTION((1.,2.1175823681357508E-22,0.));
#4867=IFCAXIS2PLACEMENT3D(#4864,#4865,#4866);
#4868=IFCLOCALPLACEMENT(#4858,#4867);
#4869=IFCWINDOWTYPE('17C_NENF13hx6RBuR2qpBM',$,'Living - GF',$,$,(#4870),(#4879,#4927,#4949),$,$,.WINDOW.,.SINGLE_PANEL.,$,$);
#4870=IFCPROPERTYSET('3edhhC7Ar87BxVmpnEdSfp',$,'BBIM_Window',$,(#4871));
#4871=IFCPROPERTYSINGLEVALUE('Data',$,IFCTEXT('{"window_type": "SINGLE_PANEL", "overall_height": 0.8999999761581421, "overall_width": 0.8182107210159302, "lining_properties": {"lining_depth": 0.05000000074505806, "lining_thickness": 0.05000000074505806, "lining_offset": 0.05000000074505806, "lining_to_panel_offset_x": 0.02500000037252903, "lining_to_panel_offset_y": 0.02500000037252903}, "panel_properties": {"frame_depth": [0.03500000014901161, 0.03500000014901161, 0.03500000014901161], "frame_thickness": [0.03500000014901161, 0.03500000014901161, 0.03500000014901161]}}'),$);
#4875=IFCCARTESIANPOINT((0.,0.,0.));
#4876=IFCDIRECTION((1.,0.,0.));
#4877=IFCDIRECTION((0.,0.,1.));
#4878=IFCAXIS2PLACEMENT3D(#4875,#4877,#4876);
#4879=IFCREPRESENTATIONMAP(#4878,#5157);
#4923=IFCCARTESIANPOINT((0.,0.,0.));
#4924=IFCDIRECTION((1.,0.,0.));
#4925=IFCDIRECTION((0.,0.,1.));
#4926=IFCAXIS2PLACEMENT3D(#4923,#4925,#4924);
#4927=IFCREPRESENTATIONMAP(#4926,#5200);
#4945=IFCCARTESIANPOINT((0.,0.,0.));
#4946=IFCDIRECTION((1.,0.,0.));
#4947=IFCDIRECTION((0.,0.,1.));
#4948=IFCAXIS2PLACEMENT3D(#4945,#4947,#4946);
#4949=IFCREPRESENTATIONMAP(#4948,#5217);
#4950=IFCWINDOW('2LpdPPNcHF8h3c$JTUnCMI',$,'Window',$,$,#5242,#4960,$,0.89999997615814209,0.81821072101593018,$,.SINGLE_PANEL.,$);
#4952=IFCRELDEFINESBYTYPE('22GSdTMYX86hFbT27tkAJK',$,$,$,(#4950),#4869);
#4953=IFCCARTESIANPOINT((0.,0.,0.));
#4954=IFCDIRECTION((1.,0.,0.));
#4955=IFCDIRECTION((0.,1.,0.));
#4956=IFCDIRECTION((0.,0.,1.));
#4957=IFCCARTESIANTRANSFORMATIONOPERATOR3D(#4954,#4955,#4953,1.,#4956);
#4958=IFCMAPPEDITEM(#4879,#4957);
#4959=IFCSHAPEREPRESENTATION(#18,'Profile','MappedRepresentation',(#4958));
#4960=IFCPRODUCTDEFINITIONSHAPE($,$,(#4959,#4967,#4974));
#4961=IFCCARTESIANPOINT((0.,0.,0.));
#4962=IFCDIRECTION((1.,0.,0.));
#4963=IFCDIRECTION((0.,1.,0.));
#4964=IFCDIRECTION((0.,0.,1.));
#4965=IFCCARTESIANTRANSFORMATIONOPERATOR3D(#4962,#4963,#4961,1.,#4964);
#4966=IFCMAPPEDITEM(#4927,#4965);
#4967=IFCSHAPEREPRESENTATION(#11,'Body','MappedRepresentation',(#4966));
#4968=IFCCARTESIANPOINT((0.,0.,0.));
#4969=IFCDIRECTION((1.,0.,0.));
#4970=IFCDIRECTION((0.,1.,0.));
#4971=IFCDIRECTION((0.,0.,1.));
#4972=IFCCARTESIANTRANSFORMATIONOPERATOR3D(#4969,#4970,#4968,1.,#4971);
#4973=IFCMAPPEDITEM(#4949,#4972);
#4974=IFCSHAPEREPRESENTATION(#24,'Body','MappedRepresentation',(#4973));
#4975=IFCOPENINGELEMENT('113JZ7hFP9XgP4aiZBk0RD',$,'Opening',$,$,#5237,#5003,$,.OPENING.);
#4991=IFCCARTESIANPOINT((0.,0.,0.));
#4992=IFCDIRECTION((1.,0.,0.));
#4993=IFCDIRECTION((0.,0.,1.));
#4994=IFCAXIS2PLACEMENT3D(#4991,#4993,#4992);
#4995=IFCREPRESENTATIONMAP(#4994,#5227);
#4996=IFCCARTESIANPOINT((0.,0.,0.));
#4997=IFCDIRECTION((1.,0.,0.));
#4998=IFCDIRECTION((0.,1.,0.));
#4999=IFCDIRECTION((0.,0.,1.));
#5000=IFCCARTESIANTRANSFORMATIONOPERATOR3D(#4997,#4998,#4996,1.,#4999);
#5001=IFCMAPPEDITEM(#4995,#5000);
#5002=IFCSHAPEREPRESENTATION(#11,'Body','MappedRepresentation',(#5001));
#5003=IFCPRODUCTDEFINITIONSHAPE($,$,(#5002));
#5004=IFCRELVOIDSELEMENT('1pE7cUNw52zBhJ16d6QjGw',$,$,$,#87,#4975);
#5010=IFCRELFILLSELEMENT('0mfOiobxz71f51UqUwaGVt',$,$,$,#4975,#4950);
#5049=IFCCARTESIANPOINTLIST2D(((0.,0.),(0.81821072101593018,0.),(0.81821072101593018,0.89999997615814209),(0.,0.89999997615814209)));
#5050=IFCINDEXEDPOLYCURVE(#5049,(IFCLINEINDEX((1,2,3,4,1))),$);
#5051=IFCCARTESIANPOINTLIST2D(((0.02500000037252903,0.02500000037252903),(0.79321072064340115,0.02500000037252903),(0.79321072064340115,0.87499997578561306),(0.02500000037252903,0.87499997578561306)));
#5052=IFCINDEXEDPOLYCURVE(#5051,(IFCLINEINDEX((1,2,3,4,1))),$);
#5053=IFCARBITRARYPROFILEDEFWITHVOIDS(.AREA.,$,#5050,(#5052));
#5054=IFCCARTESIANPOINT((0.,0.090000001713633537,0.));
#5055=IFCDIRECTION((0.,-1.,0.));
#5056=IFCDIRECTION((1.,0.,0.));
#5057=IFCAXIS2PLACEMENT3D(#5054,#5055,#5056);
#5058=IFCDIRECTION((0.,0.,-1.));
#5059=IFCEXTRUDEDAREASOLID(#5053,#5057,#5058,0.0099999997764825821);
#5060=IFCCARTESIANPOINTLIST2D(((0.,0.),(0.81821072101593018,0.),(0.81821072101593018,0.89999997615814209),(0.,0.89999997615814209)));
#5061=IFCINDEXEDPOLYCURVE(#5060,(IFCLINEINDEX((1,2,3,4,1))),$);
#5062=IFCCARTESIANPOINTLIST2D(((0.05000000074505806,0.05000000074505806),(0.76821072027087212,0.05000000074505806),(0.76821072027087212,0.84999997541308403),(0.05000000074505806,0.84999997541308403)));
#5063=IFCINDEXEDPOLYCURVE(#5062,(IFCLINEINDEX((1,2,3,4,1))),$);
#5064=IFCARBITRARYPROFILEDEFWITHVOIDS(.AREA.,$,#5061,(#5063));
#5065=IFCCARTESIANPOINT((0.,0.05000000074505806,0.));
#5066=IFCDIRECTION((0.,-1.,0.));
#5067=IFCDIRECTION((1.,0.,0.));
#5068=IFCAXIS2PLACEMENT3D(#5065,#5066,#5067);
#5069=IFCDIRECTION((0.,0.,-1.));
#5070=IFCEXTRUDEDAREASOLID(#5064,#5068,#5069,0.040000000968575478);
#5071=IFCCARTESIANPOINTLIST2D(((0.,0.),(0.76821072027087212,0.),(0.76821072027087212,0.84999997541308403),(0.,0.84999997541308403)));
#5072=IFCINDEXEDPOLYCURVE(#5071,(IFCLINEINDEX((1,2,3,4,1))),$);
#5073=IFCCARTESIANPOINTLIST2D(((0.035000000149011612,0.035000000149011612),(0.7332107201218605,0.035000000149011612),(0.7332107201218605,0.81499997526407242),(0.035000000149011612,0.81499997526407242)));
#5074=IFCINDEXEDPOLYCURVE(#5073,(IFCLINEINDEX((1,2,3,4,1))),$);
#5075=IFCARBITRARYPROFILEDEFWITHVOIDS(.AREA.,$,#5072,(#5074));
#5076=IFCCARTESIANPOINT((0.02500000037252903,0.090000001713633537,0.02500000037252903));
#5077=IFCDIRECTION((0.,-1.,0.));
#5078=IFCDIRECTION((1.,0.,0.));
#5079=IFCAXIS2PLACEMENT3D(#5076,#5077,#5078);
#5080=IFCDIRECTION((0.,0.,-1.));
#5081=IFCEXTRUDEDAREASOLID(#5075,#5079,#5080,0.035000000149011612);
#5082=IFCINDEXEDPOLYCURVE(#5083,(IFCLINEINDEX((1,2,3,4,1))),$);
#5083=IFCCARTESIANPOINTLIST2D(((0.035000000149011612,0.035000000149011612),(0.7332107201218605,0.035000000149011612),(0.7332107201218605,0.81499997526407242),(0.035000000149011612,0.81499997526407242)));
#5084=IFCARBITRARYCLOSEDPROFILEDEF(.AREA.,$,#5082);
#5085=IFCCARTESIANPOINT((0.02500000037252903,0.10250000178813934,0.02500000037252903));
#5086=IFCDIRECTION((0.,-1.,0.));
#5087=IFCDIRECTION((1.,0.,0.));
#5088=IFCAXIS2PLACEMENT3D(#5085,#5086,#5087);
#5089=IFCDIRECTION((0.,0.,-1.));
#5090=IFCEXTRUDEDAREASOLID(#5084,#5088,#5089,0.01);
#5092=IFCSHAPEREPRESENTATION(#11,'Body','SweptSolid',(#5179,#5059,#5070,#5168));
#5093=IFCSHAPEASPECT((#5092),'Lining',$,.T.,#4960);
#5094=IFCSHAPEREPRESENTATION(#11,'Body','SweptSolid',(#5081,#5190));
#5095=IFCSHAPEASPECT((#5094),'Framing',$,.T.,#4960);
#5096=IFCSHAPEREPRESENTATION(#11,'Body','SweptSolid',(#5090,#5199));
#5097=IFCSHAPEASPECT((#5096),'Glazing',$,.T.,#4960);
#5155=IFCCARTESIANPOINTLIST3D(((0.,0.,0.),(0.81821072101593018,0.,0.),(0.81821072101593018,0.,0.89999997615814209),(0.,0.,0.89999997615814209)));
#5156=IFCINDEXEDPOLYCURVE(#5155,(IFCLINEINDEX((1,2,3,4,1))),$);
#5157=IFCSHAPEREPRESENTATION(#18,'Profile','Curve3D',(#5156));
#5158=IFCCARTESIANPOINTLIST2D(((0.,0.),(0.81821072101593018,0.),(0.81821072101593018,0.89999997615814209),(0.,0.89999997615814209)));
#5159=IFCINDEXEDPOLYCURVE(#5158,(IFCLINEINDEX((1,2,3,4,1))),$);
#5160=IFCCARTESIANPOINTLIST2D(((0.02500000037252903,0.02500000037252903),(0.79321072064340115,0.02500000037252903),(0.79321072064340115,0.87499997578561306),(0.02500000037252903,0.87499997578561306)));
#5161=IFCINDEXEDPOLYCURVE(#5160,(IFCLINEINDEX((1,2,3,4,1))),$);
#5162=IFCARBITRARYPROFILEDEFWITHVOIDS(.AREA.,$,#5159,(#5161));
#5163=IFCCARTESIANPOINT((0.,0.090000001713633537,0.));
#5164=IFCDIRECTION((0.,-1.,0.));
#5165=IFCDIRECTION((1.,0.,0.));
#5166=IFCAXIS2PLACEMENT3D(#5163,#5164,#5165);
#5167=IFCDIRECTION((0.,0.,-1.));
#5168=IFCEXTRUDEDAREASOLID(#5162,#5166,#5167,0.0099999997764825821);
#5169=IFCCARTESIANPOINTLIST2D(((0.,0.),(0.81821072101593018,0.),(0.81821072101593018,0.89999997615814209),(0.,0.89999997615814209)));
#5170=IFCINDEXEDPOLYCURVE(#5169,(IFCLINEINDEX((1,2,3,4,1))),$);
#5171=IFCCARTESIANPOINTLIST2D(((0.05000000074505806,0.05000000074505806),(0.76821072027087212,0.05000000074505806),(0.76821072027087212,0.84999997541308403),(0.05000000074505806,0.84999997541308403)));
#5172=IFCINDEXEDPOLYCURVE(#5171,(IFCLINEINDEX((1,2,3,4,1))),$);
#5173=IFCARBITRARYPROFILEDEFWITHVOIDS(.AREA.,$,#5170,(#5172));
#5174=IFCCARTESIANPOINT((0.,0.05000000074505806,0.));
#5175=IFCDIRECTION((0.,-1.,0.));
#5176=IFCDIRECTION((1.,0.,0.));
#5177=IFCAXIS2PLACEMENT3D(#5174,#5175,#5176);
#5178=IFCDIRECTION((0.,0.,-1.));
#5179=IFCEXTRUDEDAREASOLID(#5173,#5177,#5178,0.040000000968575478);
#5180=IFCCARTESIANPOINTLIST2D(((0.,0.),(0.76821072027087212,0.),(0.76821072027087212,0.84999997541308403),(0.,0.84999997541308403)));
#5181=IFCINDEXEDPOLYCURVE(#5180,(IFCLINEINDEX((1,2,3,4,1))),$);
#5182=IFCCARTESIANPOINTLIST2D(((0.035000000149011612,0.035000000149011612),(0.7332107201218605,0.035000000149011612),(0.7332107201218605,0.81499997526407242),(0.035000000149011612,0.81499997526407242)));
#5183=IFCINDEXEDPOLYCURVE(#5182,(IFCLINEINDEX((1,2,3,4,1))),$);
#5184=IFCARBITRARYPROFILEDEFWITHVOIDS(.AREA.,$,#5181,(#5183));
#5185=IFCCARTESIANPOINT((0.02500000037252903,0.090000001713633537,0.02500000037252903));
#5186=IFCDIRECTION((0.,-1.,0.));
#5187=IFCDIRECTION((1.,0.,0.));
#5188=IFCAXIS2PLACEMENT3D(#5185,#5186,#5187);
#5189=IFCDIRECTION((0.,0.,-1.));
#5190=IFCEXTRUDEDAREASOLID(#5184,#5188,#5189,0.035000000149011612);
#5191=IFCINDEXEDPOLYCURVE(#5192,(IFCLINEINDEX((1,2,3,4,1))),$);
#5192=IFCCARTESIANPOINTLIST2D(((0.035000000149011612,0.035000000149011612),(0.7332107201218605,0.035000000149011612),(0.7332107201218605,0.81499997526407242),(0.035000000149011612,0.81499997526407242)));
#5193=IFCARBITRARYCLOSEDPROFILEDEF(.AREA.,$,#5191);
#5194=IFCCARTESIANPOINT((0.02500000037252903,0.10250000178813934,0.02500000037252903));
#5195=IFCDIRECTION((0.,-1.,0.));
#5196=IFCDIRECTION((1.,0.,0.));
#5197=IFCAXIS2PLACEMENT3D(#5194,#5195,#5196);
#5198=IFCDIRECTION((0.,0.,-1.));
#5199=IFCEXTRUDEDAREASOLID(#5193,#5197,#5198,0.01);
#5200=IFCSHAPEREPRESENTATION(#11,'Body','SweptSolid',(#5168,#5179,#5190,#5199));
#5201=IFCCARTESIANPOINTLIST2D(((0.05000000074505806,0.05000000074505806),(0.76821072027087212,0.05000000074505806)));
#5202=IFCINDEXEDPOLYCURVE(#5201,$,$);
#5203=IFCCARTESIANPOINTLIST2D(((0.,0.10000000149011612),(0.02500000037252903,0.10000000149011612),(0.02500000037252903,0.090000001713633537),(0.05000000074505806,0.090000001713633537),(0.05000000074505806,0.05000000074505806),(0.,0.05000000074505806)));
#5204=IFCINDEXEDPOLYCURVE(#5203,(IFCLINEINDEX((1,2,3,4,5,6,1))),$);
#5205=IFCCARTESIANPOINTLIST2D(((0.81821072101593018,0.10000000149011612),(0.79321072064340115,0.10000000149011612),(0.79321072064340115,0.090000001713633537),(0.76821072027087212,0.090000001713633537),(0.76821072027087212,0.05000000074505806),(0.81821072101593018,0.05000000074505806)));
#5206=IFCINDEXEDPOLYCURVE(#5205,(IFCLINEINDEX((1,2,3,4,5,6,1))),$);
#5207=IFCCARTESIANPOINTLIST2D(((0.02500000037252903,0.090000001713633537),(0.060000000521540642,0.090000001713633537),(0.060000000521540642,0.12500000186264515),(0.02500000037252903,0.12500000186264515)));
#5208=IFCINDEXEDPOLYCURVE(#5207,(IFCLINEINDEX((1,2,3,4,1))),$);
#5209=IFCINDEXEDPOLYCURVE(#5210,(IFCLINEINDEX((1,2,3,4,1))),$);
#5210=IFCCARTESIANPOINTLIST2D(((0.79321072064340115,0.090000001713633537),(0.75821072049438953,0.090000001713633537),(0.75821072049438953,0.12500000186264515),(0.79321072064340115,0.12500000186264515)));
#5211=IFCCARTESIANPOINTLIST2D(((0.060000000521540642,0.090000001713633537),(0.75821072049438953,0.090000001713633537)));
#5212=IFCINDEXEDPOLYCURVE(#5211,$,$);
#5213=IFCINDEXEDPOLYCURVE(#5214,$,$);
#5214=IFCCARTESIANPOINTLIST2D(((0.060000000521540642,0.12500000186264515),(0.75821072049438953,0.12500000186264515)));
#5215=IFCINDEXEDPOLYCURVE(#5216,$,$);
#5216=IFCCARTESIANPOINTLIST2D(((0.060000000521540642,0.10750000178813934),(0.75821072049438953,0.10750000178813934)));
#5217=IFCSHAPEREPRESENTATION(#24,'Body','Curve2D',(#5202,#5204,#5206,#5208,#5209,#5212,#5213,#5215));
#5218=IFCCARTESIANPOINTLIST2D(((0.,0.),(0.81821072101593018,0.),(0.81821072101593018,0.89999997615814209),(0.,0.89999997615814209)));
#5219=IFCINDEXEDPOLYCURVE(#5218,(IFCLINEINDEX((1,2,3,4,1))),$);
#5220=IFCARBITRARYCLOSEDPROFILEDEF(.AREA.,$,#5219);
#5221=IFCCARTESIANPOINT((0.,-0.60000002384185791,0.));
#5222=IFCDIRECTION((0.,-1.,0.));
#5223=IFCDIRECTION((1.,0.,0.));
#5224=IFCAXIS2PLACEMENT3D(#5221,#5222,#5223);
#5225=IFCDIRECTION((0.,0.,-1.));
#5226=IFCEXTRUDEDAREASOLID(#5220,#5224,#5225,1.2);
#5227=IFCSHAPEREPRESENTATION(#11,'Body','SweptSolid',(#5226));
#5233=IFCCARTESIANPOINT((1.7715011731419146,9.5367431640625E-07,1.));
#5234=IFCDIRECTION((0.,0.,1.));
#5235=IFCDIRECTION((0.99999999999988631,-4.7683715820307079E-07,0.));
#5236=IFCAXIS2PLACEMENT3D(#5233,#5234,#5235);
#5237=IFCLOCALPLACEMENT(#2056,#5236);
#5238=IFCCARTESIANPOINT((0.,0.,0.));
#5239=IFCDIRECTION((0.,0.,1.));
#5240=IFCDIRECTION((1.,0.,0.));
#5241=IFCAXIS2PLACEMENT3D(#5238,#5239,#5240);
#5242=IFCLOCALPLACEMENT(#5237,#5241);
#5243=IFCWINDOWTYPE('1DPCLp7Hf1QOnU3zWO5IsW',$,'Guest - 1 - GF',$,$,(#5244),(#5246,#5254,#5302),$,$,.WINDOW.,.SINGLE_PANEL.,$,$);
#5244=IFCPROPERTYSET('2szO8mIZ54q8t70afnpSka',$,'BBIM_Window',$,(#5245));
#5245=IFCPROPERTYSINGLEVALUE('Data',$,IFCTEXT('{"window_type": "DOUBLE_PANEL_VERTICAL", "overall_height": 0.8999999761581421, "overall_width": 1.1972014904022217, "lining_properties": {"lining_depth": 0.05000000074505806, "lining_thickness": 0.05000000074505806, "lining_offset": 0.05000000074505806, "lining_to_panel_offset_x": 0.02500000037252903, "lining_to_panel_offset_y": 0.02500000037252903, "mullion_thickness": 0.05000000074505806, "first_mullion_offset": 0.6049558520317078}, "panel_properties": {"frame_depth": [0.03500000014901161, 0.03500000014901161, 0.03500000014901161], "frame_thickness": [0.03500000014901161, 0.03500000014901161, 0.03500000014901161]}}'),$);
#5246=IFCREPRESENTATIONMAP(#5247,#5643);
#5247=IFCAXIS2PLACEMENT3D(#5248,#5249,#5250);
#5248=IFCCARTESIANPOINT((0.,0.,0.));
#5249=IFCDIRECTION((0.,0.,1.));
#5250=IFCDIRECTION((1.,0.,0.));
#5254=IFCREPRESENTATIONMAP(#5255,#5724);
#5255=IFCAXIS2PLACEMENT3D(#5256,#5257,#5258);
#5256=IFCCARTESIANPOINT((0.,0.,0.));
#5257=IFCDIRECTION((0.,0.,1.));
#5258=IFCDIRECTION((1.,0.,0.));
#5302=IFCREPRESENTATIONMAP(#5303,#5757);
#5303=IFCAXIS2PLACEMENT3D(#5304,#5305,#5306);
#5304=IFCCARTESIANPOINT((0.,0.,0.));
#5305=IFCDIRECTION((0.,0.,1.));
#5306=IFCDIRECTION((1.,0.,0.));
#5324=IFCWINDOW('3B53Gj_Zv2cAljD36IS9Yb',$,'Window',$,$,#5782,#5334,$,0.89999997615814209,1.1972014904022217,$,.DOUBLE_PANEL_VERTICAL.,$);
#5326=IFCRELDEFINESBYTYPE('3LkTEOdWTBX9ZwVG85sPEF',$,$,$,(#5324),#5243);
#5327=IFCCARTESIANPOINT((0.,0.,0.));
#5328=IFCDIRECTION((1.,0.,0.));
#5329=IFCDIRECTION((0.,1.,0.));
#5330=IFCDIRECTION((0.,0.,1.));
#5331=IFCCARTESIANTRANSFORMATIONOPERATOR3D(#5328,#5329,#5327,1.,#5330);
#5332=IFCMAPPEDITEM(#5246,#5331);
#5333=IFCSHAPEREPRESENTATION(#18,'Profile','MappedRepresentation',(#5332));
#5334=IFCPRODUCTDEFINITIONSHAPE($,$,(#5333,#5341,#5348));
#5335=IFCCARTESIANPOINT((0.,0.,0.));
#5336=IFCDIRECTION((1.,0.,0.));
#5337=IFCDIRECTION((0.,1.,0.));
#5338=IFCDIRECTION((0.,0.,1.));
#5339=IFCCARTESIANTRANSFORMATIONOPERATOR3D(#5336,#5337,#5335,1.,#5338);
#5340=IFCMAPPEDITEM(#5254,#5339);
#5341=IFCSHAPEREPRESENTATION(#11,'Body','MappedRepresentation',(#5340));
#5342=IFCCARTESIANPOINT((0.,0.,0.));
#5343=IFCDIRECTION((1.,0.,0.));
#5344=IFCDIRECTION((0.,1.,0.));
#5345=IFCDIRECTION((0.,0.,1.));
#5346=IFCCARTESIANTRANSFORMATIONOPERATOR3D(#5343,#5344,#5342,1.,#5345);
#5347=IFCMAPPEDITEM(#5302,#5346);
#5348=IFCSHAPEREPRESENTATION(#24,'Body','MappedRepresentation',(#5347));
#5349=IFCOPENINGELEMENT('3E_vhpXQLEKx9Bq5W_swWD',$,'Opening',$,$,#5777,#5377,$,.OPENING.);
#5365=IFCCARTESIANPOINT((0.,0.,0.));
#5366=IFCDIRECTION((1.,0.,0.));
#5367=IFCDIRECTION((0.,0.,1.));
#5368=IFCAXIS2PLACEMENT3D(#5365,#5367,#5366);
#5369=IFCREPRESENTATIONMAP(#5368,#5767);
#5370=IFCCARTESIANPOINT((0.,0.,0.));
#5371=IFCDIRECTION((1.,0.,0.));
#5372=IFCDIRECTION((0.,1.,0.));
#5373=IFCDIRECTION((0.,0.,1.));
#5374=IFCCARTESIANTRANSFORMATIONOPERATOR3D(#5371,#5372,#5370,1.,#5373);
#5375=IFCMAPPEDITEM(#5369,#5374);
#5376=IFCSHAPEREPRESENTATION(#11,'Body','MappedRepresentation',(#5375));
#5377=IFCPRODUCTDEFINITIONSHAPE($,$,(#5376));
#5378=IFCRELVOIDSELEMENT('2ZSgYD3lL1egDHhRXOuR0$',$,$,$,#705,#5349);
#5384=IFCRELFILLSELEMENT('1GEk$FWr985eF0E2i5JGbV',$,$,$,#5349,#5324);
#5393=IFCCARTESIANPOINTLIST2D(((0.,0.),(1.1972014904022217,0.),(1.1972014904022217,0.89999997615814209),(0.,0.89999997615814209)));
#5394=IFCINDEXEDPOLYCURVE(#5393,(IFCLINEINDEX((1,2,3,4,1))),$);
#5395=IFCCARTESIANPOINTLIST2D(((0.02500000037252903,0.02500000037252903),(1.1722014900296926,0.02500000037252903),(1.1722014900296926,0.87499997578561306),(0.02500000037252903,0.87499997578561306)));
#5396=IFCINDEXEDPOLYCURVE(#5395,(IFCLINEINDEX((1,2,3,4,1))),$);
#5397=IFCARBITRARYPROFILEDEFWITHVOIDS(.AREA.,$,#5394,(#5396));
#5398=IFCCARTESIANPOINT((0.,0.090000001713633537,0.));
#5399=IFCDIRECTION((0.,-1.,0.));
#5400=IFCDIRECTION((1.,0.,0.));
#5401=IFCAXIS2PLACEMENT3D(#5398,#5399,#5400);
#5402=IFCDIRECTION((0.,0.,-1.));
#5403=IFCEXTRUDEDAREASOLID(#5397,#5401,#5402,0.0099999997764825821);
#5404=IFCCARTESIANPOINTLIST2D(((0.,0.),(1.1972014904022217,0.),(1.1972014904022217,0.89999997615814209),(0.,0.89999997615814209)));
#5405=IFCINDEXEDPOLYCURVE(#5404,(IFCLINEINDEX((1,2,3,4,1))),$);
#5406=IFCCARTESIANPOINTLIST2D(((0.05000000074505806,0.05000000074505806),(1.1472014896571636,0.05000000074505806),(1.1472014896571636,0.84999997541308403),(0.05000000074505806,0.84999997541308403)));
#5407=IFCINDEXEDPOLYCURVE(#5406,(IFCLINEINDEX((1,2,3,4,1))),$);
#5408=IFCARBITRARYPROFILEDEFWITHVOIDS(.AREA.,$,#5405,(#5407));
#5409=IFCCARTESIANPOINT((0.,0.05000000074505806,0.));
#5410=IFCDIRECTION((0.,-1.,0.));
#5411=IFCDIRECTION((1.,0.,0.));
#5412=IFCAXIS2PLACEMENT3D(#5409,#5410,#5411);
#5413=IFCDIRECTION((0.,0.,-1.));
#5414=IFCEXTRUDEDAREASOLID(#5408,#5412,#5413,0.040000000968575478);
#5415=IFCCARTESIANPOINTLIST2D(((0.,0.),(1.1472014896571636,0.),(1.1472014896571636,0.84999997541308403),(0.,0.84999997541308403)));
#5416=IFCINDEXEDPOLYCURVE(#5415,(IFCLINEINDEX((1,2,3,4,1))),$);
#5417=IFCCARTESIANPOINTLIST2D(((0.035000000149011612,0.035000000149011612),(1.112201489508152,0.035000000149011612),(1.112201489508152,0.81499997526407242),(0.035000000149011612,0.81499997526407242)));
#5418=IFCINDEXEDPOLYCURVE(#5417,(IFCLINEINDEX((1,2,3,4,1))),$);
#5419=IFCARBITRARYPROFILEDEFWITHVOIDS(.AREA.,$,#5416,(#5418));
#5420=IFCCARTESIANPOINT((0.02500000037252903,0.090000001713633537,0.02500000037252903));
#5421=IFCDIRECTION((0.,-1.,0.));
#5422=IFCDIRECTION((1.,0.,0.));
#5423=IFCAXIS2PLACEMENT3D(#5420,#5421,#5422);
#5424=IFCDIRECTION((0.,0.,-1.));
#5425=IFCEXTRUDEDAREASOLID(#5419,#5423,#5424,0.035000000149011612);
#5426=IFCINDEXEDPOLYCURVE(#5427,(IFCLINEINDEX((1,2,3,4,1))),$);
#5427=IFCCARTESIANPOINTLIST2D(((0.035000000149011612,0.035000000149011612),(1.112201489508152,0.035000000149011612),(1.112201489508152,0.81499997526407242),(0.035000000149011612,0.81499997526407242)));
#5428=IFCARBITRARYCLOSEDPROFILEDEF(.AREA.,$,#5426);
#5429=IFCCARTESIANPOINT((0.02500000037252903,0.10250000178813934,0.02500000037252903));
#5430=IFCDIRECTION((0.,-1.,0.));
#5431=IFCDIRECTION((1.,0.,0.));
#5432=IFCAXIS2PLACEMENT3D(#5429,#5430,#5431);
#5433=IFCDIRECTION((0.,0.,-1.));
#5434=IFCEXTRUDEDAREASOLID(#5428,#5432,#5433,0.01);
#5436=IFCSHAPEREPRESENTATION(#11,'Body','SweptSolid',(#5521,#5703,#5692,#5403,#5414,#5550,#5561,#5652,#5510,#5663));
#5437=IFCSHAPEASPECT((#5436),'Lining',$,.T.,#5334);
#5438=IFCSHAPEREPRESENTATION(#11,'Body','SweptSolid',(#5572,#5714,#5532,#5425,#5674));
#5439=IFCSHAPEASPECT((#5438),'Framing',$,.T.,#5334);
#5440=IFCSHAPEREPRESENTATION(#11,'Body','SweptSolid',(#5434,#5723,#5683,#5581,#5541));
#5441=IFCSHAPEASPECT((#5440),'Glazing',$,.T.,#5334);
#5502=IFCCARTESIANPOINTLIST2D(((0.30000001192092896,0.),(0.,0.),(0.,0.89999997615814209),(0.30000001192092896,0.89999997615814209),(0.30000001192092896,0.87499997578561306),(0.02500000037252903,0.87499997578561306),(0.02500000037252903,0.02500000037252903),(0.30000001192092896,0.02500000037252903)));
#5503=IFCINDEXEDPOLYCURVE(#5502,(IFCLINEINDEX((1,2,3,4,5,6,7,8,1))),$);
#5504=IFCARBITRARYCLOSEDPROFILEDEF(.AREA.,$,#5503);
#5505=IFCCARTESIANPOINT((0.,0.090000001713633537,0.));
#5506=IFCDIRECTION((0.,-1.,0.));
#5507=IFCDIRECTION((1.,0.,0.));
#5508=IFCAXIS2PLACEMENT3D(#5505,#5506,#5507);
#5509=IFCDIRECTION((0.,0.,-1.));
#5510=IFCEXTRUDEDAREASOLID(#5504,#5508,#5509,0.0099999997764825821);
#5511=IFCCARTESIANPOINTLIST2D(((0.,0.),(0.30000001192092896,0.),(0.30000001192092896,0.89999997615814209),(0.,0.89999997615814209)));
#5512=IFCINDEXEDPOLYCURVE(#5511,(IFCLINEINDEX((1,2,3,4,1))),$);
#5513=IFCCARTESIANPOINTLIST2D(((0.05000000074505806,0.05000000074505806),(0.27500001154839993,0.05000000074505806),(0.27500001154839993,0.84999997541308403),(0.05000000074505806,0.84999997541308403)));
#5514=IFCINDEXEDPOLYCURVE(#5513,(IFCLINEINDEX((1,2,3,4,1))),$);
#5515=IFCARBITRARYPROFILEDEFWITHVOIDS(.AREA.,$,#5512,(#5514));
#5516=IFCCARTESIANPOINT((0.,0.05000000074505806,0.));
#5517=IFCDIRECTION((0.,-1.,0.));
#5518=IFCDIRECTION((1.,0.,0.));
#5519=IFCAXIS2PLACEMENT3D(#5516,#5517,#5518);
#5520=IFCDIRECTION((0.,0.,-1.));
#5521=IFCEXTRUDEDAREASOLID(#5515,#5519,#5520,0.040000000968575478);
#5522=IFCCARTESIANPOINTLIST2D(((0.,0.),(0.27500001154839993,0.),(0.27500001154839993,0.84999997541308403),(0.,0.84999997541308403)));
#5523=IFCINDEXEDPOLYCURVE(#5522,(IFCLINEINDEX((1,2,3,4,1))),$);
#5524=IFCCARTESIANPOINTLIST2D(((0.035000000149011612,0.035000000149011612),(0.24000001139938831,0.035000000149011612),(0.24000001139938831,0.81499997526407242),(0.035000000149011612,0.81499997526407242)));
#5525=IFCINDEXEDPOLYCURVE(#5524,(IFCLINEINDEX((1,2,3,4,1))),$);
#5526=IFCARBITRARYPROFILEDEFWITHVOIDS(.AREA.,$,#5523,(#5525));
#5527=IFCCARTESIANPOINT((0.02500000037252903,0.090000001713633537,0.02500000037252903));
#5528=IFCDIRECTION((0.,-1.,0.));
#5529=IFCDIRECTION((1.,0.,0.));
#5530=IFCAXIS2PLACEMENT3D(#5527,#5528,#5529);
#5531=IFCDIRECTION((0.,0.,-1.));
#5532=IFCEXTRUDEDAREASOLID(#5526,#5530,#5531,0.035000000149011612);
#5533=IFCINDEXEDPOLYCURVE(#5534,(IFCLINEINDEX((1,2,3,4,1))),$);
#5534=IFCCARTESIANPOINTLIST2D(((0.035000000149011612,0.035000000149011612),(0.24000001139938831,0.035000000149011612),(0.24000001139938831,0.81499997526407242),(0.035000000149011612,0.81499997526407242)));
#5535=IFCARBITRARYCLOSEDPROFILEDEF(.AREA.,$,#5533);
#5536=IFCCARTESIANPOINT((0.02500000037252903,0.10250000178813934,0.02500000037252903));
#5537=IFCDIRECTION((0.,-1.,0.));
#5538=IFCDIRECTION((1.,0.,0.));
#5539=IFCAXIS2PLACEMENT3D(#5536,#5537,#5538);
#5540=IFCDIRECTION((0.,0.,-1.));
#5541=IFCEXTRUDEDAREASOLID(#5535,#5539,#5540,0.01);
#5542=IFCCARTESIANPOINTLIST2D(((0.,0.89999997615814209),(0.89720147848129272,0.89999997615814209),(0.89720147848129272,0.),(0.,0.),(0.,0.02500000037252903),(0.87220147810876369,0.02500000037252903),(0.87220147810876369,0.87499997578561306),(0.,0.87499997578561306)));
#5543=IFCINDEXEDPOLYCURVE(#5542,(IFCLINEINDEX((1,2,3,4,5,6,7,8,1))),$);
#5544=IFCARBITRARYCLOSEDPROFILEDEF(.AREA.,$,#5543);
#5545=IFCCARTESIANPOINT((0.30000001192092896,0.090000001713633537,0.));
#5546=IFCDIRECTION((0.,-1.,0.));
#5547=IFCDIRECTION((1.,0.,0.));
#5548=IFCAXIS2PLACEMENT3D(#5545,#5546,#5547);
#5549=IFCDIRECTION((0.,0.,-1.));
#5550=IFCEXTRUDEDAREASOLID(#5544,#5548,#5549,0.0099999997764825821);
#5551=IFCCARTESIANPOINTLIST2D(((0.,0.),(0.89720147848129272,0.),(0.89720147848129272,0.89999997615814209),(0.,0.89999997615814209)));
#5552=IFCINDEXEDPOLYCURVE(#5551,(IFCLINEINDEX((1,2,3,4,1))),$);
#5553=IFCCARTESIANPOINTLIST2D(((0.02500000037252903,0.05000000074505806),(0.84720147773623466,0.05000000074505806),(0.84720147773623466,0.84999997541308403),(0.02500000037252903,0.84999997541308403)));
#5554=IFCINDEXEDPOLYCURVE(#5553,(IFCLINEINDEX((1,2,3,4,1))),$);
#5555=IFCARBITRARYPROFILEDEFWITHVOIDS(.AREA.,$,#5552,(#5554));
#5556=IFCCARTESIANPOINT((0.30000001192092896,0.05000000074505806,0.));
#5557=IFCDIRECTION((0.,-1.,0.));
#5558=IFCDIRECTION((1.,0.,0.));
#5559=IFCAXIS2PLACEMENT3D(#5556,#5557,#5558);
#5560=IFCDIRECTION((0.,0.,-1.));
#5561=IFCEXTRUDEDAREASOLID(#5555,#5559,#5560,0.040000000968575478);
#5562=IFCCARTESIANPOINTLIST2D(((0.,0.),(0.87220147810876369,0.),(0.87220147810876369,0.84999997541308403),(0.,0.84999997541308403)));
#5563=IFCINDEXEDPOLYCURVE(#5562,(IFCLINEINDEX((1,2,3,4,1))),$);
#5564=IFCCARTESIANPOINTLIST2D(((0.035000000149011612,0.035000000149011612),(0.83720147795975208,0.035000000149011612),(0.83720147795975208,0.81499997526407242),(0.035000000149011612,0.81499997526407242)));
#5565=IFCINDEXEDPOLYCURVE(#5564,(IFCLINEINDEX((1,2,3,4,1))),$);
#5566=IFCARBITRARYPROFILEDEFWITHVOIDS(.AREA.,$,#5563,(#5565));
#5567=IFCCARTESIANPOINT((0.30000001192092896,0.090000001713633537,0.02500000037252903));
#5568=IFCDIRECTION((0.,-1.,0.));
#5569=IFCDIRECTION((1.,0.,0.));
#5570=IFCAXIS2PLACEMENT3D(#5567,#5568,#5569);
#5571=IFCDIRECTION((0.,0.,-1.));
#5572=IFCEXTRUDEDAREASOLID(#5566,#5570,#5571,0.035000000149011612);
#5573=IFCINDEXEDPOLYCURVE(#5574,(IFCLINEINDEX((1,2,3,4,1))),$);
#5574=IFCCARTESIANPOINTLIST2D(((0.035000000149011612,0.035000000149011612),(0.83720147795975208,0.035000000149011612),(0.83720147795975208,0.81499997526407242),(0.035000000149011612,0.81499997526407242)));
#5575=IFCARBITRARYCLOSEDPROFILEDEF(.AREA.,$,#5573);
#5576=IFCCARTESIANPOINT((0.30000001192092896,0.10250000178813934,0.02500000037252903));
#5577=IFCDIRECTION((0.,-1.,0.));
#5578=IFCDIRECTION((1.,0.,0.));
#5579=IFCAXIS2PLACEMENT3D(#5576,#5577,#5578);
#5580=IFCDIRECTION((0.,0.,-1.));
#5581=IFCEXTRUDEDAREASOLID(#5575,#5579,#5580,0.01);
#5641=IFCCARTESIANPOINTLIST3D(((0.,0.,0.),(1.1972014904022217,0.,0.),(1.1972014904022217,0.,0.89999997615814209),(0.,0.,0.89999997615814209)));
#5642=IFCINDEXEDPOLYCURVE(#5641,(IFCLINEINDEX((1,2,3,4,1))),$);
#5643=IFCSHAPEREPRESENTATION(#18,'Profile','Curve3D',(#5642));
#5644=IFCCARTESIANPOINTLIST2D(((0.60495585203170776,0.),(0.,0.),(0.,0.89999997615814209),(0.60495585203170776,0.89999997615814209),(0.60495585203170776,0.87499997578561306),(0.02500000037252903,0.87499997578561306),(0.02500000037252903,0.02500000037252903),(0.60495585203170776,0.02500000037252903)));
#5645=IFCINDEXEDPOLYCURVE(#5644,(IFCLINEINDEX((1,2,3,4,5,6,7,8,1))),$);
#5646=IFCARBITRARYCLOSEDPROFILEDEF(.AREA.,$,#5645);
#5647=IFCCARTESIANPOINT((0.,0.090000001713633537,0.));
#5648=IFCDIRECTION((0.,-1.,0.));
#5649=IFCDIRECTION((1.,0.,0.));
#5650=IFCAXIS2PLACEMENT3D(#5647,#5648,#5649);
#5651=IFCDIRECTION((0.,0.,-1.));
#5652=IFCEXTRUDEDAREASOLID(#5646,#5650,#5651,0.0099999997764825821);
#5653=IFCCARTESIANPOINTLIST2D(((0.,0.),(0.60495585203170776,0.),(0.60495585203170776,0.89999997615814209),(0.,0.89999997615814209)));
#5654=IFCINDEXEDPOLYCURVE(#5653,(IFCLINEINDEX((1,2,3,4,1))),$);
#5655=IFCCARTESIANPOINTLIST2D(((0.05000000074505806,0.05000000074505806),(0.57995585165917873,0.05000000074505806),(0.57995585165917873,0.84999997541308403),(0.05000000074505806,0.84999997541308403)));
#5656=IFCINDEXEDPOLYCURVE(#5655,(IFCLINEINDEX((1,2,3,4,1))),$);
#5657=IFCARBITRARYPROFILEDEFWITHVOIDS(.AREA.,$,#5654,(#5656));
#5658=IFCCARTESIANPOINT((0.,0.05000000074505806,0.));
#5659=IFCDIRECTION((0.,-1.,0.));
#5660=IFCDIRECTION((1.,0.,0.));
#5661=IFCAXIS2PLACEMENT3D(#5658,#5659,#5660);
#5662=IFCDIRECTION((0.,0.,-1.));
#5663=IFCEXTRUDEDAREASOLID(#5657,#5661,#5662,0.040000000968575478);
#5664=IFCCARTESIANPOINTLIST2D(((0.,0.),(0.57995585165917873,0.),(0.57995585165917873,0.84999997541308403),(0.,0.84999997541308403)));
#5665=IFCINDEXEDPOLYCURVE(#5664,(IFCLINEINDEX((1,2,3,4,1))),$);
#5666=IFCCARTESIANPOINTLIST2D(((0.035000000149011612,0.035000000149011612),(0.54495585151016712,0.035000000149011612),(0.54495585151016712,0.81499997526407242),(0.035000000149011612,0.81499997526407242)));
#5667=IFCINDEXEDPOLYCURVE(#5666,(IFCLINEINDEX((1,2,3,4,1))),$);
#5668=IFCARBITRARYPROFILEDEFWITHVOIDS(.AREA.,$,#5665,(#5667));
#5669=IFCCARTESIANPOINT((0.02500000037252903,0.090000001713633537,0.02500000037252903));
#5670=IFCDIRECTION((0.,-1.,0.));
#5671=IFCDIRECTION((1.,0.,0.));
#5672=IFCAXIS2PLACEMENT3D(#5669,#5670,#5671);
#5673=IFCDIRECTION((0.,0.,-1.));
#5674=IFCEXTRUDEDAREASOLID(#5668,#5672,#5673,0.035000000149011612);
#5675=IFCINDEXEDPOLYCURVE(#5676,(IFCLINEINDEX((1,2,3,4,1))),$);
#5676=IFCCARTESIANPOINTLIST2D(((0.035000000149011612,0.035000000149011612),(0.54495585151016712,0.035000000149011612),(0.54495585151016712,0.81499997526407242),(0.035000000149011612,0.81499997526407242)));
#5677=IFCARBITRARYCLOSEDPROFILEDEF(.AREA.,$,#5675);
#5678=IFCCARTESIANPOINT((0.02500000037252903,0.10250000178813934,0.02500000037252903));
#5679=IFCDIRECTION((0.,-1.,0.));
#5680=IFCDIRECTION((1.,0.,0.));
#5681=IFCAXIS2PLACEMENT3D(#5678,#5679,#5680);
#5682=IFCDIRECTION((0.,0.,-1.));
#5683=IFCEXTRUDEDAREASOLID(#5677,#5681,#5682,0.01);
#5684=IFCCARTESIANPOINTLIST2D(((0.,0.89999997615814209),(0.59224563837051392,0.89999997615814209),(0.59224563837051392,0.),(0.,0.),(0.,0.02500000037252903),(0.56724563799798489,0.02500000037252903),(0.56724563799798489,0.87499997578561306),(0.,0.87499997578561306)));
#5685=IFCINDEXEDPOLYCURVE(#5684,(IFCLINEINDEX((1,2,3,4,5,6,7,8,1))),$);
#5686=IFCARBITRARYCLOSEDPROFILEDEF(.AREA.,$,#5685);
#5687=IFCCARTESIANPOINT((0.60495585203170776,0.090000001713633537,0.));
#5688=IFCDIRECTION((0.,-1.,0.));
#5689=IFCDIRECTION((1.,0.,0.));
#5690=IFCAXIS2PLACEMENT3D(#5687,#5688,#5689);
#5691=IFCDIRECTION((0.,0.,-1.));
#5692=IFCEXTRUDEDAREASOLID(#5686,#5690,#5691,0.0099999997764825821);
#5693=IFCCARTESIANPOINTLIST2D(((0.,0.),(0.59224563837051392,0.),(0.59224563837051392,0.89999997615814209),(0.,0.89999997615814209)));
#5694=IFCINDEXEDPOLYCURVE(#5693,(IFCLINEINDEX((1,2,3,4,1))),$);
#5695=IFCCARTESIANPOINTLIST2D(((0.02500000037252903,0.05000000074505806),(0.54224563762545586,0.05000000074505806),(0.54224563762545586,0.84999997541308403),(0.02500000037252903,0.84999997541308403)));
#5696=IFCINDEXEDPOLYCURVE(#5695,(IFCLINEINDEX((1,2,3,4,1))),$);
#5697=IFCARBITRARYPROFILEDEFWITHVOIDS(.AREA.,$,#5694,(#5696));
#5698=IFCCARTESIANPOINT((0.60495585203170776,0.05000000074505806,0.));
#5699=IFCDIRECTION((0.,-1.,0.));
#5700=IFCDIRECTION((1.,0.,0.));
#5701=IFCAXIS2PLACEMENT3D(#5698,#5699,#5700);
#5702=IFCDIRECTION((0.,0.,-1.));
#5703=IFCEXTRUDEDAREASOLID(#5697,#5701,#5702,0.040000000968575478);
#5704=IFCCARTESIANPOINTLIST2D(((0.,0.),(0.56724563799798489,0.),(0.56724563799798489,0.84999997541308403),(0.,0.84999997541308403)));
#5705=IFCINDEXEDPOLYCURVE(#5704,(IFCLINEINDEX((1,2,3,4,1))),$);
#5706=IFCCARTESIANPOINTLIST2D(((0.035000000149011612,0.035000000149011612),(0.53224563784897327,0.035000000149011612),(0.53224563784897327,0.81499997526407242),(0.035000000149011612,0.81499997526407242)));
#5707=IFCINDEXEDPOLYCURVE(#5706,(IFCLINEINDEX((1,2,3,4,1))),$);
#5708=IFCARBITRARYPROFILEDEFWITHVOIDS(.AREA.,$,#5705,(#5707));
#5709=IFCCARTESIANPOINT((0.60495585203170776,0.090000001713633537,0.02500000037252903));
#5710=IFCDIRECTION((0.,-1.,0.));
#5711=IFCDIRECTION((1.,0.,0.));
#5712=IFCAXIS2PLACEMENT3D(#5709,#5710,#5711);
#5713=IFCDIRECTION((0.,0.,-1.));
#5714=IFCEXTRUDEDAREASOLID(#5708,#5712,#5713,0.035000000149011612);
#5715=IFCINDEXEDPOLYCURVE(#5716,(IFCLINEINDEX((1,2,3,4,1))),$);
#5716=IFCCARTESIANPOINTLIST2D(((0.035000000149011612,0.035000000149011612),(0.53224563784897327,0.035000000149011612),(0.53224563784897327,0.81499997526407242),(0.035000000149011612,0.81499997526407242)));
#5717=IFCARBITRARYCLOSEDPROFILEDEF(.AREA.,$,#5715);
#5718=IFCCARTESIANPOINT((0.60495585203170776,0.10250000178813934,0.02500000037252903));
#5719=IFCDIRECTION((0.,-1.,0.));
#5720=IFCDIRECTION((1.,0.,0.));
#5721=IFCAXIS2PLACEMENT3D(#5718,#5719,#5720);
#5722=IFCDIRECTION((0.,0.,-1.));
#5723=IFCEXTRUDEDAREASOLID(#5717,#5721,#5722,0.01);
#5724=IFCSHAPEREPRESENTATION(#11,'Body','SweptSolid',(#5652,#5663,#5674,#5683,#5692,#5703,#5714,#5723));
#5725=IFCCARTESIANPOINTLIST2D(((0.05000000074505806,0.05000000074505806),(0.57995585165917873,0.05000000074505806)));
#5726=IFCINDEXEDPOLYCURVE(#5725,$,$);
#5727=IFCCARTESIANPOINTLIST2D(((0.,0.10000000149011612),(0.02500000037252903,0.10000000149011612),(0.02500000037252903,0.090000001713633537),(0.05000000074505806,0.090000001713633537),(0.05000000074505806,0.05000000074505806),(0.,0.05000000074505806)));
#5728=IFCINDEXEDPOLYCURVE(#5727,(IFCLINEINDEX((1,2,3,4,5,6,1))),$);
#5729=IFCCARTESIANPOINTLIST2D(((0.60495585203170776,0.10000000149011612),(0.60495585203170776,0.10000000149011612),(0.60495585203170776,0.090000001713633537),(0.57995585165917873,0.090000001713633537),(0.57995585165917873,0.05000000074505806),(0.60495585203170776,0.05000000074505806)));
#5730=IFCINDEXEDPOLYCURVE(#5729,$,$);
#5731=IFCCARTESIANPOINTLIST2D(((0.02500000037252903,0.090000001713633537),(0.060000000521540642,0.090000001713633537),(0.060000000521540642,0.12500000186264515),(0.02500000037252903,0.12500000186264515)));
#5732=IFCINDEXEDPOLYCURVE(#5731,(IFCLINEINDEX((1,2,3,4,1))),$);
#5733=IFCINDEXEDPOLYCURVE(#5734,(IFCLINEINDEX((1,2,3,4,1))),$);
#5734=IFCCARTESIANPOINTLIST2D(((0.60495585203170776,0.090000001713633537),(0.56995585188269615,0.090000001713633537),(0.56995585188269615,0.12500000186264515),(0.60495585203170776,0.12500000186264515)));
#5735=IFCCARTESIANPOINTLIST2D(((0.060000000521540642,0.090000001713633537),(0.56995585188269615,0.090000001713633537)));
#5736=IFCINDEXEDPOLYCURVE(#5735,$,$);
#5737=IFCINDEXEDPOLYCURVE(#5738,$,$);
#5738=IFCCARTESIANPOINTLIST2D(((0.060000000521540642,0.12500000186264515),(0.56995585188269615,0.12500000186264515)));
#5739=IFCINDEXEDPOLYCURVE(#5740,$,$);
#5740=IFCCARTESIANPOINTLIST2D(((0.060000000521540642,0.10750000178813934),(0.56995585188269615,0.10750000178813934)));
#5741=IFCCARTESIANPOINTLIST2D(((0.62995585240423679,0.05000000074505806),(1.1472014896571636,0.05000000074505806)));
#5742=IFCINDEXEDPOLYCURVE(#5741,$,$);
#5743=IFCCARTESIANPOINTLIST2D(((0.60495585203170776,0.10000000149011612),(0.60495585203170776,0.10000000149011612),(0.60495585203170776,0.090000001713633537),(0.62995585240423679,0.090000001713633537),(0.62995585240423679,0.05000000074505806),(0.60495585203170776,0.05000000074505806)));
#5744=IFCINDEXEDPOLYCURVE(#5743,$,$);
#5745=IFCCARTESIANPOINTLIST2D(((1.1972014904022217,0.10000000149011612),(1.1722014900296926,0.10000000149011612),(1.1722014900296926,0.090000001713633537),(1.1472014896571636,0.090000001713633537),(1.1472014896571636,0.05000000074505806),(1.1972014904022217,0.05000000074505806)));
#5746=IFCINDEXEDPOLYCURVE(#5745,(IFCLINEINDEX((1,2,3,4,5,6,1))),$);
#5747=IFCCARTESIANPOINTLIST2D(((0.60495585203170776,0.090000001713633537),(0.63995585218071938,0.090000001713633537),(0.63995585218071938,0.12500000186264515),(0.60495585203170776,0.12500000186264515)));
#5748=IFCINDEXEDPOLYCURVE(#5747,(IFCLINEINDEX((1,2,3,4,1))),$);
#5749=IFCINDEXEDPOLYCURVE(#5750,(IFCLINEINDEX((1,2,3,4,1))),$);
#5750=IFCCARTESIANPOINTLIST2D(((1.1722014900296926,0.090000001713633537),(1.137201489880681,0.090000001713633537),(1.137201489880681,0.12500000186264515),(1.1722014900296926,0.12500000186264515)));
#5751=IFCCARTESIANPOINTLIST2D(((0.63995585218071938,0.090000001713633537),(1.137201489880681,0.090000001713633537)));
#5752=IFCINDEXEDPOLYCURVE(#5751,$,$);
#5753=IFCINDEXEDPOLYCURVE(#5754,$,$);
#5754=IFCCARTESIANPOINTLIST2D(((0.63995585218071938,0.12500000186264515),(1.137201489880681,0.12500000186264515)));
#5755=IFCINDEXEDPOLYCURVE(#5756,$,$);
#5756=IFCCARTESIANPOINTLIST2D(((0.63995585218071938,0.10750000178813934),(1.137201489880681,0.10750000178813934)));
#5757=IFCSHAPEREPRESENTATION(#24,'Body','Curve2D',(#5726,#5728,#5730,#5732,#5733,#5736,#5737,#5739,#5742,#5744,#5746,#5748,#5749,#5752,#5753,#5755));
#5758=IFCCARTESIANPOINTLIST2D(((0.,0.),(1.1972014904022217,0.),(1.1972014904022217,0.89999997615814209),(0.,0.89999997615814209)));
#5759=IFCINDEXEDPOLYCURVE(#5758,(IFCLINEINDEX((1,2,3,4,1))),$);
#5760=IFCARBITRARYCLOSEDPROFILEDEF(.AREA.,$,#5759);
#5761=IFCCARTESIANPOINT((0.,-0.60000002384185791,0.));
#5762=IFCDIRECTION((0.,-1.,0.));
#5763=IFCDIRECTION((1.,0.,0.));
#5764=IFCAXIS2PLACEMENT3D(#5761,#5762,#5763);
#5765=IFCDIRECTION((0.,0.,-1.));
#5766=IFCEXTRUDEDAREASOLID(#5760,#5764,#5765,1.2);
#5767=IFCSHAPEREPRESENTATION(#11,'Body','SweptSolid',(#5766));
#5773=IFCCARTESIANPOINT((1.036865321642999,2.8312206268310547E-07,1.));
#5774=IFCDIRECTION((0.,0.,1.));
#5775=IFCDIRECTION((0.99999999999997158,-2.3841857910155572E-07,0.));
#5776=IFCAXIS2PLACEMENT3D(#5773,#5774,#5775);
#5777=IFCLOCALPLACEMENT(#987,#5776);
#5778=IFCCARTESIANPOINT((0.,0.,0.));
#5779=IFCDIRECTION((0.,0.,1.));
#5780=IFCDIRECTION((1.,0.,0.));
#5781=IFCAXIS2PLACEMENT3D(#5778,#5779,#5780);
#5782=IFCLOCALPLACEMENT(#5777,#5781);
#5783=IFCWINDOWTYPE('2oR6Y1aiXA6xPAfTH6Okvc',$,'Guest - 2 - GF',$,$,(#5784),(#5786,#5794,#5842),$,$,.WINDOW.,.SINGLE_PANEL.,$,$);
#5784=IFCPROPERTYSET('154X7C1enBf9GK236yU4nE',$,'BBIM_Window',$,(#5785));
#5785=IFCPROPERTYSINGLEVALUE('Data',$,IFCTEXT('{"window_type": "SINGLE_PANEL", "overall_height": 0.8999999761581421, "overall_width": 0.8182107210159302, "lining_properties": {"lining_depth": 0.05000000074505806, "lining_thickness": 0.05000000074505806, "lining_offset": 0.05000000074505806, "lining_to_panel_offset_x": 0.02500000037252903, "lining_to_panel_offset_y": 0.02500000037252903}, "panel_properties": {"frame_depth": [0.03500000014901161, 0.03500000014901161, 0.03500000014901161], "frame_thickness": [0.03500000014901161, 0.03500000014901161, 0.03500000014901161]}}'),$);
#5786=IFCREPRESENTATIONMAP(#5787,#5791);
#5787=IFCAXIS2PLACEMENT3D(#5788,#5789,#5790);
#5788=IFCCARTESIANPOINT((0.,0.,0.));
#5789=IFCDIRECTION((0.,0.,1.));
#5790=IFCDIRECTION((1.,0.,0.));
#5791=IFCSHAPEREPRESENTATION(#18,'Profile','Curve3D',(#5792));
#5792=IFCINDEXEDPOLYCURVE(#5793,(IFCLINEINDEX((1,2,3,4,1))),$);
#5793=IFCCARTESIANPOINTLIST3D(((0.,0.,0.),(0.81821072101593018,0.,0.),(0.81821072101593018,0.,0.89999997615814209),(0.,0.,0.89999997615814209)));
#5794=IFCREPRESENTATIONMAP(#5795,#5799);
#5795=IFCAXIS2PLACEMENT3D(#5796,#5797,#5798);
#5796=IFCCARTESIANPOINT((0.,0.,0.));
#5797=IFCDIRECTION((0.,0.,1.));
#5798=IFCDIRECTION((1.,0.,0.));
#5799=IFCSHAPEREPRESENTATION(#11,'Body','SweptSolid',(#5800,#5811,#5822,#5833));
#5800=IFCEXTRUDEDAREASOLID(#5801,#5806,#5810,0.0099999997764825821);
#5801=IFCARBITRARYPROFILEDEFWITHVOIDS(.AREA.,$,#5802,(#5804));
#5802=IFCINDEXEDPOLYCURVE(#5803,(IFCLINEINDEX((1,2,3,4,1))),$);
#5803=IFCCARTESIANPOINTLIST2D(((0.,0.),(0.81821072101593018,0.),(0.81821072101593018,0.89999997615814209),(0.,0.89999997615814209)));
#5804=IFCINDEXEDPOLYCURVE(#5805,(IFCLINEINDEX((1,2,3,4,1))),$);
#5805=IFCCARTESIANPOINTLIST2D(((0.02500000037252903,0.02500000037252903),(0.79321072064340115,0.02500000037252903),(0.79321072064340115,0.87499997578561306),(0.02500000037252903,0.87499997578561306)));
#5806=IFCAXIS2PLACEMENT3D(#5807,#5808,#5809);
#5807=IFCCARTESIANPOINT((0.,0.090000001713633537,0.));
#5808=IFCDIRECTION((0.,-1.,0.));
#5809=IFCDIRECTION((1.,0.,0.));
#5810=IFCDIRECTION((0.,0.,-1.));
#5811=IFCEXTRUDEDAREASOLID(#5812,#5817,#5821,0.040000000968575478);
#5812=IFCARBITRARYPROFILEDEFWITHVOIDS(.AREA.,$,#5813,(#5815));
#5813=IFCINDEXEDPOLYCURVE(#5814,(IFCLINEINDEX((1,2,3,4,1))),$);
#5814=IFCCARTESIANPOINTLIST2D(((0.,0.),(0.81821072101593018,0.),(0.81821072101593018,0.89999997615814209),(0.,0.89999997615814209)));
#5815=IFCINDEXEDPOLYCURVE(#5816,(IFCLINEINDEX((1,2,3,4,1))),$);
#5816=IFCCARTESIANPOINTLIST2D(((0.05000000074505806,0.05000000074505806),(0.76821072027087212,0.05000000074505806),(0.76821072027087212,0.84999997541308403),(0.05000000074505806,0.84999997541308403)));
#5817=IFCAXIS2PLACEMENT3D(#5818,#5819,#5820);
#5818=IFCCARTESIANPOINT((0.,0.05000000074505806,0.));
#5819=IFCDIRECTION((0.,-1.,0.));
#5820=IFCDIRECTION((1.,0.,0.));
#5821=IFCDIRECTION((0.,0.,-1.));
#5822=IFCEXTRUDEDAREASOLID(#5823,#5828,#5832,0.035000000149011612);
#5823=IFCARBITRARYPROFILEDEFWITHVOIDS(.AREA.,$,#5824,(#5826));
#5824=IFCINDEXEDPOLYCURVE(#5825,(IFCLINEINDEX((1,2,3,4,1))),$);
#5825=IFCCARTESIANPOINTLIST2D(((0.,0.),(0.76821072027087212,0.),(0.76821072027087212,0.84999997541308403),(0.,0.84999997541308403)));
#5826=IFCINDEXEDPOLYCURVE(#5827,(IFCLINEINDEX((1,2,3,4,1))),$);
#5827=IFCCARTESIANPOINTLIST2D(((0.035000000149011612,0.035000000149011612),(0.7332107201218605,0.035000000149011612),(0.7332107201218605,0.81499997526407242),(0.035000000149011612,0.81499997526407242)));
#5828=IFCAXIS2PLACEMENT3D(#5829,#5830,#5831);
#5829=IFCCARTESIANPOINT((0.02500000037252903,0.090000001713633537,0.02500000037252903));
#5830=IFCDIRECTION((0.,-1.,0.));
#5831=IFCDIRECTION((1.,0.,0.));
#5832=IFCDIRECTION((0.,0.,-1.));
#5833=IFCEXTRUDEDAREASOLID(#5834,#5837,#5841,0.01);
#5834=IFCARBITRARYCLOSEDPROFILEDEF(.AREA.,$,#5835);
#5835=IFCINDEXEDPOLYCURVE(#5836,(IFCLINEINDEX((1,2,3,4,1))),$);
#5836=IFCCARTESIANPOINTLIST2D(((0.035000000149011612,0.035000000149011612),(0.7332107201218605,0.035000000149011612),(0.7332107201218605,0.81499997526407242),(0.035000000149011612,0.81499997526407242)));
#5837=IFCAXIS2PLACEMENT3D(#5838,#5839,#5840);
#5838=IFCCARTESIANPOINT((0.02500000037252903,0.10250000178813934,0.02500000037252903));
#5839=IFCDIRECTION((0.,-1.,0.));
#5840=IFCDIRECTION((1.,0.,0.));
#5841=IFCDIRECTION((0.,0.,-1.));
#5842=IFCREPRESENTATIONMAP(#5843,#5847);
#5843=IFCAXIS2PLACEMENT3D(#5844,#5845,#5846);
#5844=IFCCARTESIANPOINT((0.,0.,0.));
#5845=IFCDIRECTION((0.,0.,1.));
#5846=IFCDIRECTION((1.,0.,0.));
#5847=IFCSHAPEREPRESENTATION(#24,'Body','Curve2D',(#5848,#5850,#5852,#5854,#5856,#5858,#5860,#5862));
#5848=IFCINDEXEDPOLYCURVE(#5849,$,$);
#5849=IFCCARTESIANPOINTLIST2D(((0.05000000074505806,0.05000000074505806),(0.76821072027087212,0.05000000074505806)));
#5850=IFCINDEXEDPOLYCURVE(#5851,(IFCLINEINDEX((1,2,3,4,5,6,1))),$);
#5851=IFCCARTESIANPOINTLIST2D(((0.,0.10000000149011612),(0.02500000037252903,0.10000000149011612),(0.02500000037252903,0.090000001713633537),(0.05000000074505806,0.090000001713633537),(0.05000000074505806,0.05000000074505806),(0.,0.05000000074505806)));
#5852=IFCINDEXEDPOLYCURVE(#5853,(IFCLINEINDEX((1,2,3,4,5,6,1))),$);
#5853=IFCCARTESIANPOINTLIST2D(((0.81821072101593018,0.10000000149011612),(0.79321072064340115,0.10000000149011612),(0.79321072064340115,0.090000001713633537),(0.76821072027087212,0.090000001713633537),(0.76821072027087212,0.05000000074505806),(0.81821072101593018,0.05000000074505806)));
#5854=IFCINDEXEDPOLYCURVE(#5855,(IFCLINEINDEX((1,2,3,4,1))),$);
#5855=IFCCARTESIANPOINTLIST2D(((0.02500000037252903,0.090000001713633537),(0.060000000521540642,0.090000001713633537),(0.060000000521540642,0.12500000186264515),(0.02500000037252903,0.12500000186264515)));
#5856=IFCINDEXEDPOLYCURVE(#5857,(IFCLINEINDEX((1,2,3,4,1))),$);
#5857=IFCCARTESIANPOINTLIST2D(((0.79321072064340115,0.090000001713633537),(0.75821072049438953,0.090000001713633537),(0.75821072049438953,0.12500000186264515),(0.79321072064340115,0.12500000186264515)));
#5858=IFCINDEXEDPOLYCURVE(#5859,$,$);
#5859=IFCCARTESIANPOINTLIST2D(((0.060000000521540642,0.090000001713633537),(0.75821072049438953,0.090000001713633537)));
#5860=IFCINDEXEDPOLYCURVE(#5861,$,$);
#5861=IFCCARTESIANPOINTLIST2D(((0.060000000521540642,0.12500000186264515),(0.75821072049438953,0.12500000186264515)));
#5862=IFCINDEXEDPOLYCURVE(#5863,$,$);
#5863=IFCCARTESIANPOINTLIST2D(((0.060000000521540642,0.10750000178813934),(0.75821072049438953,0.10750000178813934)));
#5948=IFCWINDOW('0v6jktbjn3Chxzi4btgyOi',$,'Window',$,$,#6304,#5958,$,0.89999997615814209,0.81821072101593018,$,$,$);
#5950=IFCRELDEFINESBYTYPE('2LMeZVUe15wwPJdMDTAEIk',$,$,$,(#5948),#5783);
#5951=IFCCARTESIANPOINT((0.,0.,0.));
#5952=IFCDIRECTION((1.,0.,0.));
#5953=IFCDIRECTION((0.,1.,0.));
#5954=IFCDIRECTION((0.,0.,1.));
#5955=IFCCARTESIANTRANSFORMATIONOPERATOR3D(#5952,#5953,#5951,1.,#5954);
#5956=IFCMAPPEDITEM(#5786,#5955);
#5957=IFCSHAPEREPRESENTATION(#18,'Profile','MappedRepresentation',(#5956));
#5958=IFCPRODUCTDEFINITIONSHAPE($,$,(#5957,#5965,#5972));
#5959=IFCCARTESIANPOINT((0.,0.,0.));
#5960=IFCDIRECTION((1.,0.,0.));
#5961=IFCDIRECTION((0.,1.,0.));
#5962=IFCDIRECTION((0.,0.,1.));
#5963=IFCCARTESIANTRANSFORMATIONOPERATOR3D(#5960,#5961,#5959,1.,#5962);
#5964=IFCMAPPEDITEM(#5794,#5963);
#5965=IFCSHAPEREPRESENTATION(#11,'Body','MappedRepresentation',(#5964));
#5966=IFCCARTESIANPOINT((0.,0.,0.));
#5967=IFCDIRECTION((1.,0.,0.));
#5968=IFCDIRECTION((0.,1.,0.));
#5969=IFCDIRECTION((0.,0.,1.));
#5970=IFCCARTESIANTRANSFORMATIONOPERATOR3D(#5967,#5968,#5966,1.,#5969);
#5971=IFCMAPPEDITEM(#5842,#5970);
#5972=IFCSHAPEREPRESENTATION(#24,'Body','MappedRepresentation',(#5971));
#5973=IFCOPENINGELEMENT('1iY2YA2cX2vfcl9HZMuT78',$,'Opening',$,$,#6023,#6001,$,.OPENING.);
#5979=IFCCARTESIANPOINTLIST2D(((0.,0.),(0.81821072101593018,0.),(0.81821072101593018,0.89999997615814209),(0.,0.89999997615814209)));
#5980=IFCINDEXEDPOLYCURVE(#5979,(IFCLINEINDEX((1,2,3,4,1))),$);
#5981=IFCARBITRARYCLOSEDPROFILEDEF(.AREA.,$,#5980);
#5982=IFCCARTESIANPOINT((0.,-0.60000002384185791,0.));
#5983=IFCDIRECTION((0.,-1.,0.));
#5984=IFCDIRECTION((1.,0.,0.));
#5985=IFCAXIS2PLACEMENT3D(#5982,#5983,#5984);
#5986=IFCDIRECTION((0.,0.,-1.));
#5987=IFCEXTRUDEDAREASOLID(#5981,#5985,#5986,1.2);
#5988=IFCSHAPEREPRESENTATION(#11,'Body','SweptSolid',(#5987));
#5989=IFCCARTESIANPOINT((0.,0.,0.));
#5990=IFCDIRECTION((1.,0.,0.));
#5991=IFCDIRECTION((0.,0.,1.));
#5992=IFCAXIS2PLACEMENT3D(#5989,#5991,#5990);
#5993=IFCREPRESENTATIONMAP(#5992,#5988);
#5994=IFCCARTESIANPOINT((0.,0.,0.));
#5995=IFCDIRECTION((1.,0.,0.));
#5996=IFCDIRECTION((0.,1.,0.));
#5997=IFCDIRECTION((0.,0.,1.));
#5998=IFCCARTESIANTRANSFORMATIONOPERATOR3D(#5995,#5996,#5994,1.,#5997);
#5999=IFCMAPPEDITEM(#5993,#5998);
#6000=IFCSHAPEREPRESENTATION(#11,'Body','MappedRepresentation',(#5999));
#6001=IFCPRODUCTDEFINITIONSHAPE($,$,(#6000));
#6002=IFCRELVOIDSELEMENT('1CZzA4fMP5Eup$qJFbUcs9',$,$,$,#680,#5973);
#6008=IFCRELFILLSELEMENT('25sqep6CLC2vnBQCN_Np7n',$,$,$,#5973,#5948);
#6019=IFCCARTESIANPOINT((3.0285863395437129,7.2502247228101169E-07,1.));
#6020=IFCDIRECTION((0.,0.,1.));
#6021=IFCDIRECTION((0.99999999999999289,1.1920928244535129E-07,0.));
#6022=IFCAXIS2PLACEMENT3D(#6019,#6020,#6021);
#6023=IFCLOCALPLACEMENT(#955,#6022);
#6029=IFCWINDOWTYPE('3KKnyXVxH8hgPOSUDF3NTM',$,'Maid - GF',$,$,(#6030),(#6032,#6040,#6088),$,$,.WINDOW.,.SINGLE_PANEL.,$,$);
#6030=IFCPROPERTYSET('2ch4vjd9fCs8VggIKxAnXd',$,'BBIM_Window',$,(#6031));
#6031=IFCPROPERTYSINGLEVALUE('Data',$,IFCTEXT('{"window_type": "SINGLE_PANEL", "overall_height": 0.8999999761581421, "overall_width": 0.8182107210159302, "lining_properties": {"lining_depth": 0.05000000074505806, "lining_thickness": 0.05000000074505806, "lining_offset": 0.05000000074505806, "lining_to_panel_offset_x": 0.02500000037252903, "lining_to_panel_offset_y": 0.02500000037252903}, "panel_properties": {"frame_depth": [0.03500000014901161, 0.03500000014901161, 0.03500000014901161], "frame_thickness": [0.03500000014901161, 0.03500000014901161, 0.03500000014901161]}}'),$);
#6032=IFCREPRESENTATIONMAP(#6033,#6037);
#6033=IFCAXIS2PLACEMENT3D(#6034,#6035,#6036);
#6034=IFCCARTESIANPOINT((0.,0.,0.));
#6035=IFCDIRECTION((0.,0.,1.));
#6036=IFCDIRECTION((1.,0.,0.));
#6037=IFCSHAPEREPRESENTATION(#18,'Profile','Curve3D',(#6038));
#6038=IFCINDEXEDPOLYCURVE(#6039,(IFCLINEINDEX((1,2,3,4,1))),$);
#6039=IFCCARTESIANPOINTLIST3D(((0.,0.,0.),(0.81821072101593018,0.,0.),(0.81821072101593018,0.,0.89999997615814209),(0.,0.,0.89999997615814209)));
#6040=IFCREPRESENTATIONMAP(#6041,#6045);
#6041=IFCAXIS2PLACEMENT3D(#6042,#6043,#6044);
#6042=IFCCARTESIANPOINT((0.,0.,0.));
#6043=IFCDIRECTION((0.,0.,1.));
#6044=IFCDIRECTION((1.,0.,0.));
#6045=IFCSHAPEREPRESENTATION(#11,'Body','SweptSolid',(#6046,#6057,#6068,#6079));
#6046=IFCEXTRUDEDAREASOLID(#6047,#6052,#6056,0.0099999997764825821);
#6047=IFCARBITRARYPROFILEDEFWITHVOIDS(.AREA.,$,#6048,(#6050));
#6048=IFCINDEXEDPOLYCURVE(#6049,(IFCLINEINDEX((1,2,3,4,1))),$);
#6049=IFCCARTESIANPOINTLIST2D(((0.,0.),(0.81821072101593018,0.),(0.81821072101593018,0.89999997615814209),(0.,0.89999997615814209)));
#6050=IFCINDEXEDPOLYCURVE(#6051,(IFCLINEINDEX((1,2,3,4,1))),$);
#6051=IFCCARTESIANPOINTLIST2D(((0.02500000037252903,0.02500000037252903),(0.79321072064340115,0.02500000037252903),(0.79321072064340115,0.87499997578561306),(0.02500000037252903,0.87499997578561306)));
#6052=IFCAXIS2PLACEMENT3D(#6053,#6054,#6055);
#6053=IFCCARTESIANPOINT((0.,0.090000001713633537,0.));
#6054=IFCDIRECTION((0.,-1.,0.));
#6055=IFCDIRECTION((1.,0.,0.));
#6056=IFCDIRECTION((0.,0.,-1.));
#6057=IFCEXTRUDEDAREASOLID(#6058,#6063,#6067,0.040000000968575478);
#6058=IFCARBITRARYPROFILEDEFWITHVOIDS(.AREA.,$,#6059,(#6061));
#6059=IFCINDEXEDPOLYCURVE(#6060,(IFCLINEINDEX((1,2,3,4,1))),$);
#6060=IFCCARTESIANPOINTLIST2D(((0.,0.),(0.81821072101593018,0.),(0.81821072101593018,0.89999997615814209),(0.,0.89999997615814209)));
#6061=IFCINDEXEDPOLYCURVE(#6062,(IFCLINEINDEX((1,2,3,4,1))),$);
#6062=IFCCARTESIANPOINTLIST2D(((0.05000000074505806,0.05000000074505806),(0.76821072027087212,0.05000000074505806),(0.76821072027087212,0.84999997541308403),(0.05000000074505806,0.84999997541308403)));
#6063=IFCAXIS2PLACEMENT3D(#6064,#6065,#6066);
#6064=IFCCARTESIANPOINT((0.,0.05000000074505806,0.));
#6065=IFCDIRECTION((0.,-1.,0.));
#6066=IFCDIRECTION((1.,0.,0.));
#6067=IFCDIRECTION((0.,0.,-1.));
#6068=IFCEXTRUDEDAREASOLID(#6069,#6074,#6078,0.035000000149011612);
#6069=IFCARBITRARYPROFILEDEFWITHVOIDS(.AREA.,$,#6070,(#6072));
#6070=IFCINDEXEDPOLYCURVE(#6071,(IFCLINEINDEX((1,2,3,4,1))),$);
#6071=IFCCARTESIANPOINTLIST2D(((0.,0.),(0.76821072027087212,0.),(0.76821072027087212,0.84999997541308403),(0.,0.84999997541308403)));
#6072=IFCINDEXEDPOLYCURVE(#6073,(IFCLINEINDEX((1,2,3,4,1))),$);
#6073=IFCCARTESIANPOINTLIST2D(((0.035000000149011612,0.035000000149011612),(0.7332107201218605,0.035000000149011612),(0.7332107201218605,0.81499997526407242),(0.035000000149011612,0.81499997526407242)));
#6074=IFCAXIS2PLACEMENT3D(#6075,#6076,#6077);
#6075=IFCCARTESIANPOINT((0.02500000037252903,0.090000001713633537,0.02500000037252903));
#6076=IFCDIRECTION((0.,-1.,0.));
#6077=IFCDIRECTION((1.,0.,0.));
#6078=IFCDIRECTION((0.,0.,-1.));
#6079=IFCEXTRUDEDAREASOLID(#6080,#6083,#6087,0.01);
#6080=IFCARBITRARYCLOSEDPROFILEDEF(.AREA.,$,#6081);
#6081=IFCINDEXEDPOLYCURVE(#6082,(IFCLINEINDEX((1,2,3,4,1))),$);
#6082=IFCCARTESIANPOINTLIST2D(((0.035000000149011612,0.035000000149011612),(0.7332107201218605,0.035000000149011612),(0.7332107201218605,0.81499997526407242),(0.035000000149011612,0.81499997526407242)));
#6083=IFCAXIS2PLACEMENT3D(#6084,#6085,#6086);
#6084=IFCCARTESIANPOINT((0.02500000037252903,0.10250000178813934,0.02500000037252903));
#6085=IFCDIRECTION((0.,-1.,0.));
#6086=IFCDIRECTION((1.,0.,0.));
#6087=IFCDIRECTION((0.,0.,-1.));
#6088=IFCREPRESENTATIONMAP(#6089,#6093);
#6089=IFCAXIS2PLACEMENT3D(#6090,#6091,#6092);
#6090=IFCCARTESIANPOINT((0.,0.,0.));
#6091=IFCDIRECTION((0.,0.,1.));
#6092=IFCDIRECTION((1.,0.,0.));
#6093=IFCSHAPEREPRESENTATION(#24,'Body','Curve2D',(#6094,#6096,#6098,#6100,#6102,#6104,#6106,#6108));
#6094=IFCINDEXEDPOLYCURVE(#6095,$,$);
#6095=IFCCARTESIANPOINTLIST2D(((0.05000000074505806,0.05000000074505806),(0.76821072027087212,0.05000000074505806)));
#6096=IFCINDEXEDPOLYCURVE(#6097,(IFCLINEINDEX((1,2,3,4,5,6,1))),$);
#6097=IFCCARTESIANPOINTLIST2D(((0.,0.10000000149011612),(0.02500000037252903,0.10000000149011612),(0.02500000037252903,0.090000001713633537),(0.05000000074505806,0.090000001713633537),(0.05000000074505806,0.05000000074505806),(0.,0.05000000074505806)));
#6098=IFCINDEXEDPOLYCURVE(#6099,(IFCLINEINDEX((1,2,3,4,5,6,1))),$);
#6099=IFCCARTESIANPOINTLIST2D(((0.81821072101593018,0.10000000149011612),(0.79321072064340115,0.10000000149011612),(0.79321072064340115,0.090000001713633537),(0.76821072027087212,0.090000001713633537),(0.76821072027087212,0.05000000074505806),(0.81821072101593018,0.05000000074505806)));
#6100=IFCINDEXEDPOLYCURVE(#6101,(IFCLINEINDEX((1,2,3,4,1))),$);
#6101=IFCCARTESIANPOINTLIST2D(((0.02500000037252903,0.090000001713633537),(0.060000000521540642,0.090000001713633537),(0.060000000521540642,0.12500000186264515),(0.02500000037252903,0.12500000186264515)));
#6102=IFCINDEXEDPOLYCURVE(#6103,(IFCLINEINDEX((1,2,3,4,1))),$);
#6103=IFCCARTESIANPOINTLIST2D(((0.79321072064340115,0.090000001713633537),(0.75821072049438953,0.090000001713633537),(0.75821072049438953,0.12500000186264515),(0.79321072064340115,0.12500000186264515)));
#6104=IFCINDEXEDPOLYCURVE(#6105,$,$);
#6105=IFCCARTESIANPOINTLIST2D(((0.060000000521540642,0.090000001713633537),(0.75821072049438953,0.090000001713633537)));
#6106=IFCINDEXEDPOLYCURVE(#6107,$,$);
#6107=IFCCARTESIANPOINTLIST2D(((0.060000000521540642,0.12500000186264515),(0.75821072049438953,0.12500000186264515)));
#6108=IFCINDEXEDPOLYCURVE(#6109,$,$);
#6109=IFCCARTESIANPOINTLIST2D(((0.060000000521540642,0.10750000178813934),(0.75821072049438953,0.10750000178813934)));
#6110=IFCWINDOW('3$3KHZTbr7Y8IN9r30wb_u',$,'Window',$,$,#6309,#6120,$,0.89999997615814209,0.81821072101593018,$,$,$);
#6112=IFCRELDEFINESBYTYPE('3RExRqk6f0O8k9dZ4BxQtS',$,$,$,(#6110),#6029);
#6113=IFCCARTESIANPOINT((0.,0.,0.));
#6114=IFCDIRECTION((1.,0.,0.));
#6115=IFCDIRECTION((0.,1.,0.));
#6116=IFCDIRECTION((0.,0.,1.));
#6117=IFCCARTESIANTRANSFORMATIONOPERATOR3D(#6114,#6115,#6113,1.,#6116);
#6118=IFCMAPPEDITEM(#6032,#6117);
#6119=IFCSHAPEREPRESENTATION(#18,'Profile','MappedRepresentation',(#6118));
#6120=IFCPRODUCTDEFINITIONSHAPE($,$,(#6119,#6127,#6134));
#6121=IFCCARTESIANPOINT((0.,0.,0.));
#6122=IFCDIRECTION((1.,0.,0.));
#6123=IFCDIRECTION((0.,1.,0.));
#6124=IFCDIRECTION((0.,0.,1.));
#6125=IFCCARTESIANTRANSFORMATIONOPERATOR3D(#6122,#6123,#6121,1.,#6124);
#6126=IFCMAPPEDITEM(#6040,#6125);
#6127=IFCSHAPEREPRESENTATION(#11,'Body','MappedRepresentation',(#6126));
#6128=IFCCARTESIANPOINT((0.,0.,0.));
#6129=IFCDIRECTION((1.,0.,0.));
#6130=IFCDIRECTION((0.,1.,0.));
#6131=IFCDIRECTION((0.,0.,1.));
#6132=IFCCARTESIANTRANSFORMATIONOPERATOR3D(#6129,#6130,#6128,1.,#6131);
#6133=IFCMAPPEDITEM(#6088,#6132);
#6134=IFCSHAPEREPRESENTATION(#24,'Body','MappedRepresentation',(#6133));
#6135=IFCOPENINGELEMENT('1JbfQQXX16QB3kbzKNk3$C',$,'Opening',$,$,#6185,#6163,$,.OPENING.);
#6141=IFCCARTESIANPOINTLIST2D(((0.,0.),(0.81821072101593018,0.),(0.81821072101593018,0.89999997615814209),(0.,0.89999997615814209)));
#6142=IFCINDEXEDPOLYCURVE(#6141,(IFCLINEINDEX((1,2,3,4,1))),$);
#6143=IFCARBITRARYCLOSEDPROFILEDEF(.AREA.,$,#6142);
#6144=IFCCARTESIANPOINT((0.,-0.60000002384185791,0.));
#6145=IFCDIRECTION((0.,-1.,0.));
#6146=IFCDIRECTION((1.,0.,0.));
#6147=IFCAXIS2PLACEMENT3D(#6144,#6145,#6146);
#6148=IFCDIRECTION((0.,0.,-1.));
#6149=IFCEXTRUDEDAREASOLID(#6143,#6147,#6148,1.2);
#6150=IFCSHAPEREPRESENTATION(#11,'Body','SweptSolid',(#6149));
#6151=IFCCARTESIANPOINT((0.,0.,0.));
#6152=IFCDIRECTION((1.,0.,0.));
#6153=IFCDIRECTION((0.,0.,1.));
#6154=IFCAXIS2PLACEMENT3D(#6151,#6153,#6152);
#6155=IFCREPRESENTATIONMAP(#6154,#6150);
#6156=IFCCARTESIANPOINT((0.,0.,0.));
#6157=IFCDIRECTION((1.,0.,0.));
#6158=IFCDIRECTION((0.,1.,0.));
#6159=IFCDIRECTION((0.,0.,1.));
#6160=IFCCARTESIANTRANSFORMATIONOPERATOR3D(#6157,#6158,#6156,1.,#6159);
#6161=IFCMAPPEDITEM(#6155,#6160);
#6162=IFCSHAPEREPRESENTATION(#11,'Body','MappedRepresentation',(#6161));
#6163=IFCPRODUCTDEFINITIONSHAPE($,$,(#6162));
#6164=IFCRELVOIDSELEMENT('1oH8$Irb52Yg_7IPuA0xaY',$,$,$,#655,#6135);
#6170=IFCRELFILLSELEMENT('3UE9OwSJP9ePfSAbewwh_t',$,$,$,#6135,#6110);
#6181=IFCCARTESIANPOINT((0.75837576389325545,-1.8151473923921913E-07,1.));
#6182=IFCDIRECTION((0.,0.,1.));
#6183=IFCDIRECTION((0.99999999999997158,-2.3841857910149749E-07,0.));
#6184=IFCAXIS2PLACEMENT3D(#6181,#6182,#6183);
#6185=IFCLOCALPLACEMENT(#666,#6184);
#6219=IFCROOFTYPE('2UJIRPL0T3KwlWlSbVt0TM',$,'Unnamed',$,$,(#6220),(#6249,#6277),$,$,.HIP_ROOF.);
#6220=IFCPROPERTYSET('0Z$ZMydOD32wxjJdRqZoUW',$,'BBIM_Roof',$,(#6221));
#6221=IFCPROPERTYSINGLEVALUE('Data',$,IFCTEXT('{"roof_type": "HIP/GABLE ROOF", "generation_method": "ANGLE", "roof_thickness": 0.10000000149011612, "rafter_edge_angle": 1.5707963705062866, "angle": 0.1745329201221466, "percentage": 17.63269805908203, "path_data": {"edges": [[0, 1], [1, 2], [2, 3], [3, 0]], "verts": [[-5.0, -5.0, 0.0], [-5.0, 5.0, 0.0], [5.0, 5.0, 0.0], [5.0, -5.0, 0.0]]}}'),$);
#6245=IFCCARTESIANPOINT((0.,0.,0.));
#6246=IFCDIRECTION((1.,0.,0.));
#6247=IFCDIRECTION((0.,0.,1.));
#6248=IFCAXIS2PLACEMENT3D(#6245,#6247,#6246);
#6249=IFCREPRESENTATIONMAP(#6248,#6268);
#6250=IFCINDEXEDPOLYGONALFACE((3,1,2));
#6251=IFCINDEXEDPOLYGONALFACE((2,4,3));
#6252=IFCINDEXEDPOLYGONALFACE((1,3,5));
#6253=IFCINDEXEDPOLYGONALFACE((4,5,3));
#6254=IFCINDEXEDPOLYGONALFACE((6,7,8));
#6255=IFCINDEXEDPOLYGONALFACE((8,2,1));
#6256=IFCINDEXEDPOLYGONALFACE((8,1,6));
#6257=IFCINDEXEDPOLYGONALFACE((8,7,9));
#6258=IFCINDEXEDPOLYGONALFACE((2,8,9));
#6259=IFCINDEXEDPOLYGONALFACE((2,9,4));
#6260=IFCINDEXEDPOLYGONALFACE((10,7,6));
#6261=IFCINDEXEDPOLYGONALFACE((6,1,5));
#6262=IFCINDEXEDPOLYGONALFACE((6,5,10));
#6263=IFCINDEXEDPOLYGONALFACE((9,7,10));
#6264=IFCINDEXEDPOLYGONALFACE((4,9,10));
#6265=IFCINDEXEDPOLYGONALFACE((4,10,5));
#6266=IFCCARTESIANPOINTLIST3D(((-5.,-5.,0.),(5.,-5.,0.),(0.,0.,0.88163489103317261),(5.,5.,0.),(-5.,5.,0.),(-5.,-5.,-0.10154265910387039),(0.,0.,0.78009223937988281),(5.,-5.,-0.10154265910387039),(5.,5.,-0.10154265910387039),(-5.,5.,-0.10154265910387039)));
#6267=IFCPOLYGONALFACESET(#6266,.T.,(#6250,#6251,#6252,#6253,#6254,#6255,#6256,#6257,#6258,#6259,#6260,#6261,#6262,#6263,#6264,#6265),$);
#6268=IFCSHAPEREPRESENTATION(#11,'Body','Tessellation',(#6267));
#6270=IFCCARTESIANPOINT((-5.,-5.,-0.10154265910387039));
#6271=IFCBOUNDINGBOX(#6270,10.,10.,0.9831775426864624);
#6272=IFCSHAPEREPRESENTATION(#13,'Box','BoundingBox',(#6271));
#6273=IFCCARTESIANPOINT((0.,0.,0.));
#6274=IFCDIRECTION((1.,0.,0.));
#6275=IFCDIRECTION((0.,0.,1.));
#6276=IFCAXIS2PLACEMENT3D(#6273,#6275,#6274);
#6277=IFCREPRESENTATIONMAP(#6276,#6272);
#6300=IFCCARTESIANPOINT((-4.4408920985006262E-16,0.,0.));
#6301=IFCDIRECTION((0.,0.,1.));
#6302=IFCDIRECTION((1.,0.,0.));
#6303=IFCAXIS2PLACEMENT3D(#6300,#6301,#6302);
#6304=IFCLOCALPLACEMENT(#6023,#6303);
#6305=IFCCARTESIANPOINT((1.1102230246251565E-16,-8.8817841970012523E-16,0.));
#6306=IFCDIRECTION((0.,0.,1.));
#6307=IFCDIRECTION((1.,0.,0.));
#6308=IFCAXIS2PLACEMENT3D(#6305,#6306,#6307);
#6309=IFCLOCALPLACEMENT(#6185,#6308);
#6316=IFCRELCONTAINEDINSPATIALSTRUCTURE('1OWWzbF0jAfuBU1PA7Lqd2',$,$,$,(#6614,#6341,#14841,#9727,#7609,#14745,#7733,#8116,#13187,#8491,#6539,#7351,#9435,#13081,#12335,#6564,#6366,#7146,#7168,#11208,#8886,#9151,#15042,#9581,#14718,#8713,#7389,#7938,#6589,#6489,#6514,#7414),#39);
#6341=IFCWALL('3cWaN3REn9hRo1RQ1k2Rmt',$,'Wall',$,$,#12816,#6347,$,$);
#6342=IFCMATERIALLAYERSETUSAGE(#82,.AXIS2.,.POSITIVE.,0.,$);
#6343=IFCRELASSOCIATESMATERIAL('3Jkyn6$uj1nfBqGmN5Pigs',$,$,$,(#6341),#6342);
#6347=IFCPRODUCTDEFINITIONSHAPE($,$,(#7345,#7342));
#6363=IFCPROPERTYSET('0M3ccUgvv8MRDKyayYupwt',$,'EPset_Parametric',$,(#6365));
#6364=IFCRELDEFINESBYPROPERTIES('3B7E5F_xr8NfRmDdYrFqdf',$,$,$,(#6341),#6363);
#6365=IFCPROPERTYSINGLEVALUE('Engine',$,IFCLABEL('Bonsai.DumbLayer2'),$);
#6366=IFCWALL('2SGGL5kZ5BLuc480enSRHu',$,'Wall',$,$,#12786,#6372,$,$);
#6367=IFCMATERIALLAYERSETUSAGE(#82,.AXIS2.,.POSITIVE.,0.,$);
#6368=IFCRELASSOCIATESMATERIAL('1VaU3tsOX0EAsvN6UScQZ6',$,$,$,(#6366),#6367);
#6372=IFCPRODUCTDEFINITIONSHAPE($,$,(#7075,#7072));
#6388=IFCPROPERTYSET('2SakPHKmXCkwFYRV$TV$mK',$,'EPset_Parametric',$,(#6390));
#6389=IFCRELDEFINESBYPROPERTIES('38MSQIZ4rCOe15YyUGXH0y',$,$,$,(#6366),#6388);
#6390=IFCPROPERTYSINGLEVALUE('Engine',$,IFCLABEL('Bonsai.DumbLayer2'),$);
#6457=IFCRELCONNECTSPATHELEMENTS('0Eolgm7WH6bQsRtqc$ri8U',$,$,$,$,#6366,#6341,(),(),.ATEND.,.ATSTART.);
#6489=IFCWALL('16QPMBZf94E9Iiclj$BlSE',$,'Wall',$,$,#12806,#6495,$,$);
#6490=IFCMATERIALLAYERSETUSAGE(#82,.AXIS2.,.POSITIVE.,0.,$);
#6491=IFCRELASSOCIATESMATERIAL('29NBSMD8HC8xBoK0lpRnPw',$,$,$,(#6489),#6490);
#6495=IFCPRODUCTDEFINITIONSHAPE($,$,(#7797,#7794));
#6511=IFCPROPERTYSET('0FdgzRYITC0emPBqViKdPm',$,'EPset_Parametric',$,(#6513));
#6512=IFCRELDEFINESBYPROPERTIES('1mr9jbZTr7LeQGBKA1Gcwa',$,$,$,(#6489),#6511);
#6513=IFCPROPERTYSINGLEVALUE('Engine',$,IFCLABEL('Bonsai.DumbLayer2'),$);
#6514=IFCWALL('20x00OSWr4BwZ1TnBanUo3',$,'Wall',$,$,#12791,#6520,$,$);
#6515=IFCMATERIALLAYERSETUSAGE(#82,.AXIS2.,.POSITIVE.,0.,$);
#6516=IFCRELASSOCIATESMATERIAL('2PA7Tu2ZzEkeY4UfE6FIZW',$,$,$,(#6514),#6515);
#6520=IFCPRODUCTDEFINITIONSHAPE($,$,(#7595,#7592));
#6536=IFCPROPERTYSET('24_iLbi0j8WwAVMOkcqdr4',$,'EPset_Parametric',$,(#6538));
#6537=IFCRELDEFINESBYPROPERTIES('1g$F12rvj8kwlvSIEpmOko',$,$,$,(#6514),#6536);
#6538=IFCPROPERTYSINGLEVALUE('Engine',$,IFCLABEL('Bonsai.DumbLayer2'),$);
#6539=IFCWALL('0QQV7TIw5EE9oGmG8CXN6X',$,'Wall',$,$,#12836,#6545,$,$);
#6540=IFCMATERIALLAYERSETUSAGE(#82,.AXIS2.,.POSITIVE.,0.,$);
#6541=IFCRELASSOCIATESMATERIAL('1tGj8galPBTQM$XDcIpJMM',$,$,$,(#6539),#6540);
#6545=IFCPRODUCTDEFINITIONSHAPE($,$,(#7608,#7605));
#6561=IFCPROPERTYSET('1HTESssSTEnRkDdZ9VC3XD',$,'EPset_Parametric',$,(#6563));
#6562=IFCRELDEFINESBYPROPERTIES('16iZDxOFDDEQHncHmMxrwm',$,$,$,(#6539),#6561);
#6563=IFCPROPERTYSINGLEVALUE('Engine',$,IFCLABEL('Bonsai.DumbLayer2'),$);
#6564=IFCWALL('27JojlnS94F9yIQyB3hPJm',$,'Wall',$,$,#12831,#6570,$,$);
#6565=IFCMATERIALLAYERSETUSAGE(#82,.AXIS2.,.POSITIVE.,0.,$);
#6566=IFCRELASSOCIATESMATERIAL('2PAQw5$mnFBviYVQ0DOvNQ',$,$,$,(#6564),#6565);
#6570=IFCPRODUCTDEFINITIONSHAPE($,$,(#7581,#7578));
#6586=IFCPROPERTYSET('0iXzEXw9P6KRGlFh3Kfk_Z',$,'EPset_Parametric',$,(#6588));
#6587=IFCRELDEFINESBYPROPERTIES('2CJ7a2A_z9iADksTUaERaN',$,$,$,(#6564),#6586);
#6588=IFCPROPERTYSINGLEVALUE('Engine',$,IFCLABEL('Bonsai.DumbLayer2'),$);
#6589=IFCWALL('2UxT8VF_jEq9dqV1E5yLKy',$,'Wall',$,$,#12796,#6595,$,$);
#6590=IFCMATERIALLAYERSETUSAGE(#82,.AXIS2.,.POSITIVE.,0.,$);
#6591=IFCRELASSOCIATESMATERIAL('2TAK3$$Z53cvmnguy__MJp',$,$,$,(#6589),#6590);
#6595=IFCPRODUCTDEFINITIONSHAPE($,$,(#6952,#6949));
#6611=IFCPROPERTYSET('2$kI3adLT8hvO1V7Eh$kyo',$,'EPset_Parametric',$,(#6613));
#6612=IFCRELDEFINESBYPROPERTIES('1b$UJca3j7ZBvAQ9IwuKK2',$,$,$,(#6589),#6611);
#6613=IFCPROPERTYSINGLEVALUE('Engine',$,IFCLABEL('Bonsai.DumbLayer2'),$);
#6614=IFCWALL('3c12LUqun7QeouC5FdM0C3',$,'Wall',$,$,#12801,#6620,$,$);
#6615=IFCMATERIALLAYERSETUSAGE(#82,.AXIS2.,.POSITIVE.,0.,$);
#6616=IFCRELASSOCIATESMATERIAL('0SaYvJ3tn4EgWCAGwIDERk',$,$,$,(#6614),#6615);
#6620=IFCPRODUCTDEFINITIONSHAPE($,$,(#7719,#7716));
#6636=IFCPROPERTYSET('2J$gmGpHb8p9m0Io0mE4TT',$,'EPset_Parametric',$,(#6638));
#6637=IFCRELDEFINESBYPROPERTIES('3VnB3RgmL57ueT810eY4kQ',$,$,$,(#6614),#6636);
#6638=IFCPROPERTYSINGLEVALUE('Engine',$,IFCLABEL('Bonsai.DumbLayer2'),$);
#6793=IFCRELCONNECTSPATHELEMENTS('29wPUNgvTD8g99WlvFBWCl',$,$,$,$,#6514,#6489,(),(),.ATEND.,.ATSTART.);
#6889=IFCRELCONNECTSPATHELEMENTS('0YdYSmdRXEswptqbBen9kF',$,$,$,$,#6589,#6564,(),(),.ATEND.,.ATSTART.);
#6921=IFCRELCONNECTSPATHELEMENTS('0o1fLVThj7Muf$z1eAcZgR',$,$,$,$,#6614,#6589,(),(),.ATEND.,.ATSTART.);
#6940=IFCCARTESIANPOINTLIST2D(((0.,0.),(0.10000001073347915,0.10000000000000001),(7.0498354121011557,0.10000000000000001),(7.1499993682151937,0.)));
#6941=IFCINDEXEDPOLYCURVE(#6940,(IFCLINEINDEX((1,2,3,4,1))),$);
#6942=IFCARBITRARYCLOSEDPROFILEDEF(.AREA.,$,#6941);
#6943=IFCCARTESIANPOINT((0.,0.,0.));
#6944=IFCDIRECTION((0.,0.,1.));
#6945=IFCDIRECTION((1.,0.,0.));
#6946=IFCAXIS2PLACEMENT3D(#6943,#6944,#6945);
#6947=IFCDIRECTION((0.,0.,1.));
#6948=IFCEXTRUDEDAREASOLID(#6942,#6946,#6947,3.);
#6949=IFCSHAPEREPRESENTATION(#11,'Body','SweptSolid',(#6948));
#6950=IFCCARTESIANPOINTLIST2D(((0.,0.),(7.1499993682151937,0.)));
#6951=IFCINDEXEDPOLYCURVE(#6950,$,$);
#6952=IFCSHAPEREPRESENTATION(#23,'Axis','Curve2D',(#6951));
#7044=IFCRELCONNECTSPATHELEMENTS('3Y2a903J99fu9mYwsXxeA5',$,$,$,$,#6489,#6366,(),(),.ATEND.,.ATSTART.);
#7063=IFCCARTESIANPOINTLIST2D(((0.,0.),(0.10000001629206984,0.10000000000000001),(2.2790156289132288,0.10000000000000001),(2.3788518665938398,0.)));
#7064=IFCINDEXEDPOLYCURVE(#7063,(IFCLINEINDEX((1,2,3,4,1))),$);
#7065=IFCARBITRARYCLOSEDPROFILEDEF(.AREA.,$,#7064);
#7066=IFCCARTESIANPOINT((0.,0.,0.));
#7067=IFCDIRECTION((0.,0.,1.));
#7068=IFCDIRECTION((1.,0.,0.));
#7069=IFCAXIS2PLACEMENT3D(#7066,#7067,#7068);
#7070=IFCDIRECTION((0.,0.,1.));
#7071=IFCEXTRUDEDAREASOLID(#7065,#7069,#7070,3.);
#7072=IFCSHAPEREPRESENTATION(#11,'Body','SweptSolid',(#7071));
#7073=IFCCARTESIANPOINTLIST2D(((0.,0.),(2.3788518665938398,0.)));
#7074=IFCINDEXEDPOLYCURVE(#7073,$,$);
#7075=IFCSHAPEREPRESENTATION(#23,'Axis','Curve2D',(#7074));
#7146=IFCSLAB('3dcfOnLa15QPEW4y0_l$UV',$,'Slab',$,$,#12811,#7160,$,$);
#7147=IFCMATERIALLAYERSETUSAGE(#2085,.AXIS3.,.POSITIVE.,-0.10000000149011612,$);
#7148=IFCRELASSOCIATESMATERIAL('1PYP_xpDL5lg_aNfu0lok$',$,$,$,(#7146),#7147);
#7154=IFCCARTESIANPOINTLIST2D(((0.,0.),(-4.0099940299987793,0.0065717697143554688),(-4.0116162300109863,-0.98342657089233398),(-7.5116119384765625,-0.97769260406494141),(-7.5116124153137207,-9.6783380508422852),(-0.01580810546875,-9.6783370971679688),(0.,0.)));
#7155=IFCINDEXEDPOLYCURVE(#7154,$,$);
#7156=IFCDIRECTION((0.,0.,1.));
#7157=IFCARBITRARYCLOSEDPROFILEDEF(.AREA.,$,#7155);
#7158=IFCEXTRUDEDAREASOLID(#7157,#7167,#7156,0.10000000000000001);
#7159=IFCSHAPEREPRESENTATION(#11,'Body','SweptSolid',(#7158));
#7160=IFCPRODUCTDEFINITIONSHAPE($,$,(#7159));
#7161=IFCPROPERTYSET('10W4dRKZn7eBEG5lyvk4fd',$,'EPset_Parametric',$,(#7163));
#7162=IFCRELDEFINESBYPROPERTIES('1Wl_38bS94HgWwfpEAf_r7',$,$,$,(#7146),#7161);
#7163=IFCPROPERTYSINGLEVALUE('Engine',$,IFCLABEL('Bonsai.DumbLayer3'),$);
#7164=IFCCARTESIANPOINT((-0.,-0.,-0.10000000149011612));
#7165=IFCDIRECTION((0.,0.,1.));
#7166=IFCDIRECTION((1.,0.,0.));
#7167=IFCAXIS2PLACEMENT3D(#7164,#7165,#7166);
#7168=IFCWALL('3BDZ2dxKj4hfKcqhWOpPOc',$,'Wall',$,$,#12841,#7174,$,$);
#7169=IFCMATERIALLAYERSETUSAGE(#82,.AXIS2.,.POSITIVE.,0.,$);
#7170=IFCRELASSOCIATESMATERIAL('0R$dpTWpL67xbvfy1ezXU8',$,$,$,(#7168),#7169);
#7174=IFCPRODUCTDEFINITIONSHAPE($,$,(#7700,#7697));
#7190=IFCPROPERTYSET('0Wj0UhIfz708Wodqz9zL6c',$,'EPset_Parametric',$,(#7192));
#7191=IFCRELDEFINESBYPROPERTIES('0JwFgK72L1xBLfnt$Y5Lsv',$,$,$,(#7168),#7190);
#7192=IFCPROPERTYSINGLEVALUE('Engine',$,IFCLABEL('Bonsai.DumbLayer2'),$);
#7319=IFCRELCONNECTSPATHELEMENTS('0RVmjK2XD9VOBgq$14tG3M',$,$,$,$,#7168,#6341,(),(),.ATSTART.,.ATEND.);
#7333=IFCCARTESIANPOINTLIST2D(((0.,0.),(-0.10000004013393446,0.10000000000000001),(0.84932712482721606,0.10000000000000001),(0.94932714111928584,0.)));
#7334=IFCINDEXEDPOLYCURVE(#7333,(IFCLINEINDEX((1,2,3,4,1))),$);
#7335=IFCARBITRARYCLOSEDPROFILEDEF(.AREA.,$,#7334);
#7336=IFCCARTESIANPOINT((0.,0.,0.));
#7337=IFCDIRECTION((0.,0.,1.));
#7338=IFCDIRECTION((1.,0.,0.));
#7339=IFCAXIS2PLACEMENT3D(#7336,#7337,#7338);
#7340=IFCDIRECTION((0.,0.,1.));
#7341=IFCEXTRUDEDAREASOLID(#7335,#7339,#7340,3.);
#7342=IFCSHAPEREPRESENTATION(#11,'Body','SweptSolid',(#7341));
#7343=IFCCARTESIANPOINTLIST2D(((0.,0.),(0.94932714111928584,0.)));
#7344=IFCINDEXEDPOLYCURVE(#7343,$,$);
#7345=IFCSHAPEREPRESENTATION(#23,'Axis','Curve2D',(#7344));
#7351=IFCWALL('0fToDtMiDFy8nUsEPKYdF6',$,'Wall',$,$,#12851,#7357,$,$);
#7352=IFCMATERIALLAYERSETUSAGE(#82,.AXIS2.,.POSITIVE.,0.,$);
#7353=IFCRELASSOCIATESMATERIAL('2OMcgeDZfEk86ExOUSV4rR',$,$,$,(#7351),#7352);
#7357=IFCPRODUCTDEFINITIONSHAPE($,$,(#7388,#7385));
#7373=IFCPROPERTYSET('32R3RAx5P5vOFR7sPCXFu7',$,'EPset_Parametric',$,(#7375));
#7374=IFCRELDEFINESBYPROPERTIES('3aW3VUdTb32uXMYdsOpq2_',$,$,$,(#7351),#7373);
#7375=IFCPROPERTYSINGLEVALUE('Engine',$,IFCLABEL('Bonsai.DumbLayer2'),$);
#7376=IFCCARTESIANPOINTLIST2D(((0.,0.),(0.,0.10000000000000001),(3.8499999058711052,0.10000000000000001),(3.8499999058711052,0.)));
#7377=IFCINDEXEDPOLYCURVE(#7376,(IFCLINEINDEX((1,2,3,4,1))),$);
#7378=IFCARBITRARYCLOSEDPROFILEDEF(.AREA.,$,#7377);
#7379=IFCCARTESIANPOINT((0.,0.,0.));
#7380=IFCDIRECTION((0.,0.,1.));
#7381=IFCDIRECTION((1.,0.,0.));
#7382=IFCAXIS2PLACEMENT3D(#7379,#7380,#7381);
#7383=IFCDIRECTION((0.,0.,1.));
#7384=IFCEXTRUDEDAREASOLID(#7378,#7382,#7383,3.);
#7385=IFCSHAPEREPRESENTATION(#11,'Body','SweptSolid',(#7384));
#7386=IFCCARTESIANPOINTLIST2D(((0.,0.),(3.8499999058711052,0.)));
#7387=IFCINDEXEDPOLYCURVE(#7386,$,$);
#7388=IFCSHAPEREPRESENTATION(#23,'Axis','Curve2D',(#7387));
#7389=IFCWALL('3wjaaadsvClxtctxDLTwit',$,'Wall',$,$,#12821,#7395,$,$);
#7390=IFCMATERIALLAYERSETUSAGE(#82,.AXIS2.,.POSITIVE.,0.,$);
#7391=IFCRELASSOCIATESMATERIAL('1qwB8GJGL3nxQAHDBFW1Bi',$,$,$,(#7389),#7390);
#7395=IFCPRODUCTDEFINITIONSHAPE($,$,(#8490,#8487));
#7411=IFCPROPERTYSET('0uiiOl5pT6vweKZl1nboxY',$,'EPset_Parametric',$,(#7413));
#7412=IFCRELDEFINESBYPROPERTIES('1w1HhPhMf9FfrH_YFPHAZi',$,$,$,(#7389),#7411);
#7413=IFCPROPERTYSINGLEVALUE('Engine',$,IFCLABEL('Bonsai.DumbLayer2'),$);
#7414=IFCWALL('2$myeK9Fn9z90m8YHmZOvL',$,'Wall',$,$,#12826,#7420,$,$);
#7415=IFCMATERIALLAYERSETUSAGE(#82,.AXIS2.,.POSITIVE.,0.,$);
#7416=IFCRELASSOCIATESMATERIAL('3918hm_EX8txlz_JXi0WFL',$,$,$,(#7414),#7415);
#7420=IFCPRODUCTDEFINITIONSHAPE($,$,(#8477,#8474));
#7436=IFCPROPERTYSET('1906zO3RP5cfygywpA_SLY',$,'EPset_Parametric',$,(#7438));
#7437=IFCRELDEFINESBYPROPERTIES('2gC1oAOxjF8OSjjCjpwskP',$,$,$,(#7414),#7436);
#7438=IFCPROPERTYSINGLEVALUE('Engine',$,IFCLABEL('Bonsai.DumbLayer2'),$);
#7518=IFCRELCONNECTSPATHELEMENTS('3WxdpEEF51OOns1bon7SEM',$,$,$,$,#6564,#6539,(),(),.ATEND.,.ATSTART.);
#7555=IFCRELCONNECTSPATHELEMENTS('2mYdmXKsv7oQLjzF9N30dR',$,$,$,$,#7414,#6564,(),(),.ATPATH.,.ATEND.);
#7569=IFCCARTESIANPOINTLIST2D(((0.,0.),(-0.099999951128924069,0.10000000000000001),(3.4468959696556576,0.10000000000000001),(3.5468959803891371,0.)));
#7570=IFCINDEXEDPOLYCURVE(#7569,(IFCLINEINDEX((1,2,3,4,1))),$);
#7571=IFCARBITRARYCLOSEDPROFILEDEF(.AREA.,$,#7570);
#7572=IFCCARTESIANPOINT((0.,0.,0.));
#7573=IFCDIRECTION((0.,0.,1.));
#7574=IFCDIRECTION((1.,0.,0.));
#7575=IFCAXIS2PLACEMENT3D(#7572,#7573,#7574);
#7576=IFCDIRECTION((0.,0.,1.));
#7577=IFCEXTRUDEDAREASOLID(#7571,#7575,#7576,3.);
#7578=IFCSHAPEREPRESENTATION(#11,'Body','SweptSolid',(#7577));
#7579=IFCCARTESIANPOINTLIST2D(((0.,0.),(3.5468959803891371,0.)));
#7580=IFCINDEXEDPOLYCURVE(#7579,$,$);
#7581=IFCSHAPEREPRESENTATION(#23,'Axis','Curve2D',(#7580));
#7582=IFCRELCONNECTSPATHELEMENTS('3lz_5zEwn2qe4sUNEV2rDZ',$,$,$,$,#6514,#6539,(),(),.ATSTART.,.ATEND.);
#7583=IFCCARTESIANPOINTLIST2D(((0.,0.),(0.10000001628648343,0.10000000000000001),(3.8631034207805572,0.10000000000000001),(3.9631034195931227,0.)));
#7584=IFCINDEXEDPOLYCURVE(#7583,(IFCLINEINDEX((1,2,3,4,1))),$);
#7585=IFCARBITRARYCLOSEDPROFILEDEF(.AREA.,$,#7584);
#7586=IFCCARTESIANPOINT((0.,0.,0.));
#7587=IFCDIRECTION((0.,0.,1.));
#7588=IFCDIRECTION((1.,0.,0.));
#7589=IFCAXIS2PLACEMENT3D(#7586,#7587,#7588);
#7590=IFCDIRECTION((0.,0.,1.));
#7591=IFCEXTRUDEDAREASOLID(#7585,#7589,#7590,3.);
#7592=IFCSHAPEREPRESENTATION(#11,'Body','SweptSolid',(#7591));
#7593=IFCCARTESIANPOINTLIST2D(((0.,0.),(3.9631034195931227,0.)));
#7594=IFCINDEXEDPOLYCURVE(#7593,$,$);
#7595=IFCSHAPEREPRESENTATION(#23,'Axis','Curve2D',(#7594));
#7596=IFCCARTESIANPOINTLIST2D(((0.,0.),(0.099999998812565286,0.10000000000000001),(1.0899994218729845,0.10000000000000001),(0.98999947074406047,0.)));
#7597=IFCINDEXEDPOLYCURVE(#7596,(IFCLINEINDEX((1,2,3,4,1))),$);
#7598=IFCARBITRARYCLOSEDPROFILEDEF(.AREA.,$,#7597);
#7599=IFCCARTESIANPOINT((0.,0.,0.));
#7600=IFCDIRECTION((0.,0.,1.));
#7601=IFCDIRECTION((1.,0.,0.));
#7602=IFCAXIS2PLACEMENT3D(#7599,#7600,#7601);
#7603=IFCDIRECTION((0.,0.,1.));
#7604=IFCEXTRUDEDAREASOLID(#7598,#7602,#7603,3.);
#7605=IFCSHAPEREPRESENTATION(#11,'Body','SweptSolid',(#7604));
#7606=IFCCARTESIANPOINTLIST2D(((0.,0.),(0.98999947074406047,0.)));
#7607=IFCINDEXEDPOLYCURVE(#7606,$,$);
#7608=IFCSHAPEREPRESENTATION(#23,'Axis','Curve2D',(#7607));
#7609=IFCWALL('20azxiiyX0Xevv$VgATMND',$,'Wall',$,$,#12856,#7615,$,$);
#7610=IFCMATERIALLAYERSETUSAGE(#82,.AXIS2.,.POSITIVE.,0.,$);
#7611=IFCRELASSOCIATESMATERIAL('1IUoUFt9X9_wfAvb45kzlT',$,$,$,(#7609),#7610);
#7615=IFCPRODUCTDEFINITIONSHAPE($,$,(#8278,#8275));
#7631=IFCPROPERTYSET('2uYVrLO$53QeWU6PbzLWIJ',$,'EPset_Parametric',$,(#7633));
#7632=IFCRELDEFINESBYPROPERTIES('24uzrPdYXEuwxUwz0DbPIX',$,$,$,(#7609),#7631);
#7633=IFCPROPERTYSINGLEVALUE('Engine',$,IFCLABEL('Bonsai.DumbLayer2'),$);
#7674=IFCRELCONNECTSPATHELEMENTS('3PormJ$zj1UxDfpD_qyk0q',$,$,$,$,#7609,#7168,(),(),.ATSTART.,.ATEND.);
#7688=IFCCARTESIANPOINTLIST2D(((0.,0.),(0.10000002821300076,0.10000000000000001),(1.6718282295458027,0.10000000000000001),(1.5718281894118684,0.)));
#7689=IFCINDEXEDPOLYCURVE(#7688,(IFCLINEINDEX((1,2,3,4,1))),$);
#7690=IFCARBITRARYCLOSEDPROFILEDEF(.AREA.,$,#7689);
#7691=IFCCARTESIANPOINT((0.,0.,0.));
#7692=IFCDIRECTION((0.,0.,1.));
#7693=IFCDIRECTION((1.,0.,0.));
#7694=IFCAXIS2PLACEMENT3D(#7691,#7692,#7693);
#7695=IFCDIRECTION((0.,0.,1.));
#7696=IFCEXTRUDEDAREASOLID(#7690,#7694,#7695,3.);
#7697=IFCSHAPEREPRESENTATION(#11,'Body','SweptSolid',(#7696));
#7698=IFCCARTESIANPOINTLIST2D(((0.,0.),(1.5718281894118684,0.)));
#7699=IFCINDEXEDPOLYCURVE(#7698,$,$);
#7700=IFCSHAPEREPRESENTATION(#23,'Axis','Curve2D',(#7699));
#7706=IFCRELCONNECTSPATHELEMENTS('11u2kNfNDD_h$1yK$ToRTG',$,$,$,$,#6614,#7609,(),(),.ATPATH.,.ATEND.);
#7707=IFCCARTESIANPOINTLIST2D(((0.,0.),(0.10016395611403783,0.10000000000000001),(3.5567826756033658,0.10000000000000001),(3.5567826712322268,0.)));
#7708=IFCINDEXEDPOLYCURVE(#7707,(IFCLINEINDEX((1,2,3,4,1))),$);
#7709=IFCARBITRARYCLOSEDPROFILEDEF(.AREA.,$,#7708);
#7710=IFCCARTESIANPOINT((0.,0.,0.));
#7711=IFCDIRECTION((0.,0.,1.));
#7712=IFCDIRECTION((1.,0.,0.));
#7713=IFCAXIS2PLACEMENT3D(#7710,#7711,#7712);
#7714=IFCDIRECTION((0.,0.,1.));
#7715=IFCEXTRUDEDAREASOLID(#7709,#7713,#7714,3.);
#7716=IFCSHAPEREPRESENTATION(#11,'Body','SweptSolid',(#7715));
#7717=IFCCARTESIANPOINTLIST2D(((0.,0.),(3.5567826712322268,0.)));
#7718=IFCINDEXEDPOLYCURVE(#7717,$,$);
#7719=IFCSHAPEREPRESENTATION(#23,'Axis','Curve2D',(#7718));
#7733=IFCWALL('0JI3vlYJ5Al9WQdcLmHtNW',$,'Wall',$,$,#12846,#7739,$,$);
#7734=IFCMATERIALLAYERSETUSAGE(#82,.AXIS2.,.POSITIVE.,0.,$);
#7735=IFCRELASSOCIATESMATERIAL('0Y7Ce7fbX9893HKfs1f1b8',$,$,$,(#7733),#7734);
#7739=IFCPRODUCTDEFINITIONSHAPE($,$,(#7811,#7808));
#7755=IFCPROPERTYSET('1LmVReYGzEEAbn63_UJhNQ',$,'EPset_Parametric',$,(#7757));
#7756=IFCRELDEFINESBYPROPERTIES('2S7IfxmEjCt9nqonR7SEbP',$,$,$,(#7733),#7755);
#7757=IFCPROPERTYSINGLEVALUE('Engine',$,IFCLABEL('Bonsai.DumbLayer2'),$);
#7771=IFCRELCONNECTSPATHELEMENTS('07YsZkwn163BjzphYeVb7q',$,$,$,$,#7733,#6489,(),(),.ATPATH.,.ATEND.);
#7785=IFCCARTESIANPOINTLIST2D(((0.,0.),(0.099836237680611062,0.10000000000000001),(9.5783369679627732,0.10000000000000001),(9.6783369842492561,0.)));
#7786=IFCINDEXEDPOLYCURVE(#7785,(IFCLINEINDEX((1,2,3,4,1))),$);
#7787=IFCARBITRARYCLOSEDPROFILEDEF(.AREA.,$,#7786);
#7788=IFCCARTESIANPOINT((0.,0.,0.));
#7789=IFCDIRECTION((0.,0.,1.));
#7790=IFCDIRECTION((1.,0.,0.));
#7791=IFCAXIS2PLACEMENT3D(#7788,#7789,#7790);
#7792=IFCDIRECTION((0.,0.,1.));
#7793=IFCEXTRUDEDAREASOLID(#7787,#7791,#7792,3.);
#7794=IFCSHAPEREPRESENTATION(#11,'Body','SweptSolid',(#7793));
#7795=IFCCARTESIANPOINTLIST2D(((0.,0.),(9.6783369842492561,0.)));
#7796=IFCINDEXEDPOLYCURVE(#7795,$,$);
#7797=IFCSHAPEREPRESENTATION(#23,'Axis','Curve2D',(#7796));
#7798=IFCRELCONNECTSPATHELEMENTS('2Mkriv4eb75BzH_UFMU0mn',$,$,$,$,#7733,#7609,(),(),.ATPATH.,.ATSTART.);
#7799=IFCCARTESIANPOINTLIST2D(((0.10000000000000012,0.),(0.10000000437113894,0.10000000000000001),(3.8566669656233805,0.10000000000000001),(3.8565030689935553,0.)));
#7800=IFCINDEXEDPOLYCURVE(#7799,(IFCLINEINDEX((1,2,3,4,1))),$);
#7801=IFCARBITRARYCLOSEDPROFILEDEF(.AREA.,$,#7800);
#7802=IFCCARTESIANPOINT((0.,0.,0.));
#7803=IFCDIRECTION((0.,0.,1.));
#7804=IFCDIRECTION((1.,0.,0.));
#7805=IFCAXIS2PLACEMENT3D(#7802,#7803,#7804);
#7806=IFCDIRECTION((0.,0.,1.));
#7807=IFCEXTRUDEDAREASOLID(#7801,#7805,#7806,3.);
#7808=IFCSHAPEREPRESENTATION(#11,'Body','SweptSolid',(#7807));
#7809=IFCCARTESIANPOINTLIST2D(((0.,0.),(3.9565032033039915,0.)));
#7810=IFCINDEXEDPOLYCURVE(#7809,$,$);
#7811=IFCSHAPEREPRESENTATION(#23,'Axis','Curve2D',(#7810));
#7830=IFCDOORTYPE('3xGCZqECrCOw5eSyAJT1iq',$,'Bathroom - 2 - 2F',$,$,(#7831),(#7833,#7841,#7919),$,$,.DOOR.,.SINGLE_SWING_LEFT.,$,$);
#7831=IFCPROPERTYSET('3zWFP6IwHAa9VnORvt7xxz',$,'BBIM_Door',$,(#7832));
#7832=IFCPROPERTYSINGLEVALUE('Data',$,IFCTEXT('{"door_type": "SINGLE_SWING_LEFT", "overall_height": 2.0, "overall_width": 0.8999999761581421, "lining_properties": {"lining_depth": 0.05000000074505806, "lining_thickness": 0.05000000074505806, "lining_offset": 0.0, "lining_to_panel_offset_x": 0.02500000037252903, "lining_to_panel_offset_y": 0.02500000037252903, "transom_thickness": 0.0, "casing_thickness": 0.07500000298023224, "casing_depth": 0.004999999888241291, "threshold_thickness": 0.02500000037252903, "threshold_depth": 0.10000000149011612, "threshold_offset": 0.0}, "panel_properties": {"panel_depth": 0.03500000014901161, "panel_width_ratio": 1.0}}'),$);
#7833=IFCREPRESENTATIONMAP(#7834,#11767);
#7834=IFCAXIS2PLACEMENT3D(#7835,#7836,#7837);
#7835=IFCCARTESIANPOINT((0.,0.,0.));
#7836=IFCDIRECTION((0.,0.,1.));
#7837=IFCDIRECTION((1.,0.,0.));
#7841=IFCREPRESENTATIONMAP(#7842,#11840);
#7842=IFCAXIS2PLACEMENT3D(#7843,#7844,#7845);
#7843=IFCCARTESIANPOINT((0.,0.,0.));
#7844=IFCDIRECTION((0.,0.,1.));
#7845=IFCDIRECTION((1.,0.,0.));
#7919=IFCREPRESENTATIONMAP(#7920,#11858);
#7920=IFCAXIS2PLACEMENT3D(#7921,#7922,#7923);
#7921=IFCCARTESIANPOINT((0.,0.,0.));
#7922=IFCDIRECTION((0.,0.,1.));
#7923=IFCDIRECTION((1.,0.,0.));
#7938=IFCDOOR('3UP5E3dA1658HllYkzCpOG',$,'Door',$,$,#11883,#7947,$,2.,0.89999997615814209,$,.SINGLE_SWING_LEFT.,$);
#7939=IFCRELDEFINESBYTYPE('3KWUnyBzbC6A0MobrUCOGZ',$,$,$,(#7938),#7830);
#7940=IFCCARTESIANPOINT((0.,0.,0.));
#7941=IFCDIRECTION((1.,0.,0.));
#7942=IFCDIRECTION((0.,1.,0.));
#7943=IFCDIRECTION((0.,0.,1.));
#7944=IFCCARTESIANTRANSFORMATIONOPERATOR3D(#7941,#7942,#7940,1.,#7943);
#7945=IFCMAPPEDITEM(#7833,#7944);
#7946=IFCSHAPEREPRESENTATION(#18,'Profile','MappedRepresentation',(#7945));
#7947=IFCPRODUCTDEFINITIONSHAPE($,$,(#7946,#7954,#7961));
#7948=IFCCARTESIANPOINT((0.,0.,0.));
#7949=IFCDIRECTION((1.,0.,0.));
#7950=IFCDIRECTION((0.,1.,0.));
#7951=IFCDIRECTION((0.,0.,1.));
#7952=IFCCARTESIANTRANSFORMATIONOPERATOR3D(#7949,#7950,#7948,1.,#7951);
#7953=IFCMAPPEDITEM(#7841,#7952);
#7954=IFCSHAPEREPRESENTATION(#11,'Body','MappedRepresentation',(#7953));
#7955=IFCCARTESIANPOINT((0.,0.,0.));
#7956=IFCDIRECTION((1.,0.,0.));
#7957=IFCDIRECTION((0.,1.,0.));
#7958=IFCDIRECTION((0.,0.,1.));
#7959=IFCCARTESIANTRANSFORMATIONOPERATOR3D(#7956,#7957,#7955,1.,#7958);
#7960=IFCMAPPEDITEM(#7919,#7959);
#7961=IFCSHAPEREPRESENTATION(#24,'Body','MappedRepresentation',(#7960));
#7967=IFCOPENINGELEMENT('3vjiyFbK18iO_aPfJnJtG3',$,'Opening',$,$,#11878,#7995,$,.OPENING.);
#7983=IFCCARTESIANPOINT((0.,0.,0.));
#7984=IFCDIRECTION((1.,0.,0.));
#7985=IFCDIRECTION((0.,0.,1.));
#7986=IFCAXIS2PLACEMENT3D(#7983,#7985,#7984);
#7987=IFCREPRESENTATIONMAP(#7986,#11868);
#7988=IFCCARTESIANPOINT((0.,0.,0.));
#7989=IFCDIRECTION((1.,0.,0.));
#7990=IFCDIRECTION((0.,1.,0.));
#7991=IFCDIRECTION((0.,0.,1.));
#7992=IFCCARTESIANTRANSFORMATIONOPERATOR3D(#7989,#7990,#7988,1.,#7991);
#7993=IFCMAPPEDITEM(#7987,#7992);
#7994=IFCSHAPEREPRESENTATION(#11,'Body','MappedRepresentation',(#7993));
#7995=IFCPRODUCTDEFINITIONSHAPE($,$,(#7994));
#7996=IFCRELVOIDSELEMENT('2OQWyTzO1CjfeoyZ$DXbKz',$,$,$,#7351,#7967);
#8002=IFCRELFILLSELEMENT('3MxZMRRE53o8KVF96WXN1r',$,$,$,#7967,#7938);
#8008=IFCDOORTYPE('2lQwe4saj98xuuHS5qIPUF',$,'Bedroom 1 - 2F',$,$,(#8009),(#8011,#8019,#8097),$,$,.DOOR.,.SINGLE_SWING_LEFT.,$,$);
#8009=IFCPROPERTYSET('2XtkdFp9X59vaG5bw3_07n',$,'BBIM_Door',$,(#8010));
#8010=IFCPROPERTYSINGLEVALUE('Data',$,IFCTEXT('{"door_type": "SINGLE_SWING_LEFT", "overall_height": 2.0, "overall_width": 0.8999999761581421, "lining_properties": {"lining_depth": 0.05000000074505806, "lining_thickness": 0.05000000074505806, "lining_offset": 0.0, "lining_to_panel_offset_x": 0.02500000037252903, "lining_to_panel_offset_y": 0.02500000037252903, "transom_thickness": 0.0, "casing_thickness": 0.07500000298023224, "casing_depth": 0.004999999888241291, "threshold_thickness": 0.02500000037252903, "threshold_depth": 0.10000000149011612, "threshold_offset": 0.0}, "panel_properties": {"panel_depth": 0.03500000014901161, "panel_width_ratio": 1.0}}'),$);
#8011=IFCREPRESENTATIONMAP(#8012,#8016);
#8012=IFCAXIS2PLACEMENT3D(#8013,#8014,#8015);
#8013=IFCCARTESIANPOINT((0.,0.,0.));
#8014=IFCDIRECTION((0.,0.,1.));
#8015=IFCDIRECTION((1.,0.,0.));
#8016=IFCSHAPEREPRESENTATION(#18,'Profile','Curve3D',(#8017));
#8017=IFCINDEXEDPOLYCURVE(#8018,(IFCLINEINDEX((1,2,3,4,1))),$);
#8018=IFCCARTESIANPOINTLIST3D(((0.,0.,0.),(0.89999997615814209,0.,0.),(0.89999997615814209,0.,2.),(0.,0.,2.)));
#8019=IFCREPRESENTATIONMAP(#8020,#8024);
#8020=IFCAXIS2PLACEMENT3D(#8021,#8022,#8023);
#8021=IFCCARTESIANPOINT((0.,0.,0.));
#8022=IFCDIRECTION((0.,0.,1.));
#8023=IFCDIRECTION((1.,0.,0.));
#8024=IFCSHAPEREPRESENTATION(#11,'Body','SweptSolid',(#8025,#8034,#8043,#8052,#8061,#8070,#8079,#8088));
#8025=IFCEXTRUDEDAREASOLID(#8026,#8029,#8033,0.02500000037252903);
#8026=IFCARBITRARYCLOSEDPROFILEDEF(.AREA.,$,#8027);
#8027=IFCINDEXEDPOLYCURVE(#8028,(IFCLINEINDEX((1,2,3,4,5,6,7,8,1))),$);
#8028=IFCCARTESIANPOINTLIST2D(((0.,0.),(0.,2.),(0.89999997615814209,2.),(0.89999997615814209,0.),(0.87499997578561306,0.),(0.87499997578561306,1.974999999627471),(0.02500000037252903,1.974999999627471),(0.02500000037252903,0.)));
#8029=IFCAXIS2PLACEMENT3D(#8030,#8031,#8032);
#8030=IFCCARTESIANPOINT((0.,0.02500000037252903,0.));
#8031=IFCDIRECTION((0.,-1.,0.));
#8032=IFCDIRECTION((1.,0.,0.));
#8033=IFCDIRECTION((0.,0.,-1.));
#8034=IFCEXTRUDEDAREASOLID(#8035,#8038,#8042,0.02500000037252903);
#8035=IFCARBITRARYCLOSEDPROFILEDEF(.AREA.,$,#8036);
#8036=IFCINDEXEDPOLYCURVE(#8037,(IFCLINEINDEX((1,2,3,4,5,6,7,8,1))),$);
#8037=IFCCARTESIANPOINTLIST2D(((0.,0.),(0.,2.),(0.89999997615814209,2.),(0.89999997615814209,0.),(0.84999997541308403,0.),(0.84999997541308403,1.9499999992549419),(0.05000000074505806,1.9499999992549419),(0.05000000074505806,0.)));
#8038=IFCAXIS2PLACEMENT3D(#8039,#8040,#8041);
#8039=IFCCARTESIANPOINT((0.,0.,0.));
#8040=IFCDIRECTION((0.,-1.,0.));
#8041=IFCDIRECTION((1.,0.,0.));
#8042=IFCDIRECTION((0.,0.,-1.));
#8043=IFCEXTRUDEDAREASOLID(#8044,#8047,#8051,1.9499999992549419);
#8044=IFCARBITRARYCLOSEDPROFILEDEF(.AREA.,$,#8045);
#8045=IFCINDEXEDPOLYCURVE(#8046,(IFCLINEINDEX((1,2,3,4,1))),$);
#8046=IFCCARTESIANPOINTLIST2D(((0.,0.),(0.84999997541308403,0.),(0.84999997541308403,0.035000000149011612),(0.,0.035000000149011612)));
#8047=IFCAXIS2PLACEMENT3D(#8048,#8049,#8050);
#8048=IFCCARTESIANPOINT((0.02500000037252903,0.02500000037252903,0.02500000037252903));
#8049=IFCDIRECTION((0.,0.,1.));
#8050=IFCDIRECTION((1.,0.,0.));
#8051=IFCDIRECTION((0.,0.,1.));
#8052=IFCEXTRUDEDAREASOLID(#8053,#8056,#8060,0.02);
#8053=IFCARBITRARYCLOSEDPROFILEDEF(.AREA.,$,#8054);
#8054=IFCINDEXEDPOLYCURVE(#8055,(IFCLINEINDEX((1,2,3,4,5,6,1))),$);
#8055=IFCCARTESIANPOINTLIST2D(((0.,0.),(0.,-0.040000000000000001),(-0.11999999999999988,-0.040000000000000001),(-0.11999999999999988,-0.02),(-0.020000000000000018,-0.02),(-0.020000000000000018,0.)));
#8056=IFCAXIS2PLACEMENT3D(#8057,#8058,#8059);
#8057=IFCCARTESIANPOINT((0.82499997578561302,0.02500000037252903,1.015000000372529));
#8058=IFCDIRECTION((0.,0.,1.));
#8059=IFCDIRECTION((1.,0.,0.));
#8060=IFCDIRECTION((0.,0.,1.));
#8061=IFCEXTRUDEDAREASOLID(#8062,#8065,#8069,0.02);
#8062=IFCARBITRARYCLOSEDPROFILEDEF(.AREA.,$,#8063);
#8063=IFCINDEXEDPOLYCURVE(#8064,(IFCLINEINDEX((1,2,3,4,5,6,1))),$);
#8064=IFCCARTESIANPOINTLIST2D(((0.,0.),(0.,0.040000000000000008),(-0.11999999999999988,0.040000000000000008),(-0.11999999999999988,0.020000000000000004),(-0.020000000000000018,0.020000000000000004),(-0.020000000000000018,0.)));
#8065=IFCAXIS2PLACEMENT3D(#8066,#8067,#8068);
#8066=IFCCARTESIANPOINT((0.82499997578561302,0.060000000521540642,1.015000000372529));
#8067=IFCDIRECTION((0.,0.,1.));
#8068=IFCDIRECTION((1.,0.,0.));
#8069=IFCDIRECTION((0.,0.,1.));
#8070=IFCEXTRUDEDAREASOLID(#8071,#8074,#8078,0.02500000037252903);
#8071=IFCARBITRARYCLOSEDPROFILEDEF(.AREA.,$,#8072);
#8072=IFCINDEXEDPOLYCURVE(#8073,(IFCLINEINDEX((1,2,3,4,1))),$);
#8073=IFCCARTESIANPOINTLIST2D(((0.,0.),(0.79999997466802597,0.),(0.79999997466802597,0.10000000149011612),(0.,0.10000000149011612)));
#8074=IFCAXIS2PLACEMENT3D(#8075,#8076,#8077);
#8075=IFCCARTESIANPOINT((0.05000000074505806,0.,0.));
#8076=IFCDIRECTION((0.,0.,1.));
#8077=IFCDIRECTION((1.,0.,0.));
#8078=IFCDIRECTION((0.,0.,1.));
#8079=IFCEXTRUDEDAREASOLID(#8080,#8083,#8087,0.004999999888241291);
#8080=IFCARBITRARYCLOSEDPROFILEDEF(.AREA.,$,#8081);
#8081=IFCINDEXEDPOLYCURVE(#8082,(IFCLINEINDEX((1,2,3,4,5,6,7,8,1))),$);
#8082=IFCCARTESIANPOINTLIST2D(((0.,0.),(0.,2.0250000022351742),(0.94999998062849045,2.0250000022351742),(0.94999998062849045,0.),(0.87499997764825821,0.),(0.87499997764825821,1.9499999992549419),(0.075000002980232239,1.9499999992549419),(0.075000002980232239,0.)));
#8083=IFCAXIS2PLACEMENT3D(#8084,#8085,#8086);
#8084=IFCCARTESIANPOINT((-0.025000002235174179,-0.004999999888241291,0.));
#8085=IFCDIRECTION((0.,-1.,0.));
#8086=IFCDIRECTION((1.,0.,0.));
#8087=IFCDIRECTION((0.,0.,-1.));
#8088=IFCEXTRUDEDAREASOLID(#8089,#8092,#8096,0.004999999888241291);
#8089=IFCARBITRARYCLOSEDPROFILEDEF(.AREA.,$,#8090);
#8090=IFCINDEXEDPOLYCURVE(#8091,(IFCLINEINDEX((1,2,3,4,5,6,7,8,1))),$);
#8091=IFCCARTESIANPOINTLIST2D(((0.,0.),(0.,2.0250000022351742),(0.94999998062849045,2.0250000022351742),(0.94999998062849045,0.),(0.89999997802078724,0.),(0.89999997802078724,1.974999999627471),(0.050000002607703209,1.974999999627471),(0.050000002607703209,0.)));
#8092=IFCAXIS2PLACEMENT3D(#8093,#8094,#8095);
#8093=IFCCARTESIANPOINT((-0.025000002235174179,0.05000000074505806,0.));
#8094=IFCDIRECTION((0.,-1.,0.));
#8095=IFCDIRECTION((1.,0.,0.));
#8096=IFCDIRECTION((0.,0.,-1.));
#8097=IFCREPRESENTATIONMAP(#8098,#8102);
#8098=IFCAXIS2PLACEMENT3D(#8099,#8100,#8101);
#8099=IFCCARTESIANPOINT((0.,0.,0.));
#8100=IFCDIRECTION((0.,0.,1.));
#8101=IFCDIRECTION((1.,0.,0.));
#8102=IFCSHAPEREPRESENTATION(#24,'Body','Curve2D',(#8103,#8105,#8107,#8114));
#8103=IFCINDEXEDPOLYCURVE(#8104,(IFCLINEINDEX((1,2,3,4,5,6,1))),$);
#8104=IFCCARTESIANPOINTLIST2D(((0.,0.),(0.,0.05000000074505806),(0.02500000037252903,0.05000000074505806),(0.02500000037252903,0.02500000037252903),(0.05000000074505806,0.02500000037252903),(0.05000000074505806,0.)));
#8105=IFCINDEXEDPOLYCURVE(#8106,(IFCLINEINDEX((1,2,3,4,5,6,1))),$);
#8106=IFCCARTESIANPOINTLIST2D(((0.89999997615814209,0.),(0.89999997615814209,0.05000000074505806),(0.87499997578561306,0.05000000074505806),(0.87499997578561306,0.02500000037252903),(0.84999997541308403,0.02500000037252903),(0.84999997541308403,0.)));
#8107=IFCTRIMMEDCURVE(#8108,(#8112),(#8113),.T.,.CARTESIAN.);
#8108=IFCELLIPSE(#8109,0.81499997526407242,0.84999997541308403);
#8109=IFCAXIS2PLACEMENT2D(#8110,#8111);
#8110=IFCCARTESIANPOINT((0.060000000521540642,0.05000000074505806));
#8111=IFCDIRECTION((1.,0.));
#8112=IFCCARTESIANPOINT((0.87499997578561306,0.05000000074505806));
#8113=IFCCARTESIANPOINT((0.060000000521540642,0.89999997615814209));
#8114=IFCINDEXEDPOLYCURVE(#8115,(IFCLINEINDEX((1,2,3,4,1))),$);
#8115=IFCCARTESIANPOINTLIST2D(((0.02500000037252903,0.05000000074505806),(0.060000000521540642,0.05000000074505806),(0.060000000521540642,0.89999997615814209),(0.02500000037252903,0.89999997615814209)));
#8116=IFCDOOR('1jNMK0OZHCEgHgUgnrMLpF',$,'Door',$,$,#12567,#8125,$,2.,0.89999997615814209,$,$,$);
#8117=IFCRELDEFINESBYTYPE('2KCSi9LfD0WfqAEn$5qK$e',$,$,$,(#8116),#8008);
#8118=IFCCARTESIANPOINT((0.,0.,0.));
#8119=IFCDIRECTION((1.,0.,0.));
#8120=IFCDIRECTION((0.,1.,0.));
#8121=IFCDIRECTION((0.,0.,1.));
#8122=IFCCARTESIANTRANSFORMATIONOPERATOR3D(#8119,#8120,#8118,1.,#8121);
#8123=IFCMAPPEDITEM(#8011,#8122);
#8124=IFCSHAPEREPRESENTATION(#18,'Profile','MappedRepresentation',(#8123));
#8125=IFCPRODUCTDEFINITIONSHAPE($,$,(#8124,#8132,#8139));
#8126=IFCCARTESIANPOINT((0.,0.,0.));
#8127=IFCDIRECTION((1.,0.,0.));
#8128=IFCDIRECTION((0.,1.,0.));
#8129=IFCDIRECTION((0.,0.,1.));
#8130=IFCCARTESIANTRANSFORMATIONOPERATOR3D(#8127,#8128,#8126,1.,#8129);
#8131=IFCMAPPEDITEM(#8019,#8130);
#8132=IFCSHAPEREPRESENTATION(#11,'Body','MappedRepresentation',(#8131));
#8133=IFCCARTESIANPOINT((0.,0.,0.));
#8134=IFCDIRECTION((1.,0.,0.));
#8135=IFCDIRECTION((0.,1.,0.));
#8136=IFCDIRECTION((0.,0.,1.));
#8137=IFCCARTESIANTRANSFORMATIONOPERATOR3D(#8134,#8135,#8133,1.,#8136);
#8138=IFCMAPPEDITEM(#8097,#8137);
#8139=IFCSHAPEREPRESENTATION(#24,'Body','MappedRepresentation',(#8138));
#8140=IFCOPENINGELEMENT('3dLcfy4Vn5d98WmOlUtEUl',$,'Opening',$,$,#8174,#8168,$,.OPENING.);
#8146=IFCCARTESIANPOINTLIST2D(((0.,0.),(0.89999997615814209,0.),(0.89999997615814209,2.),(0.,2.)));
#8147=IFCINDEXEDPOLYCURVE(#8146,(IFCLINEINDEX((1,2,3,4,1))),$);
#8148=IFCARBITRARYCLOSEDPROFILEDEF(.AREA.,$,#8147);
#8149=IFCCARTESIANPOINT((0.,-0.60000002384185791,0.));
#8150=IFCDIRECTION((0.,-1.,0.));
#8151=IFCDIRECTION((1.,0.,0.));
#8152=IFCAXIS2PLACEMENT3D(#8149,#8150,#8151);
#8153=IFCDIRECTION((0.,0.,-1.));
#8154=IFCEXTRUDEDAREASOLID(#8148,#8152,#8153,1.2);
#8155=IFCSHAPEREPRESENTATION(#11,'Body','SweptSolid',(#8154));
#8156=IFCCARTESIANPOINT((0.,0.,0.));
#8157=IFCDIRECTION((1.,0.,0.));
#8158=IFCDIRECTION((0.,0.,1.));
#8159=IFCAXIS2PLACEMENT3D(#8156,#8158,#8157);
#8160=IFCREPRESENTATIONMAP(#8159,#8155);
#8161=IFCCARTESIANPOINT((0.,0.,0.));
#8162=IFCDIRECTION((1.,0.,0.));
#8163=IFCDIRECTION((0.,1.,0.));
#8164=IFCDIRECTION((0.,0.,1.));
#8165=IFCCARTESIANTRANSFORMATIONOPERATOR3D(#8162,#8163,#8161,1.,#8164);
#8166=IFCMAPPEDITEM(#8160,#8165);
#8167=IFCSHAPEREPRESENTATION(#11,'Body','MappedRepresentation',(#8166));
#8168=IFCPRODUCTDEFINITIONSHAPE($,$,(#8167));
#8169=IFCRELVOIDSELEMENT('0ylahM7JL8GfCHQDgvmH6M',$,$,$,#7414,#8140);
#8170=IFCCARTESIANPOINT((1.1331782265505645,0.099999870975856997,0.));
#8171=IFCDIRECTION((0.,0.,1.));
#8172=IFCDIRECTION((-0.99999999999997868,2.0663207322967565E-07,0.));
#8173=IFCAXIS2PLACEMENT3D(#8170,#8171,#8172);
#8174=IFCLOCALPLACEMENT(#12826,#8173);
#8175=IFCRELFILLSELEMENT('2GVIHnWRf16Q19qenB4Lvl',$,$,$,#8140,#8116);
#8266=IFCCARTESIANPOINTLIST2D(((0.,0.),(-0.10000000437113893,0.10000000000000001),(4.641432148978514,0.10000000000000001),(4.7414321771915144,0.)));
#8267=IFCINDEXEDPOLYCURVE(#8266,(IFCLINEINDEX((1,2,3,4,1))),$);
#8268=IFCARBITRARYCLOSEDPROFILEDEF(.AREA.,$,#8267);
#8269=IFCCARTESIANPOINT((0.,0.,0.));
#8270=IFCDIRECTION((0.,0.,1.));
#8271=IFCDIRECTION((1.,0.,0.));
#8272=IFCAXIS2PLACEMENT3D(#8269,#8270,#8271);
#8273=IFCDIRECTION((0.,0.,1.));
#8274=IFCEXTRUDEDAREASOLID(#8268,#8272,#8273,3.);
#8275=IFCSHAPEREPRESENTATION(#11,'Body','SweptSolid',(#8274));
#8276=IFCCARTESIANPOINTLIST2D(((0.,0.),(4.7414321771915144,0.)));
#8277=IFCINDEXEDPOLYCURVE(#8276,$,$);
#8278=IFCSHAPEREPRESENTATION(#23,'Axis','Curve2D',(#8277));
#8356=IFCDOORTYPE('0MFxgRsdH8V9MDMBC77LIo',$,'Master''s Bedroom - 2F',$,$,(#8357),(#8359,#8367,#8445),$,$,.DOOR.,.SINGLE_SWING_LEFT.,$,$);
#8357=IFCPROPERTYSET('3AWmTJi8L8pOhOgFeIdBSY',$,'BBIM_Door',$,(#8358));
#8358=IFCPROPERTYSINGLEVALUE('Data',$,IFCTEXT('{"door_type": "SINGLE_SWING_RIGHT", "overall_height": 2.0, "overall_width": 0.8999999761581421, "lining_properties": {"lining_depth": 0.05000000074505806, "lining_thickness": 0.05000000074505806, "lining_offset": 0.0, "lining_to_panel_offset_x": 0.02500000037252903, "lining_to_panel_offset_y": 0.02500000037252903, "transom_thickness": 0.0, "casing_thickness": 0.07500000298023224, "casing_depth": 0.004999999888241291, "threshold_thickness": 0.02500000037252903, "threshold_depth": 0.10000000149011612, "threshold_offset": 0.0}, "panel_properties": {"panel_depth": 0.03500000014901161, "panel_width_ratio": 1.0}}'),$);
#8359=IFCREPRESENTATIONMAP(#8360,#11007);
#8360=IFCAXIS2PLACEMENT3D(#8361,#8362,#8363);
#8361=IFCCARTESIANPOINT((0.,0.,0.));
#8362=IFCDIRECTION((0.,0.,1.));
#8363=IFCDIRECTION((1.,0.,0.));
#8367=IFCREPRESENTATIONMAP(#8368,#11080);
#8368=IFCAXIS2PLACEMENT3D(#8369,#8370,#8371);
#8369=IFCCARTESIANPOINT((0.,0.,0.));
#8370=IFCDIRECTION((0.,0.,1.));
#8371=IFCDIRECTION((1.,0.,0.));
#8445=IFCREPRESENTATIONMAP(#8446,#11094);
#8446=IFCAXIS2PLACEMENT3D(#8447,#8448,#8449);
#8447=IFCCARTESIANPOINT((0.,0.,0.));
#8448=IFCDIRECTION((0.,0.,1.));
#8449=IFCDIRECTION((1.,0.,0.));
#8464=IFCRELCONNECTSPATHELEMENTS('3lkKsG7efB29Zq9PC3zYRW',$,$,$,$,#7414,#7389,(),(),.ATEND.,.ATSTART.);
#8465=IFCCARTESIANPOINTLIST2D(((0.,0.),(0.099999992450210143,0.10000000000000001),(2.9040644814369805,0.10000000000000001),(2.9039006563272731,0.)));
#8466=IFCINDEXEDPOLYCURVE(#8465,(IFCLINEINDEX((1,2,3,4,1))),$);
#8467=IFCARBITRARYCLOSEDPROFILEDEF(.AREA.,$,#8466);
#8468=IFCCARTESIANPOINT((0.,0.,0.));
#8469=IFCDIRECTION((0.,0.,1.));
#8470=IFCDIRECTION((1.,0.,0.));
#8471=IFCAXIS2PLACEMENT3D(#8468,#8469,#8470);
#8472=IFCDIRECTION((0.,0.,1.));
#8473=IFCEXTRUDEDAREASOLID(#8467,#8471,#8472,3.);
#8474=IFCSHAPEREPRESENTATION(#11,'Body','SweptSolid',(#8473));
#8475=IFCCARTESIANPOINTLIST2D(((0.,0.),(3.0039007905205155,0.)));
#8476=IFCINDEXEDPOLYCURVE(#8475,$,$);
#8477=IFCSHAPEREPRESENTATION(#23,'Axis','Curve2D',(#8476));
#8478=IFCCARTESIANPOINTLIST2D(((0.,0.),(0.,0.10000000000000001),(3.4499999598660742,0.10000000000000001),(3.5499999523162842,0.)));
#8479=IFCINDEXEDPOLYCURVE(#8478,(IFCLINEINDEX((1,2,3,4,1))),$);
#8480=IFCARBITRARYCLOSEDPROFILEDEF(.AREA.,$,#8479);
#8481=IFCCARTESIANPOINT((0.,0.,0.));
#8482=IFCDIRECTION((0.,0.,1.));
#8483=IFCDIRECTION((1.,0.,0.));
#8484=IFCAXIS2PLACEMENT3D(#8481,#8482,#8483);
#8485=IFCDIRECTION((0.,0.,1.));
#8486=IFCEXTRUDEDAREASOLID(#8480,#8484,#8485,3.);
#8487=IFCSHAPEREPRESENTATION(#11,'Body','SweptSolid',(#8486));
#8488=IFCCARTESIANPOINTLIST2D(((0.,0.),(3.5499999523162842,0.)));
#8489=IFCINDEXEDPOLYCURVE(#8488,$,$);
#8490=IFCSHAPEREPRESENTATION(#23,'Axis','Curve2D',(#8489));
#8491=IFCDOOR('1DXAS9$a9CQuCmo1om1ofi',$,'Door',$,$,#11135,#8500,$,2.,0.89999997615814209,$,.SINGLE_SWING_RIGHT.,$);
#8492=IFCRELDEFINESBYTYPE('25aCfFA7L9XOBoLcaWaYYd',$,$,$,(#8491),#8356);
#8493=IFCCARTESIANPOINT((0.,0.,0.));
#8494=IFCDIRECTION((1.,0.,0.));
#8495=IFCDIRECTION((0.,1.,0.));
#8496=IFCDIRECTION((0.,0.,1.));
#8497=IFCCARTESIANTRANSFORMATIONOPERATOR3D(#8494,#8495,#8493,1.,#8496);
#8498=IFCMAPPEDITEM(#8359,#8497);
#8499=IFCSHAPEREPRESENTATION(#18,'Profile','MappedRepresentation',(#8498));
#8500=IFCPRODUCTDEFINITIONSHAPE($,$,(#8499,#8507,#8514));
#8501=IFCCARTESIANPOINT((0.,0.,0.));
#8502=IFCDIRECTION((1.,0.,0.));
#8503=IFCDIRECTION((0.,1.,0.));
#8504=IFCDIRECTION((0.,0.,1.));
#8505=IFCCARTESIANTRANSFORMATIONOPERATOR3D(#8502,#8503,#8501,1.,#8504);
#8506=IFCMAPPEDITEM(#8367,#8505);
#8507=IFCSHAPEREPRESENTATION(#11,'Body','MappedRepresentation',(#8506));
#8508=IFCCARTESIANPOINT((0.,0.,0.));
#8509=IFCDIRECTION((1.,0.,0.));
#8510=IFCDIRECTION((0.,1.,0.));
#8511=IFCDIRECTION((0.,0.,1.));
#8512=IFCCARTESIANTRANSFORMATIONOPERATOR3D(#8509,#8510,#8508,1.,#8511);
#8513=IFCMAPPEDITEM(#8445,#8512);
#8514=IFCSHAPEREPRESENTATION(#24,'Body','MappedRepresentation',(#8513));
#8515=IFCOPENINGELEMENT('3DLf1trQPFGxsNY5uK2nbE',$,'Opening',$,$,#11130,#8543,$,.OPENING.);
#8531=IFCCARTESIANPOINT((0.,0.,0.));
#8532=IFCDIRECTION((1.,0.,0.));
#8533=IFCDIRECTION((0.,0.,1.));
#8534=IFCAXIS2PLACEMENT3D(#8531,#8533,#8532);
#8535=IFCREPRESENTATIONMAP(#8534,#11105);
#8536=IFCCARTESIANPOINT((0.,0.,0.));
#8537=IFCDIRECTION((1.,0.,0.));
#8538=IFCDIRECTION((0.,1.,0.));
#8539=IFCDIRECTION((0.,0.,1.));
#8540=IFCCARTESIANTRANSFORMATIONOPERATOR3D(#8537,#8538,#8536,1.,#8539);
#8541=IFCMAPPEDITEM(#8535,#8540);
#8542=IFCSHAPEREPRESENTATION(#11,'Body','MappedRepresentation',(#8541));
#8543=IFCPRODUCTDEFINITIONSHAPE($,$,(#8542));
#8544=IFCRELVOIDSELEMENT('3DFUDyRrb3xhrkZPtoalTQ',$,$,$,#7609,#8515);
#8550=IFCRELFILLSELEMENT('2VSod24f1ALPEFvkrfOlCH',$,$,$,#8515,#8491);
#8556=IFCDOORTYPE('00jzj4EoD0GxHEyfK3BJ2a',$,'Bedroom 2 - 2F',$,$,(#8557),(#8559,#8567,#8645),$,$,.DOOR.,.SINGLE_SWING_LEFT.,$,$);
#8557=IFCPROPERTYSET('1Sf0mrALb6zwt1dEsWTL2N',$,'BBIM_Door',$,(#8558));
#8558=IFCPROPERTYSINGLEVALUE('Data',$,IFCTEXT('{"door_type": "SINGLE_SWING_RIGHT", "overall_height": 2.0, "overall_width": 0.8999999761581421, "lining_properties": {"lining_depth": 0.05000000074505806, "lining_thickness": 0.05000000074505806, "lining_offset": 0.0, "lining_to_panel_offset_x": 0.02500000037252903, "lining_to_panel_offset_y": 0.02500000037252903, "transom_thickness": 0.0, "casing_thickness": 0.07500000298023224, "casing_depth": 0.004999999888241291, "threshold_thickness": 0.02500000037252903, "threshold_depth": 0.10000000149011612, "threshold_offset": 0.0}, "panel_properties": {"panel_depth": 0.03500000014901161, "panel_width_ratio": 1.0}}'),$);
#8559=IFCREPRESENTATIONMAP(#8560,#11886);
#8560=IFCAXIS2PLACEMENT3D(#8561,#8562,#8563);
#8561=IFCCARTESIANPOINT((0.,0.,0.));
#8562=IFCDIRECTION((0.,0.,1.));
#8563=IFCDIRECTION((1.,0.,0.));
#8567=IFCREPRESENTATIONMAP(#8568,#11959);
#8568=IFCAXIS2PLACEMENT3D(#8569,#8570,#8571);
#8569=IFCCARTESIANPOINT((0.,0.,0.));
#8570=IFCDIRECTION((0.,0.,1.));
#8571=IFCDIRECTION((1.,0.,0.));
#8645=IFCREPRESENTATIONMAP(#8646,#11977);
#8646=IFCAXIS2PLACEMENT3D(#8647,#8648,#8649);
#8647=IFCCARTESIANPOINT((0.,0.,0.));
#8648=IFCDIRECTION((0.,0.,1.));
#8649=IFCDIRECTION((1.,0.,0.));
#8713=IFCDOOR('00AjtGqzfDgRJ$WIoGt$Hr',$,'Door',$,$,#12002,#8722,$,2.,0.89999997615814209,$,.SINGLE_SWING_RIGHT.,$);
#8714=IFCRELDEFINESBYTYPE('0WY8smbjX3f8bRvcS_GapM',$,$,$,(#8713),#8556);
#8715=IFCCARTESIANPOINT((0.,0.,0.));
#8716=IFCDIRECTION((1.,0.,0.));
#8717=IFCDIRECTION((0.,1.,0.));
#8718=IFCDIRECTION((0.,0.,1.));
#8719=IFCCARTESIANTRANSFORMATIONOPERATOR3D(#8716,#8717,#8715,1.,#8718);
#8720=IFCMAPPEDITEM(#8559,#8719);
#8721=IFCSHAPEREPRESENTATION(#18,'Profile','MappedRepresentation',(#8720));
#8722=IFCPRODUCTDEFINITIONSHAPE($,$,(#8721,#8729,#8736));
#8723=IFCCARTESIANPOINT((0.,0.,0.));
#8724=IFCDIRECTION((1.,0.,0.));
#8725=IFCDIRECTION((0.,1.,0.));
#8726=IFCDIRECTION((0.,0.,1.));
#8727=IFCCARTESIANTRANSFORMATIONOPERATOR3D(#8724,#8725,#8723,1.,#8726);
#8728=IFCMAPPEDITEM(#8567,#8727);
#8729=IFCSHAPEREPRESENTATION(#11,'Body','MappedRepresentation',(#8728));
#8730=IFCCARTESIANPOINT((0.,0.,0.));
#8731=IFCDIRECTION((1.,0.,0.));
#8732=IFCDIRECTION((0.,1.,0.));
#8733=IFCDIRECTION((0.,0.,1.));
#8734=IFCCARTESIANTRANSFORMATIONOPERATOR3D(#8731,#8732,#8730,1.,#8733);
#8735=IFCMAPPEDITEM(#8645,#8734);
#8736=IFCSHAPEREPRESENTATION(#24,'Body','MappedRepresentation',(#8735));
#8737=IFCOPENINGELEMENT('2TgylfZQT7kggNWqvyBLwe',$,'Opening',$,$,#11997,#8765,$,.OPENING.);
#8753=IFCCARTESIANPOINT((0.,0.,0.));
#8754=IFCDIRECTION((1.,0.,0.));
#8755=IFCDIRECTION((0.,0.,1.));
#8756=IFCAXIS2PLACEMENT3D(#8753,#8755,#8754);
#8757=IFCREPRESENTATIONMAP(#8756,#11987);
#8758=IFCCARTESIANPOINT((0.,0.,0.));
#8759=IFCDIRECTION((1.,0.,0.));
#8760=IFCDIRECTION((0.,1.,0.));
#8761=IFCDIRECTION((0.,0.,1.));
#8762=IFCCARTESIANTRANSFORMATIONOPERATOR3D(#8759,#8760,#8758,1.,#8761);
#8763=IFCMAPPEDITEM(#8757,#8762);
#8764=IFCSHAPEREPRESENTATION(#11,'Body','MappedRepresentation',(#8763));
#8765=IFCPRODUCTDEFINITIONSHAPE($,$,(#8764));
#8766=IFCRELVOIDSELEMENT('3_aUSA9NXEnhKKKiQ18153',$,$,$,#7733,#8737);
#8772=IFCRELFILLSELEMENT('1rSGzD12f4hPUbQ1uWWcRC',$,$,$,#8737,#8713);
#8778=IFCDOORTYPE('2EaEEPmj1EhBc4sxYXqars',$,'Balcony - 2F',$,$,(#8779),(#8781,#8789,#8867),$,$,.DOOR.,.SINGLE_SWING_LEFT.,$,$);
#8779=IFCPROPERTYSET('2zoN_hlzT34hwBpgVL$0oK',$,'BBIM_Door',$,(#8780));
#8780=IFCPROPERTYSINGLEVALUE('Data',$,IFCTEXT('{"door_type": "SINGLE_SWING_LEFT", "overall_height": 2.0, "overall_width": 0.8999999761581421, "lining_properties": {"lining_depth": 0.05000000074505806, "lining_thickness": 0.05000000074505806, "lining_offset": 0.0, "lining_to_panel_offset_x": 0.02500000037252903, "lining_to_panel_offset_y": 0.02500000037252903, "transom_thickness": 0.0, "casing_thickness": 0.07500000298023224, "casing_depth": 0.004999999888241291, "threshold_thickness": 0.02500000037252903, "threshold_depth": 0.10000000149011612, "threshold_offset": 0.0}, "panel_properties": {"panel_depth": 0.03500000014901161, "panel_width_ratio": 1.0}}'),$);
#8781=IFCREPRESENTATIONMAP(#8782,#12005);
#8782=IFCAXIS2PLACEMENT3D(#8783,#8784,#8785);
#8783=IFCCARTESIANPOINT((0.,0.,0.));
#8784=IFCDIRECTION((0.,0.,1.));
#8785=IFCDIRECTION((1.,0.,0.));
#8789=IFCREPRESENTATIONMAP(#8790,#12078);
#8790=IFCAXIS2PLACEMENT3D(#8791,#8792,#8793);
#8791=IFCCARTESIANPOINT((0.,0.,0.));
#8792=IFCDIRECTION((0.,0.,1.));
#8793=IFCDIRECTION((1.,0.,0.));
#8867=IFCREPRESENTATIONMAP(#8868,#12092);
#8868=IFCAXIS2PLACEMENT3D(#8869,#8870,#8871);
#8869=IFCCARTESIANPOINT((0.,0.,0.));
#8870=IFCDIRECTION((0.,0.,1.));
#8871=IFCDIRECTION((1.,0.,0.));
#8886=IFCDOOR('04W1L0Ut93TxCopkn7ALlV',$,'Door',$,$,#12117,#8895,$,2.,0.89999997615814209,$,.SINGLE_SWING_LEFT.,$);
#8887=IFCRELDEFINESBYTYPE('3ax$DwH1P1buBPdWeRkOrc',$,$,$,(#8886),#8778);
#8888=IFCCARTESIANPOINT((0.,0.,0.));
#8889=IFCDIRECTION((1.,0.,0.));
#8890=IFCDIRECTION((0.,1.,0.));
#8891=IFCDIRECTION((0.,0.,1.));
#8892=IFCCARTESIANTRANSFORMATIONOPERATOR3D(#8889,#8890,#8888,1.,#8891);
#8893=IFCMAPPEDITEM(#8781,#8892);
#8894=IFCSHAPEREPRESENTATION(#18,'Profile','MappedRepresentation',(#8893));
#8895=IFCPRODUCTDEFINITIONSHAPE($,$,(#8894,#8902,#8909));
#8896=IFCCARTESIANPOINT((0.,0.,0.));
#8897=IFCDIRECTION((1.,0.,0.));
#8898=IFCDIRECTION((0.,1.,0.));
#8899=IFCDIRECTION((0.,0.,1.));
#8900=IFCCARTESIANTRANSFORMATIONOPERATOR3D(#8897,#8898,#8896,1.,#8899);
#8901=IFCMAPPEDITEM(#8789,#8900);
#8902=IFCSHAPEREPRESENTATION(#11,'Body','MappedRepresentation',(#8901));
#8903=IFCCARTESIANPOINT((0.,0.,0.));
#8904=IFCDIRECTION((1.,0.,0.));
#8905=IFCDIRECTION((0.,1.,0.));
#8906=IFCDIRECTION((0.,0.,1.));
#8907=IFCCARTESIANTRANSFORMATIONOPERATOR3D(#8904,#8905,#8903,1.,#8906);
#8908=IFCMAPPEDITEM(#8867,#8907);
#8909=IFCSHAPEREPRESENTATION(#24,'Body','MappedRepresentation',(#8908));
#8910=IFCOPENINGELEMENT('0mwPjz2efAV9GemulfBBof',$,'Opening',$,$,#12112,#8938,$,.OPENING.);
#8926=IFCCARTESIANPOINT((0.,0.,0.));
#8927=IFCDIRECTION((1.,0.,0.));
#8928=IFCDIRECTION((0.,0.,1.));
#8929=IFCAXIS2PLACEMENT3D(#8926,#8928,#8927);
#8930=IFCREPRESENTATIONMAP(#8929,#12102);
#8931=IFCCARTESIANPOINT((0.,0.,0.));
#8932=IFCDIRECTION((1.,0.,0.));
#8933=IFCDIRECTION((0.,1.,0.));
#8934=IFCDIRECTION((0.,0.,1.));
#8935=IFCCARTESIANTRANSFORMATIONOPERATOR3D(#8932,#8933,#8931,1.,#8934);
#8936=IFCMAPPEDITEM(#8930,#8935);
#8937=IFCSHAPEREPRESENTATION(#11,'Body','MappedRepresentation',(#8936));
#8938=IFCPRODUCTDEFINITIONSHAPE($,$,(#8937));
#8939=IFCRELVOIDSELEMENT('08AMIwv9f0vhpJ3XzGtyIl',$,$,$,#7168,#8910);
#8945=IFCRELFILLSELEMENT('0nigd6PLz5cOZB7rq1z4Sz',$,$,$,#8910,#8886);
#8951=IFCWINDOWTYPE('06yOK9qx5DsOTqNFbFBgJ$',$,'Bedroom 1 - 1 - 2F',$,$,(#8952),(#8954,#8962,#9048),$,$,.WINDOW.,.SINGLE_PANEL.,$,$);
#8952=IFCPROPERTYSET('2HRP83DKb9gAxC0ZRBGKIm',$,'BBIM_Window',$,(#8953));
#8953=IFCPROPERTYSINGLEVALUE('Data',$,IFCTEXT('{"window_type": "DOUBLE_PANEL_VERTICAL", "overall_height": 0.8999999761581421, "overall_width": 1.1972014904022217, "lining_properties": {"lining_depth": 0.05000000074505806, "lining_thickness": 0.05000000074505806, "lining_offset": 0.05000000074505806, "lining_to_panel_offset_x": 0.02500000037252903, "lining_to_panel_offset_y": 0.02500000037252903, "mullion_thickness": 0.05000000074505806, "first_mullion_offset": 0.6049558520317078}, "panel_properties": {"frame_depth": [0.03500000014901161, 0.03500000014901161, 0.03500000014901161], "frame_thickness": [0.03500000014901161, 0.03500000014901161, 0.03500000014901161]}}'),$);
#8954=IFCREPRESENTATIONMAP(#8955,#8959);
#8955=IFCAXIS2PLACEMENT3D(#8956,#8957,#8958);
#8956=IFCCARTESIANPOINT((0.,0.,0.));
#8957=IFCDIRECTION((0.,0.,1.));
#8958=IFCDIRECTION((1.,0.,0.));
#8959=IFCSHAPEREPRESENTATION(#18,'Profile','Curve3D',(#8960));
#8960=IFCINDEXEDPOLYCURVE(#8961,(IFCLINEINDEX((1,2,3,4,1))),$);
#8961=IFCCARTESIANPOINTLIST3D(((0.,0.,0.),(1.1972014904022217,0.,0.),(1.1972014904022217,0.,0.89999997615814209),(0.,0.,0.89999997615814209)));
#8962=IFCREPRESENTATIONMAP(#8963,#8967);
#8963=IFCAXIS2PLACEMENT3D(#8964,#8965,#8966);
#8964=IFCCARTESIANPOINT((0.,0.,0.));
#8965=IFCDIRECTION((0.,0.,1.));
#8966=IFCDIRECTION((1.,0.,0.));
#8967=IFCSHAPEREPRESENTATION(#11,'Body','SweptSolid',(#8968,#8977,#8988,#8999,#9008,#9017,#9028,#9039));
#8968=IFCEXTRUDEDAREASOLID(#8969,#8972,#8976,0.0099999997764825821);
#8969=IFCARBITRARYCLOSEDPROFILEDEF(.AREA.,$,#8970);
#8970=IFCINDEXEDPOLYCURVE(#8971,(IFCLINEINDEX((1,2,3,4,5,6,7,8,1))),$);
#8971=IFCCARTESIANPOINTLIST2D(((0.60495585203170776,0.),(0.,0.),(0.,0.89999997615814209),(0.60495585203170776,0.89999997615814209),(0.60495585203170776,0.87499997578561306),(0.02500000037252903,0.87499997578561306),(0.02500000037252903,0.02500000037252903),(0.60495585203170776,0.02500000037252903)));
#8972=IFCAXIS2PLACEMENT3D(#8973,#8974,#8975);
#8973=IFCCARTESIANPOINT((0.,0.090000001713633537,0.));
#8974=IFCDIRECTION((0.,-1.,0.));
#8975=IFCDIRECTION((1.,0.,0.));
#8976=IFCDIRECTION((0.,0.,-1.));
#8977=IFCEXTRUDEDAREASOLID(#8978,#8983,#8987,0.040000000968575478);
#8978=IFCARBITRARYPROFILEDEFWITHVOIDS(.AREA.,$,#8979,(#8981));
#8979=IFCINDEXEDPOLYCURVE(#8980,(IFCLINEINDEX((1,2,3,4,1))),$);
#8980=IFCCARTESIANPOINTLIST2D(((0.,0.),(0.60495585203170776,0.),(0.60495585203170776,0.89999997615814209),(0.,0.89999997615814209)));
#8981=IFCINDEXEDPOLYCURVE(#8982,(IFCLINEINDEX((1,2,3,4,1))),$);
#8982=IFCCARTESIANPOINTLIST2D(((0.05000000074505806,0.05000000074505806),(0.57995585165917873,0.05000000074505806),(0.57995585165917873,0.84999997541308403),(0.05000000074505806,0.84999997541308403)));
#8983=IFCAXIS2PLACEMENT3D(#8984,#8985,#8986);
#8984=IFCCARTESIANPOINT((0.,0.05000000074505806,0.));
#8985=IFCDIRECTION((0.,-1.,0.));
#8986=IFCDIRECTION((1.,0.,0.));
#8987=IFCDIRECTION((0.,0.,-1.));
#8988=IFCEXTRUDEDAREASOLID(#8989,#8994,#8998,0.035000000149011612);
#8989=IFCARBITRARYPROFILEDEFWITHVOIDS(.AREA.,$,#8990,(#8992));
#8990=IFCINDEXEDPOLYCURVE(#8991,(IFCLINEINDEX((1,2,3,4,1))),$);
#8991=IFCCARTESIANPOINTLIST2D(((0.,0.),(0.57995585165917873,0.),(0.57995585165917873,0.84999997541308403),(0.,0.84999997541308403)));
#8992=IFCINDEXEDPOLYCURVE(#8993,(IFCLINEINDEX((1,2,3,4,1))),$);
#8993=IFCCARTESIANPOINTLIST2D(((0.035000000149011612,0.035000000149011612),(0.54495585151016712,0.035000000149011612),(0.54495585151016712,0.81499997526407242),(0.035000000149011612,0.81499997526407242)));
#8994=IFCAXIS2PLACEMENT3D(#8995,#8996,#8997);
#8995=IFCCARTESIANPOINT((0.02500000037252903,0.090000001713633537,0.02500000037252903));
#8996=IFCDIRECTION((0.,-1.,0.));
#8997=IFCDIRECTION((1.,0.,0.));
#8998=IFCDIRECTION((0.,0.,-1.));
#8999=IFCEXTRUDEDAREASOLID(#9000,#9003,#9007,0.01);
#9000=IFCARBITRARYCLOSEDPROFILEDEF(.AREA.,$,#9001);
#9001=IFCINDEXEDPOLYCURVE(#9002,(IFCLINEINDEX((1,2,3,4,1))),$);
#9002=IFCCARTESIANPOINTLIST2D(((0.035000000149011612,0.035000000149011612),(0.54495585151016712,0.035000000149011612),(0.54495585151016712,0.81499997526407242),(0.035000000149011612,0.81499997526407242)));
#9003=IFCAXIS2PLACEMENT3D(#9004,#9005,#9006);
#9004=IFCCARTESIANPOINT((0.02500000037252903,0.10250000178813934,0.02500000037252903));
#9005=IFCDIRECTION((0.,-1.,0.));
#9006=IFCDIRECTION((1.,0.,0.));
#9007=IFCDIRECTION((0.,0.,-1.));
#9008=IFCEXTRUDEDAREASOLID(#9009,#9012,#9016,0.0099999997764825821);
#9009=IFCARBITRARYCLOSEDPROFILEDEF(.AREA.,$,#9010);
#9010=IFCINDEXEDPOLYCURVE(#9011,(IFCLINEINDEX((1,2,3,4,5,6,7,8,1))),$);
#9011=IFCCARTESIANPOINTLIST2D(((0.,0.89999997615814209),(0.59224563837051392,0.89999997615814209),(0.59224563837051392,0.),(0.,0.),(0.,0.02500000037252903),(0.56724563799798489,0.02500000037252903),(0.56724563799798489,0.87499997578561306),(0.,0.87499997578561306)));
#9012=IFCAXIS2PLACEMENT3D(#9013,#9014,#9015);
#9013=IFCCARTESIANPOINT((0.60495585203170776,0.090000001713633537,0.));
#9014=IFCDIRECTION((0.,-1.,0.));
#9015=IFCDIRECTION((1.,0.,0.));
#9016=IFCDIRECTION((0.,0.,-1.));
#9017=IFCEXTRUDEDAREASOLID(#9018,#9023,#9027,0.040000000968575478);
#9018=IFCARBITRARYPROFILEDEFWITHVOIDS(.AREA.,$,#9019,(#9021));
#9019=IFCINDEXEDPOLYCURVE(#9020,(IFCLINEINDEX((1,2,3,4,1))),$);
#9020=IFCCARTESIANPOINTLIST2D(((0.,0.),(0.59224563837051392,0.),(0.59224563837051392,0.89999997615814209),(0.,0.89999997615814209)));
#9021=IFCINDEXEDPOLYCURVE(#9022,(IFCLINEINDEX((1,2,3,4,1))),$);
#9022=IFCCARTESIANPOINTLIST2D(((0.02500000037252903,0.05000000074505806),(0.54224563762545586,0.05000000074505806),(0.54224563762545586,0.84999997541308403),(0.02500000037252903,0.84999997541308403)));
#9023=IFCAXIS2PLACEMENT3D(#9024,#9025,#9026);
#9024=IFCCARTESIANPOINT((0.60495585203170776,0.05000000074505806,0.));
#9025=IFCDIRECTION((0.,-1.,0.));
#9026=IFCDIRECTION((1.,0.,0.));
#9027=IFCDIRECTION((0.,0.,-1.));
#9028=IFCEXTRUDEDAREASOLID(#9029,#9034,#9038,0.035000000149011612);
#9029=IFCARBITRARYPROFILEDEFWITHVOIDS(.AREA.,$,#9030,(#9032));
#9030=IFCINDEXEDPOLYCURVE(#9031,(IFCLINEINDEX((1,2,3,4,1))),$);
#9031=IFCCARTESIANPOINTLIST2D(((0.,0.),(0.56724563799798489,0.),(0.56724563799798489,0.84999997541308403),(0.,0.84999997541308403)));
#9032=IFCINDEXEDPOLYCURVE(#9033,(IFCLINEINDEX((1,2,3,4,1))),$);
#9033=IFCCARTESIANPOINTLIST2D(((0.035000000149011612,0.035000000149011612),(0.53224563784897327,0.035000000149011612),(0.53224563784897327,0.81499997526407242),(0.035000000149011612,0.81499997526407242)));
#9034=IFCAXIS2PLACEMENT3D(#9035,#9036,#9037);
#9035=IFCCARTESIANPOINT((0.60495585203170776,0.090000001713633537,0.02500000037252903));
#9036=IFCDIRECTION((0.,-1.,0.));
#9037=IFCDIRECTION((1.,0.,0.));
#9038=IFCDIRECTION((0.,0.,-1.));
#9039=IFCEXTRUDEDAREASOLID(#9040,#9043,#9047,0.01);
#9040=IFCARBITRARYCLOSEDPROFILEDEF(.AREA.,$,#9041);
#9041=IFCINDEXEDPOLYCURVE(#9042,(IFCLINEINDEX((1,2,3,4,1))),$);
#9042=IFCCARTESIANPOINTLIST2D(((0.035000000149011612,0.035000000149011612),(0.53224563784897327,0.035000000149011612),(0.53224563784897327,0.81499997526407242),(0.035000000149011612,0.81499997526407242)));
#9043=IFCAXIS2PLACEMENT3D(#9044,#9045,#9046);
#9044=IFCCARTESIANPOINT((0.60495585203170776,0.10250000178813934,0.02500000037252903));
#9045=IFCDIRECTION((0.,-1.,0.));
#9046=IFCDIRECTION((1.,0.,0.));
#9047=IFCDIRECTION((0.,0.,-1.));
#9048=IFCREPRESENTATIONMAP(#9049,#9053);
#9049=IFCAXIS2PLACEMENT3D(#9050,#9051,#9052);
#9050=IFCCARTESIANPOINT((0.,0.,0.));
#9051=IFCDIRECTION((0.,0.,1.));
#9052=IFCDIRECTION((1.,0.,0.));
#9053=IFCSHAPEREPRESENTATION(#24,'Body','Curve2D',(#9054,#9056,#9058,#9060,#9062,#9064,#9066,#9068,#9070,#9072,#9074,#9076,#9078,#9080,#9082,#9084));
#9054=IFCINDEXEDPOLYCURVE(#9055,$,$);
#9055=IFCCARTESIANPOINTLIST2D(((0.05000000074505806,0.05000000074505806),(0.57995585165917873,0.05000000074505806)));
#9056=IFCINDEXEDPOLYCURVE(#9057,(IFCLINEINDEX((1,2,3,4,5,6,1))),$);
#9057=IFCCARTESIANPOINTLIST2D(((0.,0.10000000149011612),(0.02500000037252903,0.10000000149011612),(0.02500000037252903,0.090000001713633537),(0.05000000074505806,0.090000001713633537),(0.05000000074505806,0.05000000074505806),(0.,0.05000000074505806)));
#9058=IFCINDEXEDPOLYCURVE(#9059,$,$);
#9059=IFCCARTESIANPOINTLIST2D(((0.60495585203170776,0.10000000149011612),(0.60495585203170776,0.10000000149011612),(0.60495585203170776,0.090000001713633537),(0.57995585165917873,0.090000001713633537),(0.57995585165917873,0.05000000074505806),(0.60495585203170776,0.05000000074505806)));
#9060=IFCINDEXEDPOLYCURVE(#9061,(IFCLINEINDEX((1,2,3,4,1))),$);
#9061=IFCCARTESIANPOINTLIST2D(((0.02500000037252903,0.090000001713633537),(0.060000000521540642,0.090000001713633537),(0.060000000521540642,0.12500000186264515),(0.02500000037252903,0.12500000186264515)));
#9062=IFCINDEXEDPOLYCURVE(#9063,(IFCLINEINDEX((1,2,3,4,1))),$);
#9063=IFCCARTESIANPOINTLIST2D(((0.60495585203170776,0.090000001713633537),(0.56995585188269615,0.090000001713633537),(0.56995585188269615,0.12500000186264515),(0.60495585203170776,0.12500000186264515)));
#9064=IFCINDEXEDPOLYCURVE(#9065,$,$);
#9065=IFCCARTESIANPOINTLIST2D(((0.060000000521540642,0.090000001713633537),(0.56995585188269615,0.090000001713633537)));
#9066=IFCINDEXEDPOLYCURVE(#9067,$,$);
#9067=IFCCARTESIANPOINTLIST2D(((0.060000000521540642,0.12500000186264515),(0.56995585188269615,0.12500000186264515)));
#9068=IFCINDEXEDPOLYCURVE(#9069,$,$);
#9069=IFCCARTESIANPOINTLIST2D(((0.060000000521540642,0.10750000178813934),(0.56995585188269615,0.10750000178813934)));
#9070=IFCINDEXEDPOLYCURVE(#9071,$,$);
#9071=IFCCARTESIANPOINTLIST2D(((0.62995585240423679,0.05000000074505806),(1.1472014896571636,0.05000000074505806)));
#9072=IFCINDEXEDPOLYCURVE(#9073,$,$);
#9073=IFCCARTESIANPOINTLIST2D(((0.60495585203170776,0.10000000149011612),(0.60495585203170776,0.10000000149011612),(0.60495585203170776,0.090000001713633537),(0.62995585240423679,0.090000001713633537),(0.62995585240423679,0.05000000074505806),(0.60495585203170776,0.05000000074505806)));
#9074=IFCINDEXEDPOLYCURVE(#9075,(IFCLINEINDEX((1,2,3,4,5,6,1))),$);
#9075=IFCCARTESIANPOINTLIST2D(((1.1972014904022217,0.10000000149011612),(1.1722014900296926,0.10000000149011612),(1.1722014900296926,0.090000001713633537),(1.1472014896571636,0.090000001713633537),(1.1472014896571636,0.05000000074505806),(1.1972014904022217,0.05000000074505806)));
#9076=IFCINDEXEDPOLYCURVE(#9077,(IFCLINEINDEX((1,2,3,4,1))),$);
#9077=IFCCARTESIANPOINTLIST2D(((0.60495585203170776,0.090000001713633537),(0.63995585218071938,0.090000001713633537),(0.63995585218071938,0.12500000186264515),(0.60495585203170776,0.12500000186264515)));
#9078=IFCINDEXEDPOLYCURVE(#9079,(IFCLINEINDEX((1,2,3,4,1))),$);
#9079=IFCCARTESIANPOINTLIST2D(((1.1722014900296926,0.090000001713633537),(1.137201489880681,0.090000001713633537),(1.137201489880681,0.12500000186264515),(1.1722014900296926,0.12500000186264515)));
#9080=IFCINDEXEDPOLYCURVE(#9081,$,$);
#9081=IFCCARTESIANPOINTLIST2D(((0.63995585218071938,0.090000001713633537),(1.137201489880681,0.090000001713633537)));
#9082=IFCINDEXEDPOLYCURVE(#9083,$,$);
#9083=IFCCARTESIANPOINTLIST2D(((0.63995585218071938,0.12500000186264515),(1.137201489880681,0.12500000186264515)));
#9084=IFCINDEXEDPOLYCURVE(#9085,$,$);
#9085=IFCCARTESIANPOINTLIST2D(((0.63995585218071938,0.10750000178813934),(1.137201489880681,0.10750000178813934)));
#9151=IFCWINDOW('3ofow5d917Y8DzUYcTUcVG',$,'Window',$,$,#12577,#9160,$,0.89999997615814209,1.1972014904022217,$,$,$);
#9152=IFCRELDEFINESBYTYPE('3T_AQZJ4LC4Pvi2qQZHjCX',$,$,$,(#9151),#8951);
#9153=IFCCARTESIANPOINT((0.,0.,0.));
#9154=IFCDIRECTION((1.,0.,0.));
#9155=IFCDIRECTION((0.,1.,0.));
#9156=IFCDIRECTION((0.,0.,1.));
#9157=IFCCARTESIANTRANSFORMATIONOPERATOR3D(#9154,#9155,#9153,1.,#9156);
#9158=IFCMAPPEDITEM(#8954,#9157);
#9159=IFCSHAPEREPRESENTATION(#18,'Profile','MappedRepresentation',(#9158));
#9160=IFCPRODUCTDEFINITIONSHAPE($,$,(#9159,#9167,#9174));
#9161=IFCCARTESIANPOINT((0.,0.,0.));
#9162=IFCDIRECTION((1.,0.,0.));
#9163=IFCDIRECTION((0.,1.,0.));
#9164=IFCDIRECTION((0.,0.,1.));
#9165=IFCCARTESIANTRANSFORMATIONOPERATOR3D(#9162,#9163,#9161,1.,#9164);
#9166=IFCMAPPEDITEM(#8962,#9165);
#9167=IFCSHAPEREPRESENTATION(#11,'Body','MappedRepresentation',(#9166));
#9168=IFCCARTESIANPOINT((0.,0.,0.));
#9169=IFCDIRECTION((1.,0.,0.));
#9170=IFCDIRECTION((0.,1.,0.));
#9171=IFCDIRECTION((0.,0.,1.));
#9172=IFCCARTESIANTRANSFORMATIONOPERATOR3D(#9169,#9170,#9168,1.,#9171);
#9173=IFCMAPPEDITEM(#9048,#9172);
#9174=IFCSHAPEREPRESENTATION(#24,'Body','MappedRepresentation',(#9173));
#9175=IFCOPENINGELEMENT('3o1W7tByf4Dg_gky0RrQuZ',$,'Opening',$,$,#11501,#9203,$,.OPENING.);
#9181=IFCCARTESIANPOINTLIST2D(((0.,0.),(1.1972014904022217,0.),(1.1972014904022217,0.89999997615814209),(0.,0.89999997615814209)));
#9182=IFCINDEXEDPOLYCURVE(#9181,(IFCLINEINDEX((1,2,3,4,1))),$);
#9183=IFCARBITRARYCLOSEDPROFILEDEF(.AREA.,$,#9182);
#9184=IFCCARTESIANPOINT((0.,-0.60000002384185791,0.));
#9185=IFCDIRECTION((0.,-1.,0.));
#9186=IFCDIRECTION((1.,0.,0.));
#9187=IFCAXIS2PLACEMENT3D(#9184,#9185,#9186);
#9188=IFCDIRECTION((0.,0.,-1.));
#9189=IFCEXTRUDEDAREASOLID(#9183,#9187,#9188,1.2);
#9190=IFCSHAPEREPRESENTATION(#11,'Body','SweptSolid',(#9189));
#9191=IFCCARTESIANPOINT((0.,0.,0.));
#9192=IFCDIRECTION((1.,0.,0.));
#9193=IFCDIRECTION((0.,0.,1.));
#9194=IFCAXIS2PLACEMENT3D(#9191,#9193,#9192);
#9195=IFCREPRESENTATIONMAP(#9194,#9190);
#9196=IFCCARTESIANPOINT((0.,0.,0.));
#9197=IFCDIRECTION((1.,0.,0.));
#9198=IFCDIRECTION((0.,1.,0.));
#9199=IFCDIRECTION((0.,0.,1.));
#9200=IFCCARTESIANTRANSFORMATIONOPERATOR3D(#9197,#9198,#9196,1.,#9199);
#9201=IFCMAPPEDITEM(#9195,#9200);
#9202=IFCSHAPEREPRESENTATION(#11,'Body','MappedRepresentation',(#9201));
#9203=IFCPRODUCTDEFINITIONSHAPE($,$,(#9202));
#9204=IFCRELVOIDSELEMENT('2g2_Uw1W1CifhmHVeik3pY',$,$,$,#6564,#9175);
#9210=IFCRELFILLSELEMENT('1mVmOGWAXBRfqBOiYaY1hQ',$,$,$,#9175,#9151);
#9354=IFCWINDOWTYPE('0OAeWSQT9Cy8dCUEyTE_SM',$,'Bedroom 1 - 2 - 2F',$,$,(#9355),(#9357,#9365,#9413),$,$,.WINDOW.,.SINGLE_PANEL.,$,$);
#9355=IFCPROPERTYSET('35JiBjDSj2C95OClPA7Ej_',$,'BBIM_Window',$,(#9356));
#9356=IFCPROPERTYSINGLEVALUE('Data',$,IFCTEXT('{"window_type": "SINGLE_PANEL", "overall_height": 0.8999999761581421, "overall_width": 0.8182107210159302, "lining_properties": {"lining_depth": 0.05000000074505806, "lining_thickness": 0.05000000074505806, "lining_offset": 0.05000000074505806, "lining_to_panel_offset_x": 0.02500000037252903, "lining_to_panel_offset_y": 0.02500000037252903}, "panel_properties": {"frame_depth": [0.03500000014901161, 0.03500000014901161, 0.03500000014901161], "frame_thickness": [0.03500000014901161, 0.03500000014901161, 0.03500000014901161]}}'),$);
#9357=IFCREPRESENTATIONMAP(#9358,#9362);
#9358=IFCAXIS2PLACEMENT3D(#9359,#9360,#9361);
#9359=IFCCARTESIANPOINT((0.,0.,0.));
#9360=IFCDIRECTION((0.,0.,1.));
#9361=IFCDIRECTION((1.,0.,0.));
#9362=IFCSHAPEREPRESENTATION(#18,'Profile','Curve3D',(#9363));
#9363=IFCINDEXEDPOLYCURVE(#9364,(IFCLINEINDEX((1,2,3,4,1))),$);
#9364=IFCCARTESIANPOINTLIST3D(((0.,0.,0.),(0.81821072101593018,0.,0.),(0.81821072101593018,0.,0.89999997615814209),(0.,0.,0.89999997615814209)));
#9365=IFCREPRESENTATIONMAP(#9366,#9370);
#9366=IFCAXIS2PLACEMENT3D(#9367,#9368,#9369);
#9367=IFCCARTESIANPOINT((0.,0.,0.));
#9368=IFCDIRECTION((0.,0.,1.));
#9369=IFCDIRECTION((1.,0.,0.));
#9370=IFCSHAPEREPRESENTATION(#11,'Body','SweptSolid',(#9371,#9382,#9393,#9404));
#9371=IFCEXTRUDEDAREASOLID(#9372,#9377,#9381,0.0099999997764825821);
#9372=IFCARBITRARYPROFILEDEFWITHVOIDS(.AREA.,$,#9373,(#9375));
#9373=IFCINDEXEDPOLYCURVE(#9374,(IFCLINEINDEX((1,2,3,4,1))),$);
#9374=IFCCARTESIANPOINTLIST2D(((0.,0.),(0.81821072101593018,0.),(0.81821072101593018,0.89999997615814209),(0.,0.89999997615814209)));
#9375=IFCINDEXEDPOLYCURVE(#9376,(IFCLINEINDEX((1,2,3,4,1))),$);
#9376=IFCCARTESIANPOINTLIST2D(((0.02500000037252903,0.02500000037252903),(0.79321072064340115,0.02500000037252903),(0.79321072064340115,0.87499997578561306),(0.02500000037252903,0.87499997578561306)));
#9377=IFCAXIS2PLACEMENT3D(#9378,#9379,#9380);
#9378=IFCCARTESIANPOINT((0.,0.090000001713633537,0.));
#9379=IFCDIRECTION((0.,-1.,0.));
#9380=IFCDIRECTION((1.,0.,0.));
#9381=IFCDIRECTION((0.,0.,-1.));
#9382=IFCEXTRUDEDAREASOLID(#9383,#9388,#9392,0.040000000968575478);
#9383=IFCARBITRARYPROFILEDEFWITHVOIDS(.AREA.,$,#9384,(#9386));
#9384=IFCINDEXEDPOLYCURVE(#9385,(IFCLINEINDEX((1,2,3,4,1))),$);
#9385=IFCCARTESIANPOINTLIST2D(((0.,0.),(0.81821072101593018,0.),(0.81821072101593018,0.89999997615814209),(0.,0.89999997615814209)));
#9386=IFCINDEXEDPOLYCURVE(#9387,(IFCLINEINDEX((1,2,3,4,1))),$);
#9387=IFCCARTESIANPOINTLIST2D(((0.05000000074505806,0.05000000074505806),(0.76821072027087212,0.05000000074505806),(0.76821072027087212,0.84999997541308403),(0.05000000074505806,0.84999997541308403)));
#9388=IFCAXIS2PLACEMENT3D(#9389,#9390,#9391);
#9389=IFCCARTESIANPOINT((0.,0.05000000074505806,0.));
#9390=IFCDIRECTION((0.,-1.,0.));
#9391=IFCDIRECTION((1.,0.,0.));
#9392=IFCDIRECTION((0.,0.,-1.));
#9393=IFCEXTRUDEDAREASOLID(#9394,#9399,#9403,0.035000000149011612);
#9394=IFCARBITRARYPROFILEDEFWITHVOIDS(.AREA.,$,#9395,(#9397));
#9395=IFCINDEXEDPOLYCURVE(#9396,(IFCLINEINDEX((1,2,3,4,1))),$);
#9396=IFCCARTESIANPOINTLIST2D(((0.,0.),(0.76821072027087212,0.),(0.76821072027087212,0.84999997541308403),(0.,0.84999997541308403)));
#9397=IFCINDEXEDPOLYCURVE(#9398,(IFCLINEINDEX((1,2,3,4,1))),$);
#9398=IFCCARTESIANPOINTLIST2D(((0.035000000149011612,0.035000000149011612),(0.7332107201218605,0.035000000149011612),(0.7332107201218605,0.81499997526407242),(0.035000000149011612,0.81499997526407242)));
#9399=IFCAXIS2PLACEMENT3D(#9400,#9401,#9402);
#9400=IFCCARTESIANPOINT((0.02500000037252903,0.090000001713633537,0.02500000037252903));
#9401=IFCDIRECTION((0.,-1.,0.));
#9402=IFCDIRECTION((1.,0.,0.));
#9403=IFCDIRECTION((0.,0.,-1.));
#9404=IFCEXTRUDEDAREASOLID(#9405,#9408,#9412,0.01);
#9405=IFCARBITRARYCLOSEDPROFILEDEF(.AREA.,$,#9406);
#9406=IFCINDEXEDPOLYCURVE(#9407,(IFCLINEINDEX((1,2,3,4,1))),$);
#9407=IFCCARTESIANPOINTLIST2D(((0.035000000149011612,0.035000000149011612),(0.7332107201218605,0.035000000149011612),(0.7332107201218605,0.81499997526407242),(0.035000000149011612,0.81499997526407242)));
#9408=IFCAXIS2PLACEMENT3D(#9409,#9410,#9411);
#9409=IFCCARTESIANPOINT((0.02500000037252903,0.10250000178813934,0.02500000037252903));
#9410=IFCDIRECTION((0.,-1.,0.));
#9411=IFCDIRECTION((1.,0.,0.));
#9412=IFCDIRECTION((0.,0.,-1.));
#9413=IFCREPRESENTATIONMAP(#9414,#9418);
#9414=IFCAXIS2PLACEMENT3D(#9415,#9416,#9417);
#9415=IFCCARTESIANPOINT((0.,0.,0.));
#9416=IFCDIRECTION((0.,0.,1.));
#9417=IFCDIRECTION((1.,0.,0.));
#9418=IFCSHAPEREPRESENTATION(#24,'Body','Curve2D',(#9419,#9421,#9423,#9425,#9427,#9429,#9431,#9433));
#9419=IFCINDEXEDPOLYCURVE(#9420,$,$);
#9420=IFCCARTESIANPOINTLIST2D(((0.05000000074505806,0.05000000074505806),(0.76821072027087212,0.05000000074505806)));
#9421=IFCINDEXEDPOLYCURVE(#9422,(IFCLINEINDEX((1,2,3,4,5,6,1))),$);
#9422=IFCCARTESIANPOINTLIST2D(((0.,0.10000000149011612),(0.02500000037252903,0.10000000149011612),(0.02500000037252903,0.090000001713633537),(0.05000000074505806,0.090000001713633537),(0.05000000074505806,0.05000000074505806),(0.,0.05000000074505806)));
#9423=IFCINDEXEDPOLYCURVE(#9424,(IFCLINEINDEX((1,2,3,4,5,6,1))),$);
#9424=IFCCARTESIANPOINTLIST2D(((0.81821072101593018,0.10000000149011612),(0.79321072064340115,0.10000000149011612),(0.79321072064340115,0.090000001713633537),(0.76821072027087212,0.090000001713633537),(0.76821072027087212,0.05000000074505806),(0.81821072101593018,0.05000000074505806)));
#9425=IFCINDEXEDPOLYCURVE(#9426,(IFCLINEINDEX((1,2,3,4,1))),$);
#9426=IFCCARTESIANPOINTLIST2D(((0.02500000037252903,0.090000001713633537),(0.060000000521540642,0.090000001713633537),(0.060000000521540642,0.12500000186264515),(0.02500000037252903,0.12500000186264515)));
#9427=IFCINDEXEDPOLYCURVE(#9428,(IFCLINEINDEX((1,2,3,4,1))),$);
#9428=IFCCARTESIANPOINTLIST2D(((0.79321072064340115,0.090000001713633537),(0.75821072049438953,0.090000001713633537),(0.75821072049438953,0.12500000186264515),(0.79321072064340115,0.12500000186264515)));
#9429=IFCINDEXEDPOLYCURVE(#9430,$,$);
#9430=IFCCARTESIANPOINTLIST2D(((0.060000000521540642,0.090000001713633537),(0.75821072049438953,0.090000001713633537)));
#9431=IFCINDEXEDPOLYCURVE(#9432,$,$);
#9432=IFCCARTESIANPOINTLIST2D(((0.060000000521540642,0.12500000186264515),(0.75821072049438953,0.12500000186264515)));
#9433=IFCINDEXEDPOLYCURVE(#9434,$,$);
#9434=IFCCARTESIANPOINTLIST2D(((0.060000000521540642,0.10750000178813934),(0.75821072049438953,0.10750000178813934)));
#9435=IFCWINDOW('2GA0pvq610B92J3aQvX90D',$,'Window',$,$,#12572,#9444,$,0.89999997615814209,0.81821072101593018,$,$,$);
#9436=IFCRELDEFINESBYTYPE('2QX97t7BT8xgoPN1KHVcJf',$,$,$,(#9435),#9354);
#9437=IFCCARTESIANPOINT((0.,0.,0.));
#9438=IFCDIRECTION((1.,0.,0.));
#9439=IFCDIRECTION((0.,1.,0.));
#9440=IFCDIRECTION((0.,0.,1.));
#9441=IFCCARTESIANTRANSFORMATIONOPERATOR3D(#9438,#9439,#9437,1.,#9440);
#9442=IFCMAPPEDITEM(#9357,#9441);
#9443=IFCSHAPEREPRESENTATION(#18,'Profile','MappedRepresentation',(#9442));
#9444=IFCPRODUCTDEFINITIONSHAPE($,$,(#9443,#9451,#9458));
#9445=IFCCARTESIANPOINT((0.,0.,0.));
#9446=IFCDIRECTION((1.,0.,0.));
#9447=IFCDIRECTION((0.,1.,0.));
#9448=IFCDIRECTION((0.,0.,1.));
#9449=IFCCARTESIANTRANSFORMATIONOPERATOR3D(#9446,#9447,#9445,1.,#9448);
#9450=IFCMAPPEDITEM(#9365,#9449);
#9451=IFCSHAPEREPRESENTATION(#11,'Body','MappedRepresentation',(#9450));
#9452=IFCCARTESIANPOINT((0.,0.,0.));
#9453=IFCDIRECTION((1.,0.,0.));
#9454=IFCDIRECTION((0.,1.,0.));
#9455=IFCDIRECTION((0.,0.,1.));
#9456=IFCCARTESIANTRANSFORMATIONOPERATOR3D(#9453,#9454,#9452,1.,#9455);
#9457=IFCMAPPEDITEM(#9413,#9456);
#9458=IFCSHAPEREPRESENTATION(#24,'Body','MappedRepresentation',(#9457));
#9459=IFCOPENINGELEMENT('1NCb78rVT23QK0YeT5KZM3',$,'Opening',$,$,#11516,#9487,$,.OPENING.);
#9465=IFCCARTESIANPOINTLIST2D(((0.,0.),(0.81821072101593018,0.),(0.81821072101593018,0.89999997615814209),(0.,0.89999997615814209)));
#9466=IFCINDEXEDPOLYCURVE(#9465,(IFCLINEINDEX((1,2,3,4,1))),$);
#9467=IFCARBITRARYCLOSEDPROFILEDEF(.AREA.,$,#9466);
#9468=IFCCARTESIANPOINT((0.,-0.60000002384185791,0.));
#9469=IFCDIRECTION((0.,-1.,0.));
#9470=IFCDIRECTION((1.,0.,0.));
#9471=IFCAXIS2PLACEMENT3D(#9468,#9469,#9470);
#9472=IFCDIRECTION((0.,0.,-1.));
#9473=IFCEXTRUDEDAREASOLID(#9467,#9471,#9472,1.2);
#9474=IFCSHAPEREPRESENTATION(#11,'Body','SweptSolid',(#9473));
#9475=IFCCARTESIANPOINT((0.,0.,0.));
#9476=IFCDIRECTION((1.,0.,0.));
#9477=IFCDIRECTION((0.,0.,1.));
#9478=IFCAXIS2PLACEMENT3D(#9475,#9477,#9476);
#9479=IFCREPRESENTATIONMAP(#9478,#9474);
#9480=IFCCARTESIANPOINT((0.,0.,0.));
#9481=IFCDIRECTION((1.,0.,0.));
#9482=IFCDIRECTION((0.,1.,0.));
#9483=IFCDIRECTION((0.,0.,1.));
#9484=IFCCARTESIANTRANSFORMATIONOPERATOR3D(#9481,#9482,#9480,1.,#9483);
#9485=IFCMAPPEDITEM(#9479,#9484);
#9486=IFCSHAPEREPRESENTATION(#11,'Body','MappedRepresentation',(#9485));
#9487=IFCPRODUCTDEFINITIONSHAPE($,$,(#9486));
#9488=IFCRELVOIDSELEMENT('1RKc9k_Zr6APatS1q5C1BM',$,$,$,#6589,#9459);
#9494=IFCRELFILLSELEMENT('0DpImfoXz2Owbwd2riuQfc',$,$,$,#9459,#9435);
#9500=IFCWINDOWTYPE('2lEFZtbUzFNeRoSFE32AUh',$,'Master''s Bedroom - 1 - 2F',$,$,(#9501),(#9503,#9511,#9559),$,$,.WINDOW.,.SINGLE_PANEL.,$,$);
#9501=IFCPROPERTYSET('00bpTlRfbAoeLchQCiIeFc',$,'BBIM_Window',$,(#9502));
#9502=IFCPROPERTYSINGLEVALUE('Data',$,IFCTEXT('{"window_type": "SINGLE_PANEL", "overall_height": 0.8999999761581421, "overall_width": 0.8182107210159302, "lining_properties": {"lining_depth": 0.05000000074505806, "lining_thickness": 0.05000000074505806, "lining_offset": 0.05000000074505806, "lining_to_panel_offset_x": 0.02500000037252903, "lining_to_panel_offset_y": 0.02500000037252903}, "panel_properties": {"frame_depth": [0.03500000014901161, 0.03500000014901161, 0.03500000014901161], "frame_thickness": [0.03500000014901161, 0.03500000014901161, 0.03500000014901161]}}'),$);
#9503=IFCREPRESENTATIONMAP(#9504,#9508);
#9504=IFCAXIS2PLACEMENT3D(#9505,#9506,#9507);
#9505=IFCCARTESIANPOINT((0.,0.,0.));
#9506=IFCDIRECTION((0.,0.,1.));
#9507=IFCDIRECTION((1.,0.,0.));
#9508=IFCSHAPEREPRESENTATION(#18,'Profile','Curve3D',(#9509));
#9509=IFCINDEXEDPOLYCURVE(#9510,(IFCLINEINDEX((1,2,3,4,1))),$);
#9510=IFCCARTESIANPOINTLIST3D(((0.,0.,0.),(0.81821072101593018,0.,0.),(0.81821072101593018,0.,0.89999997615814209),(0.,0.,0.89999997615814209)));
#9511=IFCREPRESENTATIONMAP(#9512,#9516);
#9512=IFCAXIS2PLACEMENT3D(#9513,#9514,#9515);
#9513=IFCCARTESIANPOINT((0.,0.,0.));
#9514=IFCDIRECTION((0.,0.,1.));
#9515=IFCDIRECTION((1.,0.,0.));
#9516=IFCSHAPEREPRESENTATION(#11,'Body','SweptSolid',(#9517,#9528,#9539,#9550));
#9517=IFCEXTRUDEDAREASOLID(#9518,#9523,#9527,0.0099999997764825821);
#9518=IFCARBITRARYPROFILEDEFWITHVOIDS(.AREA.,$,#9519,(#9521));
#9519=IFCINDEXEDPOLYCURVE(#9520,(IFCLINEINDEX((1,2,3,4,1))),$);
#9520=IFCCARTESIANPOINTLIST2D(((0.,0.),(0.81821072101593018,0.),(0.81821072101593018,0.89999997615814209),(0.,0.89999997615814209)));
#9521=IFCINDEXEDPOLYCURVE(#9522,(IFCLINEINDEX((1,2,3,4,1))),$);
#9522=IFCCARTESIANPOINTLIST2D(((0.02500000037252903,0.02500000037252903),(0.79321072064340115,0.02500000037252903),(0.79321072064340115,0.87499997578561306),(0.02500000037252903,0.87499997578561306)));
#9523=IFCAXIS2PLACEMENT3D(#9524,#9525,#9526);
#9524=IFCCARTESIANPOINT((0.,0.090000001713633537,0.));
#9525=IFCDIRECTION((0.,-1.,0.));
#9526=IFCDIRECTION((1.,0.,0.));
#9527=IFCDIRECTION((0.,0.,-1.));
#9528=IFCEXTRUDEDAREASOLID(#9529,#9534,#9538,0.040000000968575478);
#9529=IFCARBITRARYPROFILEDEFWITHVOIDS(.AREA.,$,#9530,(#9532));
#9530=IFCINDEXEDPOLYCURVE(#9531,(IFCLINEINDEX((1,2,3,4,1))),$);
#9531=IFCCARTESIANPOINTLIST2D(((0.,0.),(0.81821072101593018,0.),(0.81821072101593018,0.89999997615814209),(0.,0.89999997615814209)));
#9532=IFCINDEXEDPOLYCURVE(#9533,(IFCLINEINDEX((1,2,3,4,1))),$);
#9533=IFCCARTESIANPOINTLIST2D(((0.05000000074505806,0.05000000074505806),(0.76821072027087212,0.05000000074505806),(0.76821072027087212,0.84999997541308403),(0.05000000074505806,0.84999997541308403)));
#9534=IFCAXIS2PLACEMENT3D(#9535,#9536,#9537);
#9535=IFCCARTESIANPOINT((0.,0.05000000074505806,0.));
#9536=IFCDIRECTION((0.,-1.,0.));
#9537=IFCDIRECTION((1.,0.,0.));
#9538=IFCDIRECTION((0.,0.,-1.));
#9539=IFCEXTRUDEDAREASOLID(#9540,#9545,#9549,0.035000000149011612);
#9540=IFCARBITRARYPROFILEDEFWITHVOIDS(.AREA.,$,#9541,(#9543));
#9541=IFCINDEXEDPOLYCURVE(#9542,(IFCLINEINDEX((1,2,3,4,1))),$);
#9542=IFCCARTESIANPOINTLIST2D(((0.,0.),(0.76821072027087212,0.),(0.76821072027087212,0.84999997541308403),(0.,0.84999997541308403)));
#9543=IFCINDEXEDPOLYCURVE(#9544,(IFCLINEINDEX((1,2,3,4,1))),$);
#9544=IFCCARTESIANPOINTLIST2D(((0.035000000149011612,0.035000000149011612),(0.7332107201218605,0.035000000149011612),(0.7332107201218605,0.81499997526407242),(0.035000000149011612,0.81499997526407242)));
#9545=IFCAXIS2PLACEMENT3D(#9546,#9547,#9548);
#9546=IFCCARTESIANPOINT((0.02500000037252903,0.090000001713633537,0.02500000037252903));
#9547=IFCDIRECTION((0.,-1.,0.));
#9548=IFCDIRECTION((1.,0.,0.));
#9549=IFCDIRECTION((0.,0.,-1.));
#9550=IFCEXTRUDEDAREASOLID(#9551,#9554,#9558,0.01);
#9551=IFCARBITRARYCLOSEDPROFILEDEF(.AREA.,$,#9552);
#9552=IFCINDEXEDPOLYCURVE(#9553,(IFCLINEINDEX((1,2,3,4,1))),$);
#9553=IFCCARTESIANPOINTLIST2D(((0.035000000149011612,0.035000000149011612),(0.7332107201218605,0.035000000149011612),(0.7332107201218605,0.81499997526407242),(0.035000000149011612,0.81499997526407242)));
#9554=IFCAXIS2PLACEMENT3D(#9555,#9556,#9557);
#9555=IFCCARTESIANPOINT((0.02500000037252903,0.10250000178813934,0.02500000037252903));
#9556=IFCDIRECTION((0.,-1.,0.));
#9557=IFCDIRECTION((1.,0.,0.));
#9558=IFCDIRECTION((0.,0.,-1.));
#9559=IFCREPRESENTATIONMAP(#9560,#9564);
#9560=IFCAXIS2PLACEMENT3D(#9561,#9562,#9563);
#9561=IFCCARTESIANPOINT((0.,0.,0.));
#9562=IFCDIRECTION((0.,0.,1.));
#9563=IFCDIRECTION((1.,0.,0.));
#9564=IFCSHAPEREPRESENTATION(#24,'Body','Curve2D',(#9565,#9567,#9569,#9571,#9573,#9575,#9577,#9579));
#9565=IFCINDEXEDPOLYCURVE(#9566,$,$);
#9566=IFCCARTESIANPOINTLIST2D(((0.05000000074505806,0.05000000074505806),(0.76821072027087212,0.05000000074505806)));
#9567=IFCINDEXEDPOLYCURVE(#9568,(IFCLINEINDEX((1,2,3,4,5,6,1))),$);
#9568=IFCCARTESIANPOINTLIST2D(((0.,0.10000000149011612),(0.02500000037252903,0.10000000149011612),(0.02500000037252903,0.090000001713633537),(0.05000000074505806,0.090000001713633537),(0.05000000074505806,0.05000000074505806),(0.,0.05000000074505806)));
#9569=IFCINDEXEDPOLYCURVE(#9570,(IFCLINEINDEX((1,2,3,4,5,6,1))),$);
#9570=IFCCARTESIANPOINTLIST2D(((0.81821072101593018,0.10000000149011612),(0.79321072064340115,0.10000000149011612),(0.79321072064340115,0.090000001713633537),(0.76821072027087212,0.090000001713633537),(0.76821072027087212,0.05000000074505806),(0.81821072101593018,0.05000000074505806)));
#9571=IFCINDEXEDPOLYCURVE(#9572,(IFCLINEINDEX((1,2,3,4,1))),$);
#9572=IFCCARTESIANPOINTLIST2D(((0.02500000037252903,0.090000001713633537),(0.060000000521540642,0.090000001713633537),(0.060000000521540642,0.12500000186264515),(0.02500000037252903,0.12500000186264515)));
#9573=IFCINDEXEDPOLYCURVE(#9574,(IFCLINEINDEX((1,2,3,4,1))),$);
#9574=IFCCARTESIANPOINTLIST2D(((0.79321072064340115,0.090000001713633537),(0.75821072049438953,0.090000001713633537),(0.75821072049438953,0.12500000186264515),(0.79321072064340115,0.12500000186264515)));
#9575=IFCINDEXEDPOLYCURVE(#9576,$,$);
#9576=IFCCARTESIANPOINTLIST2D(((0.060000000521540642,0.090000001713633537),(0.75821072049438953,0.090000001713633537)));
#9577=IFCINDEXEDPOLYCURVE(#9578,$,$);
#9578=IFCCARTESIANPOINTLIST2D(((0.060000000521540642,0.12500000186264515),(0.75821072049438953,0.12500000186264515)));
#9579=IFCINDEXEDPOLYCURVE(#9580,$,$);
#9580=IFCCARTESIANPOINTLIST2D(((0.060000000521540642,0.10750000178813934),(0.75821072049438953,0.10750000178813934)));
#9581=IFCWINDOW('1OJ4f2MRn2vBGjgWsO1rEx',$,'Window',$,$,#12582,#9590,$,0.89999997615814209,0.81821072101593018,$,$,$);
#9582=IFCRELDEFINESBYTYPE('34tKsILU9CZBqFq61WBoKI',$,$,$,(#9581),#9500);
#9583=IFCCARTESIANPOINT((0.,0.,0.));
#9584=IFCDIRECTION((1.,0.,0.));
#9585=IFCDIRECTION((0.,1.,0.));
#9586=IFCDIRECTION((0.,0.,1.));
#9587=IFCCARTESIANTRANSFORMATIONOPERATOR3D(#9584,#9585,#9583,1.,#9586);
#9588=IFCMAPPEDITEM(#9503,#9587);
#9589=IFCSHAPEREPRESENTATION(#18,'Profile','MappedRepresentation',(#9588));
#9590=IFCPRODUCTDEFINITIONSHAPE($,$,(#9589,#9597,#9604));
#9591=IFCCARTESIANPOINT((0.,0.,0.));
#9592=IFCDIRECTION((1.,0.,0.));
#9593=IFCDIRECTION((0.,1.,0.));
#9594=IFCDIRECTION((0.,0.,1.));
#9595=IFCCARTESIANTRANSFORMATIONOPERATOR3D(#9592,#9593,#9591,1.,#9594);
#9596=IFCMAPPEDITEM(#9511,#9595);
#9597=IFCSHAPEREPRESENTATION(#11,'Body','MappedRepresentation',(#9596));
#9598=IFCCARTESIANPOINT((0.,0.,0.));
#9599=IFCDIRECTION((1.,0.,0.));
#9600=IFCDIRECTION((0.,1.,0.));
#9601=IFCDIRECTION((0.,0.,1.));
#9602=IFCCARTESIANTRANSFORMATIONOPERATOR3D(#9599,#9600,#9598,1.,#9601);
#9603=IFCMAPPEDITEM(#9559,#9602);
#9604=IFCSHAPEREPRESENTATION(#24,'Body','MappedRepresentation',(#9603));
#9605=IFCOPENINGELEMENT('3jTsYZk6D8VxybvC6sB5PR',$,'Opening',$,$,#11531,#9633,$,.OPENING.);
#9611=IFCCARTESIANPOINTLIST2D(((0.,0.),(0.81821072101593018,0.),(0.81821072101593018,0.89999997615814209),(0.,0.89999997615814209)));
#9612=IFCINDEXEDPOLYCURVE(#9611,(IFCLINEINDEX((1,2,3,4,1))),$);
#9613=IFCARBITRARYCLOSEDPROFILEDEF(.AREA.,$,#9612);
#9614=IFCCARTESIANPOINT((0.,-0.60000002384185791,0.));
#9615=IFCDIRECTION((0.,-1.,0.));
#9616=IFCDIRECTION((1.,0.,0.));
#9617=IFCAXIS2PLACEMENT3D(#9614,#9615,#9616);
#9618=IFCDIRECTION((0.,0.,-1.));
#9619=IFCEXTRUDEDAREASOLID(#9613,#9617,#9618,1.2);
#9620=IFCSHAPEREPRESENTATION(#11,'Body','SweptSolid',(#9619));
#9621=IFCCARTESIANPOINT((0.,0.,0.));
#9622=IFCDIRECTION((1.,0.,0.));
#9623=IFCDIRECTION((0.,0.,1.));
#9624=IFCAXIS2PLACEMENT3D(#9621,#9623,#9622);
#9625=IFCREPRESENTATIONMAP(#9624,#9620);
#9626=IFCCARTESIANPOINT((0.,0.,0.));
#9627=IFCDIRECTION((1.,0.,0.));
#9628=IFCDIRECTION((0.,1.,0.));
#9629=IFCDIRECTION((0.,0.,1.));
#9630=IFCCARTESIANTRANSFORMATIONOPERATOR3D(#9627,#9628,#9626,1.,#9629);
#9631=IFCMAPPEDITEM(#9625,#9630);
#9632=IFCSHAPEREPRESENTATION(#11,'Body','MappedRepresentation',(#9631));
#9633=IFCPRODUCTDEFINITIONSHAPE($,$,(#9632));
#9634=IFCRELVOIDSELEMENT('1mUY7DX2j1serZx5bwSBED',$,$,$,#6589,#9605);
#9640=IFCRELFILLSELEMENT('1GSt4IjorASunC3fVV6Yor',$,$,$,#9605,#9581);
#9646=IFCWINDOWTYPE('0oEPeggJP3Vvtem5mWpA5x',$,'Master''s Bedroom - 2 - 2F',$,$,(#9647),(#9649,#9657,#9705),$,$,.WINDOW.,.SINGLE_PANEL.,$,$);
#9647=IFCPROPERTYSET('11_IT7KGrDt8n1vss2GVGa',$,'BBIM_Window',$,(#9648));
#9648=IFCPROPERTYSINGLEVALUE('Data',$,IFCTEXT('{"window_type": "SINGLE_PANEL", "overall_height": 0.8999999761581421, "overall_width": 0.8013994693756104, "lining_properties": {"lining_depth": 0.05000000074505806, "lining_thickness": 0.05000000074505806, "lining_offset": 0.05000000074505806, "lining_to_panel_offset_x": 0.02500000037252903, "lining_to_panel_offset_y": 0.02500000037252903}, "panel_properties": {"frame_depth": [0.03500000014901161, 0.03500000014901161, 0.03500000014901161], "frame_thickness": [0.03500000014901161, 0.03500000014901161, 0.03500000014901161]}}'),$);
#9649=IFCREPRESENTATIONMAP(#9650,#11539);
#9650=IFCAXIS2PLACEMENT3D(#9651,#9652,#9653);
#9651=IFCCARTESIANPOINT((0.,0.,0.));
#9652=IFCDIRECTION((0.,0.,1.));
#9653=IFCDIRECTION((1.,0.,0.));
#9657=IFCREPRESENTATIONMAP(#9658,#11582);
#9658=IFCAXIS2PLACEMENT3D(#9659,#9660,#9661);
#9659=IFCCARTESIANPOINT((0.,0.,0.));
#9660=IFCDIRECTION((0.,0.,1.));
#9661=IFCDIRECTION((1.,0.,0.));
#9705=IFCREPRESENTATIONMAP(#9706,#11605);
#9706=IFCAXIS2PLACEMENT3D(#9707,#9708,#9709);
#9707=IFCCARTESIANPOINT((0.,0.,0.));
#9708=IFCDIRECTION((0.,0.,1.));
#9709=IFCDIRECTION((1.,0.,0.));
#9727=IFCWINDOW('3Rf55WcUP3wBAOxKbM29om',$,'Window',$,$,#12587,#9736,$,0.89999997615814209,0.80139946937561035,$,.SINGLE_PANEL.,$);
#9728=IFCRELDEFINESBYTYPE('2_cLGa18DB68A$kVOZcya2',$,$,$,(#9727),#9646);
#9729=IFCCARTESIANPOINT((0.,0.,0.));
#9730=IFCDIRECTION((1.,0.,0.));
#9731=IFCDIRECTION((0.,1.,0.));
#9732=IFCDIRECTION((0.,0.,1.));
#9733=IFCCARTESIANTRANSFORMATIONOPERATOR3D(#9730,#9731,#9729,1.,#9732);
#9734=IFCMAPPEDITEM(#9649,#9733);
#9735=IFCSHAPEREPRESENTATION(#18,'Profile','MappedRepresentation',(#9734));
#9736=IFCPRODUCTDEFINITIONSHAPE($,$,(#9735,#9743,#9750));
#9737=IFCCARTESIANPOINT((0.,0.,0.));
#9738=IFCDIRECTION((1.,0.,0.));
#9739=IFCDIRECTION((0.,1.,0.));
#9740=IFCDIRECTION((0.,0.,1.));
#9741=IFCCARTESIANTRANSFORMATIONOPERATOR3D(#9738,#9739,#9737,1.,#9740);
#9742=IFCMAPPEDITEM(#9657,#9741);
#9743=IFCSHAPEREPRESENTATION(#11,'Body','MappedRepresentation',(#9742));
#9744=IFCCARTESIANPOINT((0.,0.,0.));
#9745=IFCDIRECTION((1.,0.,0.));
#9746=IFCDIRECTION((0.,1.,0.));
#9747=IFCDIRECTION((0.,0.,1.));
#9748=IFCCARTESIANTRANSFORMATIONOPERATOR3D(#9745,#9746,#9744,1.,#9747);
#9749=IFCMAPPEDITEM(#9705,#9748);
#9750=IFCSHAPEREPRESENTATION(#24,'Body','MappedRepresentation',(#9749));
#9751=IFCOPENINGELEMENT('3grISVlE11IeBVxZH1TffR',$,'Opening',$,$,#12329,#9779,$,.OPENING.);
#9767=IFCCARTESIANPOINT((0.,0.,0.));
#9768=IFCDIRECTION((1.,0.,0.));
#9769=IFCDIRECTION((0.,0.,1.));
#9770=IFCAXIS2PLACEMENT3D(#9767,#9769,#9768);
#9771=IFCREPRESENTATIONMAP(#9770,#11615);
#9772=IFCCARTESIANPOINT((0.,0.,0.));
#9773=IFCDIRECTION((1.,0.,0.));
#9774=IFCDIRECTION((0.,1.,0.));
#9775=IFCDIRECTION((0.,0.,1.));
#9776=IFCCARTESIANTRANSFORMATIONOPERATOR3D(#9773,#9774,#9772,1.,#9775);
#9777=IFCMAPPEDITEM(#9771,#9776);
#9778=IFCSHAPEREPRESENTATION(#11,'Body','MappedRepresentation',(#9777));
#9779=IFCPRODUCTDEFINITIONSHAPE($,$,(#9778));
#9780=IFCRELVOIDSELEMENT('2NfXcE8Sf1J8i5p18Y3bEs',$,$,$,#6589,#9751);
#9786=IFCRELFILLSELEMENT('3HVN4NJRDBe82WhphF$a0H',$,$,$,#9751,#9727);
#9792=IFCWINDOWTYPE('2PZkmZhuH0Sf9CQ8DLna8v',$,'Bedroom 2 - 2F',$,$,(#9793),(#9795,#9803,#9851),$,$,.WINDOW.,.SINGLE_PANEL.,$,$);
#9793=IFCPROPERTYSET('02NfD0n_z6Qe2ECi29uFjx',$,'BBIM_Window',$,(#9794));
#9794=IFCPROPERTYSINGLEVALUE('Data',$,IFCTEXT('{"window_type": "DOUBLE_PANEL_VERTICAL", "overall_height": 0.8999999761581421, "overall_width": 1.2041174173355103, "lining_properties": {"lining_depth": 0.05000000074505806, "lining_thickness": 0.05000000074505806, "lining_offset": 0.05000000074505806, "lining_to_panel_offset_x": 0.02500000037252903, "lining_to_panel_offset_y": 0.02500000037252903, "mullion_thickness": 0.05000000074505806, "first_mullion_offset": 0.6253097653388977}, "panel_properties": {"frame_depth": [0.03500000014901161, 0.03500000014901161, 0.03500000014901161], "frame_thickness": [0.03500000014901161, 0.03500000014901161, 0.03500000014901161]}}'),$);
#9795=IFCREPRESENTATIONMAP(#9796,#12417);
#9796=IFCAXIS2PLACEMENT3D(#9797,#9798,#9799);
#9797=IFCCARTESIANPOINT((0.,0.,0.));
#9798=IFCDIRECTION((0.,0.,1.));
#9799=IFCDIRECTION((1.,0.,0.));
#9803=IFCREPRESENTATIONMAP(#9804,#12498);
#9804=IFCAXIS2PLACEMENT3D(#9805,#9806,#9807);
#9805=IFCCARTESIANPOINT((0.,0.,0.));
#9806=IFCDIRECTION((0.,0.,1.));
#9807=IFCDIRECTION((1.,0.,0.));
#9851=IFCREPRESENTATIONMAP(#9852,#12537);
#9852=IFCAXIS2PLACEMENT3D(#9853,#9854,#9855);
#9853=IFCCARTESIANPOINT((0.,0.,0.));
#9854=IFCDIRECTION((0.,0.,1.));
#9855=IFCDIRECTION((1.,0.,0.));
#10085=IFCDOORTYPE('1FSkz5ten3vwy1M8$O9cGY',$,'Balcony 2 - 2F',$,$,(#10086),(#10088,#10096,#10165,#10177),$,$,.DOOR.,.SINGLE_SWING_LEFT.,$,$);
#10086=IFCPROPERTYSET('072yQv0KT5NOF21tvhk5e1',$,'BBIM_Door',$,(#10087));
#10087=IFCPROPERTYSINGLEVALUE('Data',$,IFCTEXT('{"door_type": "SLIDING_TO_RIGHT", "overall_height": 2.0, "overall_width": 2.0380823612213135, "lining_properties": {"lining_depth": 0.05000000074505806, "lining_thickness": 0.05000000074505806, "lining_offset": 0.0, "transom_thickness": 0.0, "casing_thickness": 0.07500000298023224, "casing_depth": 0.004999999888241291, "threshold_thickness": 0.02500000037252903, "threshold_depth": 0.10000000149011612, "threshold_offset": 0.0}, "panel_properties": {"panel_depth": 0.03500000014901161, "panel_width_ratio": 1.0}}'),$);
#10088=IFCREPRESENTATIONMAP(#10089,#11390);
#10089=IFCAXIS2PLACEMENT3D(#10090,#10091,#10092);
#10090=IFCCARTESIANPOINT((0.,0.,0.));
#10091=IFCDIRECTION((0.,0.,1.));
#10092=IFCDIRECTION((1.,0.,0.));
#10096=IFCREPRESENTATIONMAP(#10097,#11454);
#10097=IFCAXIS2PLACEMENT3D(#10098,#10099,#10100);
#10098=IFCCARTESIANPOINT((0.,0.,0.));
#10099=IFCDIRECTION((0.,0.,1.));
#10100=IFCDIRECTION((1.,0.,0.));
#10165=IFCREPRESENTATIONMAP(#10166,#11461);
#10166=IFCAXIS2PLACEMENT3D(#10167,#10168,#10169);
#10167=IFCCARTESIANPOINT((0.,0.,0.));
#10168=IFCDIRECTION((0.,0.,1.));
#10169=IFCDIRECTION((1.,0.,0.));
#10177=IFCREPRESENTATIONMAP(#10178,#11466);
#10178=IFCAXIS2PLACEMENT3D(#10179,#10180,#10181);
#10179=IFCCARTESIANPOINT((0.,0.,0.));
#10180=IFCDIRECTION((0.,0.,1.));
#10181=IFCDIRECTION((1.,0.,0.));
#10660=IFCBUILDINGSTOREY('1HjR3sVPX4QRPEKmjfimIM',$,'Roof',$,$,#12861,$,$,$,$);
#10682=IFCSLAB('0nhCvPmbb7ux0Eyn8vt1Lh',$,'Slab',$,$,#12866,#10697,$,$);
#10683=IFCRELCONTAINEDINSPATIALSTRUCTURE('3EesvIXo507vZBj_3oraIg',$,$,$,(#10682,#10705),#10660);
#10684=IFCMATERIALLAYERSETUSAGE(#2085,.AXIS3.,.POSITIVE.,-0.10000000149011612,$);
#10685=IFCRELASSOCIATESMATERIAL('35T0rT$ez4Sh53Uck6_d$y',$,$,$,(#10682),#10684);
#10691=IFCCARTESIANPOINTLIST2D(((0.,0.),(0.01586151123046875,9.6783237457275391),(-3.9472358226776123,9.6848182678222656),(-3.9488582611083984,8.6948204040527344),(-7.4957494735717773,8.7006311416625977),(-7.5074615478515625,1.5506422519683838),(-3.9507513046264648,1.5506426095962524),(-3.9507513046264648,0.94932675361633301),(-2.3775701522827148,0.94932699203491211),(-2.3775701522827148,-7.5101852416992188E-05),(0.,0.)));
#10692=IFCINDEXEDPOLYCURVE(#10691,$,$);
#10693=IFCDIRECTION((0.,0.,1.));
#10694=IFCARBITRARYCLOSEDPROFILEDEF(.AREA.,$,#10692);
#10695=IFCEXTRUDEDAREASOLID(#10694,#10704,#10693,0.10000000000000001);
#10696=IFCSHAPEREPRESENTATION(#11,'Body','SweptSolid',(#10695));
#10697=IFCPRODUCTDEFINITIONSHAPE($,$,(#10696));
#10698=IFCPROPERTYSET('0SUDoJTYHCnvyGsMARqNXK',$,'EPset_Parametric',$,(#10700));
#10699=IFCRELDEFINESBYPROPERTIES('24EznA4S5FmuvSR9MqPNM1',$,$,$,(#10682),#10698);
#10700=IFCPROPERTYSINGLEVALUE('Engine',$,IFCLABEL('Bonsai.DumbLayer3'),$);
#10701=IFCCARTESIANPOINT((-0.,-0.,-0.10000000149011612));
#10702=IFCDIRECTION((0.,0.,1.));
#10703=IFCDIRECTION((1.,0.,0.));
#10704=IFCAXIS2PLACEMENT3D(#10701,#10702,#10703);
#10705=IFCROOF('2qSoRsjTb6CfEdtPu$0ks2',$,'Roof',$,$,#12871,#10714,$,$);
#10706=IFCRELDEFINESBYTYPE('3zPbiqCSP70g4LaBAS_oIO',$,$,$,(#10705),#6219);
#10707=IFCCARTESIANPOINT((0.,0.,0.));
#10708=IFCDIRECTION((1.,0.,0.));
#10709=IFCDIRECTION((0.,1.,0.));
#10710=IFCDIRECTION((0.,0.,1.));
#10711=IFCCARTESIANTRANSFORMATIONOPERATOR3D(#10708,#10709,#10707,1.,#10710);
#10712=IFCMAPPEDITEM(#6249,#10711);
#10713=IFCSHAPEREPRESENTATION(#11,'Body','MappedRepresentation',(#10712));
#10714=IFCPRODUCTDEFINITIONSHAPE($,$,(#10713,#10721));
#10715=IFCCARTESIANPOINT((0.,0.,0.));
#10716=IFCDIRECTION((1.,0.,0.));
#10717=IFCDIRECTION((0.,1.,0.));
#10718=IFCDIRECTION((0.,0.,1.));
#10719=IFCCARTESIANTRANSFORMATIONOPERATOR3D(#10716,#10717,#10715,1.,#10718);
#10720=IFCMAPPEDITEM(#6277,#10719);
#10721=IFCSHAPEREPRESENTATION(#13,'Box','MappedRepresentation',(#10720));
#10866=IFCCARTESIANPOINTLIST2D(((0.,0.),(0.,2.),(0.86454582214355469,2.),(0.86454582214355469,0.),(0.81454582139849663,0.),(0.81454582139849663,1.9499999992549419),(0.05000000074505806,1.9499999992549419),(0.05000000074505806,0.)));
#10867=IFCINDEXEDPOLYCURVE(#10866,(IFCLINEINDEX((1,2,3,4,5,6,7,8,1))),$);
#10868=IFCARBITRARYCLOSEDPROFILEDEF(.AREA.,$,#10867);
#10869=IFCCARTESIANPOINT((0.,0.,0.));
#10870=IFCDIRECTION((0.,-1.,0.));
#10871=IFCDIRECTION((1.,0.,0.));
#10872=IFCAXIS2PLACEMENT3D(#10869,#10870,#10871);
#10873=IFCDIRECTION((0.,0.,-1.));
#10874=IFCEXTRUDEDAREASOLID(#10868,#10872,#10873,0.05000000074505806);
#10875=IFCCARTESIANPOINTLIST2D(((0.,0.),(0.76454582065343857,0.),(0.76454582065343857,0.10000000149011612),(0.,0.10000000149011612)));
#10876=IFCINDEXEDPOLYCURVE(#10875,(IFCLINEINDEX((1,2,3,4,1))),$);
#10877=IFCARBITRARYCLOSEDPROFILEDEF(.AREA.,$,#10876);
#10878=IFCCARTESIANPOINT((0.05000000074505806,0.,0.));
#10879=IFCDIRECTION((0.,0.,1.));
#10880=IFCDIRECTION((1.,0.,0.));
#10881=IFCAXIS2PLACEMENT3D(#10878,#10879,#10880);
#10882=IFCDIRECTION((0.,0.,1.));
#10883=IFCEXTRUDEDAREASOLID(#10877,#10881,#10882,0.02500000037252903);
#10884=IFCCARTESIANPOINTLIST2D(((0.,0.),(0.,2.0250000022351742),(0.91454582661390305,2.0250000022351742),(0.91454582661390305,0.),(0.83954582363367081,0.),(0.83954582363367081,1.9499999992549419),(0.075000002980232239,1.9499999992549419),(0.075000002980232239,0.)));
#10885=IFCINDEXEDPOLYCURVE(#10884,(IFCLINEINDEX((1,2,3,4,5,6,7,8,1))),$);
#10886=IFCARBITRARYCLOSEDPROFILEDEF(.AREA.,$,#10885);
#10887=IFCCARTESIANPOINT((-0.025000002235174179,-0.004999999888241291,0.));
#10888=IFCDIRECTION((0.,-1.,0.));
#10889=IFCDIRECTION((1.,0.,0.));
#10890=IFCAXIS2PLACEMENT3D(#10887,#10888,#10889);
#10891=IFCDIRECTION((0.,0.,-1.));
#10892=IFCEXTRUDEDAREASOLID(#10886,#10890,#10891,0.004999999888241291);
#10893=IFCCARTESIANPOINTLIST2D(((0.,0.),(0.,2.0250000022351742),(0.91454582661390305,2.0250000022351742),(0.91454582661390305,0.),(0.83954582363367081,0.),(0.83954582363367081,1.9499999992549419),(0.075000002980232239,1.9499999992549419),(0.075000002980232239,0.)));
#10894=IFCINDEXEDPOLYCURVE(#10893,(IFCLINEINDEX((1,2,3,4,5,6,7,8,1))),$);
#10895=IFCARBITRARYCLOSEDPROFILEDEF(.AREA.,$,#10894);
#10896=IFCCARTESIANPOINT((-0.025000002235174179,0.05000000074505806,0.));
#10897=IFCDIRECTION((0.,-1.,0.));
#10898=IFCDIRECTION((1.,0.,0.));
#10899=IFCAXIS2PLACEMENT3D(#10896,#10897,#10898);
#10900=IFCDIRECTION((0.,0.,-1.));
#10901=IFCEXTRUDEDAREASOLID(#10895,#10899,#10900,0.004999999888241291);
#10902=IFCCARTESIANPOINTLIST2D(((0.,0.),(0.76454582065343857,0.),(0.76454582065343857,0.035000000149011612),(0.,0.035000000149011612)));
#10903=IFCINDEXEDPOLYCURVE(#10902,(IFCLINEINDEX((1,2,3,4,1))),$);
#10904=IFCARBITRARYCLOSEDPROFILEDEF(.AREA.,$,#10903);
#10905=IFCCARTESIANPOINT((0.05000000074505806,-0.035000000149011612,0.02500000037252903));
#10906=IFCDIRECTION((0.,0.,1.));
#10907=IFCDIRECTION((1.,0.,0.));
#10908=IFCAXIS2PLACEMENT3D(#10905,#10906,#10907);
#10909=IFCDIRECTION((0.,0.,1.));
#10910=IFCEXTRUDEDAREASOLID(#10904,#10908,#10909,1.9249999988824129);
#10911=IFCCARTESIANPOINTLIST2D(((0.,0.),(0.,-0.040000000000000001),(0.12,-0.040000000000000001),(0.12,-0.02),(0.02,-0.02),(0.02,0.)));
#10912=IFCINDEXEDPOLYCURVE(#10911,(IFCLINEINDEX((1,2,3,4,5,6,1))),$);
#10913=IFCARBITRARYCLOSEDPROFILEDEF(.AREA.,$,#10912);
#10914=IFCCARTESIANPOINT((0.10000000074505806,-0.035000000149011612,1.015000000372529));
#10915=IFCDIRECTION((0.,0.,1.));
#10916=IFCDIRECTION((1.,0.,0.));
#10917=IFCAXIS2PLACEMENT3D(#10914,#10915,#10916);
#10918=IFCDIRECTION((0.,0.,1.));
#10919=IFCEXTRUDEDAREASOLID(#10913,#10917,#10918,0.02);
#10920=IFCEXTRUDEDAREASOLID(#10921,#10924,#10928,0.02);
#10921=IFCARBITRARYCLOSEDPROFILEDEF(.AREA.,$,#10922);
#10922=IFCINDEXEDPOLYCURVE(#10923,(IFCLINEINDEX((1,2,3,4,5,6,1))),$);
#10923=IFCCARTESIANPOINTLIST2D(((0.,0.),(0.,0.040000000000000008),(0.11999999999999998,0.040000000000000008),(0.11999999999999998,0.020000000000000004),(0.020000000000000004,0.020000000000000004),(0.020000000000000004,0.)));
#10924=IFCAXIS2PLACEMENT3D(#10925,#10926,#10927);
#10925=IFCCARTESIANPOINT((0.10000000074505806,0.,1.015000000372529));
#10926=IFCDIRECTION((0.,0.,1.));
#10927=IFCDIRECTION((1.,0.,0.));
#10928=IFCDIRECTION((0.,0.,1.));
#10930=IFCSHAPEREPRESENTATION(#11,'Body','SweptSolid',(#10901,#10883,#11025,#10874,#11016,#10892,#11034,#11043,#11052));
#10931=IFCSHAPEASPECT((#10930),'Lining',$,.T.,#8500);
#10932=IFCSHAPEREPRESENTATION(#11,'Body','SweptSolid',(#11070,#11071,#10919,#11061,#10920,#10910));
#10933=IFCSHAPEASPECT((#10932),'Framing',$,.T.,#8500);
#11005=IFCCARTESIANPOINTLIST3D(((0.,0.,0.),(0.89999997615814209,0.,0.),(0.89999997615814209,0.,2.),(0.,0.,2.)));
#11006=IFCINDEXEDPOLYCURVE(#11005,(IFCLINEINDEX((1,2,3,4,1))),$);
#11007=IFCSHAPEREPRESENTATION(#18,'Profile','Curve3D',(#11006));
#11008=IFCCARTESIANPOINTLIST2D(((0.,0.),(0.,2.),(0.89999997615814209,2.),(0.89999997615814209,0.),(0.87499997578561306,0.),(0.87499997578561306,1.974999999627471),(0.02500000037252903,1.974999999627471),(0.02500000037252903,0.)));
#11009=IFCINDEXEDPOLYCURVE(#11008,(IFCLINEINDEX((1,2,3,4,5,6,7,8,1))),$);
#11010=IFCARBITRARYCLOSEDPROFILEDEF(.AREA.,$,#11009);
#11011=IFCCARTESIANPOINT((0.,0.02500000037252903,0.));
#11012=IFCDIRECTION((0.,-1.,0.));
#11013=IFCDIRECTION((1.,0.,0.));
#11014=IFCAXIS2PLACEMENT3D(#11011,#11012,#11013);
#11015=IFCDIRECTION((0.,0.,-1.));
#11016=IFCEXTRUDEDAREASOLID(#11010,#11014,#11015,0.02500000037252903);
#11017=IFCCARTESIANPOINTLIST2D(((0.,0.),(0.,2.),(0.89999997615814209,2.),(0.89999997615814209,0.),(0.84999997541308403,0.),(0.84999997541308403,1.9499999992549419),(0.05000000074505806,1.9499999992549419),(0.05000000074505806,0.)));
#11018=IFCINDEXEDPOLYCURVE(#11017,(IFCLINEINDEX((1,2,3,4,5,6,7,8,1))),$);
#11019=IFCARBITRARYCLOSEDPROFILEDEF(.AREA.,$,#11018);
#11020=IFCCARTESIANPOINT((0.,0.,0.));
#11021=IFCDIRECTION((0.,-1.,0.));
#11022=IFCDIRECTION((1.,0.,0.));
#11023=IFCAXIS2PLACEMENT3D(#11020,#11021,#11022);
#11024=IFCDIRECTION((0.,0.,-1.));
#11025=IFCEXTRUDEDAREASOLID(#11019,#11023,#11024,0.02500000037252903);
#11026=IFCCARTESIANPOINTLIST2D(((0.,0.),(0.79999997466802597,0.),(0.79999997466802597,0.10000000149011612),(0.,0.10000000149011612)));
#11027=IFCINDEXEDPOLYCURVE(#11026,(IFCLINEINDEX((1,2,3,4,1))),$);
#11028=IFCARBITRARYCLOSEDPROFILEDEF(.AREA.,$,#11027);
#11029=IFCCARTESIANPOINT((0.05000000074505806,0.,0.));
#11030=IFCDIRECTION((0.,0.,1.));
#11031=IFCDIRECTION((1.,0.,0.));
#11032=IFCAXIS2PLACEMENT3D(#11029,#11030,#11031);
#11033=IFCDIRECTION((0.,0.,1.));
#11034=IFCEXTRUDEDAREASOLID(#11028,#11032,#11033,0.02500000037252903);
#11035=IFCCARTESIANPOINTLIST2D(((0.,0.),(0.,2.0250000022351742),(0.94999998062849045,2.0250000022351742),(0.94999998062849045,0.),(0.87499997764825821,0.),(0.87499997764825821,1.9499999992549419),(0.075000002980232239,1.9499999992549419),(0.075000002980232239,0.)));
#11036=IFCINDEXEDPOLYCURVE(#11035,(IFCLINEINDEX((1,2,3,4,5,6,7,8,1))),$);
#11037=IFCARBITRARYCLOSEDPROFILEDEF(.AREA.,$,#11036);
#11038=IFCCARTESIANPOINT((-0.025000002235174179,-0.004999999888241291,0.));
#11039=IFCDIRECTION((0.,-1.,0.));
#11040=IFCDIRECTION((1.,0.,0.));
#11041=IFCAXIS2PLACEMENT3D(#11038,#11039,#11040);
#11042=IFCDIRECTION((0.,0.,-1.));
#11043=IFCEXTRUDEDAREASOLID(#11037,#11041,#11042,0.004999999888241291);
#11044=IFCCARTESIANPOINTLIST2D(((0.,0.),(0.,2.0250000022351742),(0.94999998062849045,2.0250000022351742),(0.94999998062849045,0.),(0.89999997802078724,0.),(0.89999997802078724,1.974999999627471),(0.050000002607703209,1.974999999627471),(0.050000002607703209,0.)));
#11045=IFCINDEXEDPOLYCURVE(#11044,(IFCLINEINDEX((1,2,3,4,5,6,7,8,1))),$);
#11046=IFCARBITRARYCLOSEDPROFILEDEF(.AREA.,$,#11045);
#11047=IFCCARTESIANPOINT((-0.025000002235174179,0.05000000074505806,0.));
#11048=IFCDIRECTION((0.,-1.,0.));
#11049=IFCDIRECTION((1.,0.,0.));
#11050=IFCAXIS2PLACEMENT3D(#11047,#11048,#11049);
#11051=IFCDIRECTION((0.,0.,-1.));
#11052=IFCEXTRUDEDAREASOLID(#11046,#11050,#11051,0.004999999888241291);
#11053=IFCCARTESIANPOINTLIST2D(((0.,0.),(0.84999997541308403,0.),(0.84999997541308403,0.035000000149011612),(0.,0.035000000149011612)));
#11054=IFCINDEXEDPOLYCURVE(#11053,(IFCLINEINDEX((1,2,3,4,1))),$);
#11055=IFCARBITRARYCLOSEDPROFILEDEF(.AREA.,$,#11054);
#11056=IFCCARTESIANPOINT((0.02500000037252903,0.02500000037252903,0.02500000037252903));
#11057=IFCDIRECTION((0.,0.,1.));
#11058=IFCDIRECTION((1.,0.,0.));
#11059=IFCAXIS2PLACEMENT3D(#11056,#11057,#11058);
#11060=IFCDIRECTION((0.,0.,1.));
#11061=IFCEXTRUDEDAREASOLID(#11055,#11059,#11060,1.9499999992549419);
#11062=IFCCARTESIANPOINTLIST2D(((0.,0.),(0.,-0.040000000000000001),(0.12,-0.040000000000000001),(0.12,-0.02),(0.02,-0.02),(0.02,0.)));
#11063=IFCINDEXEDPOLYCURVE(#11062,(IFCLINEINDEX((1,2,3,4,5,6,1))),$);
#11064=IFCARBITRARYCLOSEDPROFILEDEF(.AREA.,$,#11063);
#11065=IFCCARTESIANPOINT((0.075000000372529033,0.02500000037252903,1.015000000372529));
#11066=IFCDIRECTION((0.,0.,1.));
#11067=IFCDIRECTION((1.,0.,0.));
#11068=IFCAXIS2PLACEMENT3D(#11065,#11066,#11067);
#11069=IFCDIRECTION((0.,0.,1.));
#11070=IFCEXTRUDEDAREASOLID(#11064,#11068,#11069,0.02);
#11071=IFCEXTRUDEDAREASOLID(#11072,#11075,#11079,0.02);
#11072=IFCARBITRARYCLOSEDPROFILEDEF(.AREA.,$,#11073);
#11073=IFCINDEXEDPOLYCURVE(#11074,(IFCLINEINDEX((1,2,3,4,5,6,1))),$);
#11074=IFCCARTESIANPOINTLIST2D(((0.,0.),(0.,0.040000000000000008),(0.11999999999999998,0.040000000000000008),(0.11999999999999998,0.020000000000000004),(0.020000000000000004,0.020000000000000004),(0.020000000000000004,0.)));
#11075=IFCAXIS2PLACEMENT3D(#11076,#11077,#11078);
#11076=IFCCARTESIANPOINT((0.075000000372529033,0.060000000521540642,1.015000000372529));
#11077=IFCDIRECTION((0.,0.,1.));
#11078=IFCDIRECTION((1.,0.,0.));
#11079=IFCDIRECTION((0.,0.,1.));
#11080=IFCSHAPEREPRESENTATION(#11,'Body','SweptSolid',(#11016,#11025,#11061,#11070,#11071,#11034,#11043,#11052));
#11081=IFCCARTESIANPOINTLIST2D(((0.,0.),(0.,0.05000000074505806),(0.02500000037252903,0.05000000074505806),(0.02500000037252903,0.02500000037252903),(0.05000000074505806,0.02500000037252903),(0.05000000074505806,0.)));
#11082=IFCINDEXEDPOLYCURVE(#11081,(IFCLINEINDEX((1,2,3,4,5,6,1))),$);
#11083=IFCINDEXEDPOLYCURVE(#11084,(IFCLINEINDEX((1,2,3,4,5,6,1))),$);
#11084=IFCCARTESIANPOINTLIST2D(((0.89999997615814209,0.),(0.89999997615814209,0.05000000074505806),(0.87499997578561306,0.05000000074505806),(0.87499997578561306,0.02500000037252903),(0.84999997541308403,0.02500000037252903),(0.84999997541308403,0.)));
#11085=IFCDIRECTION((1.,0.));
#11086=IFCCARTESIANPOINT((0.83999997563660145,0.05000000074505806));
#11087=IFCAXIS2PLACEMENT2D(#11086,#11085);
#11088=IFCELLIPSE(#11087,0.81499997526407242,0.84999997541308403);
#11089=IFCCARTESIANPOINT((0.83999997563660145,0.89999997615814209));
#11090=IFCCARTESIANPOINT((0.02500000037252903,0.05000000074505806));
#11091=IFCTRIMMEDCURVE(#11088,(#11089),(#11090),.T.,.CARTESIAN.);
#11092=IFCCARTESIANPOINTLIST2D(((0.87499997578561306,0.05000000074505806),(0.83999997563660145,0.05000000074505806),(0.83999997563660145,0.89999997615814209),(0.87499997578561306,0.89999997615814209)));
#11093=IFCINDEXEDPOLYCURVE(#11092,(IFCLINEINDEX((1,2,3,4,1))),$);
#11094=IFCSHAPEREPRESENTATION(#24,'Body','Curve2D',(#11082,#11083,#11091,#11093));
#11096=IFCCARTESIANPOINTLIST2D(((0.,0.),(0.89999997615814209,0.),(0.89999997615814209,2.),(0.,2.)));
#11097=IFCINDEXEDPOLYCURVE(#11096,(IFCLINEINDEX((1,2,3,4,1))),$);
#11098=IFCARBITRARYCLOSEDPROFILEDEF(.AREA.,$,#11097);
#11099=IFCCARTESIANPOINT((0.,-0.60000002384185791,0.));
#11100=IFCDIRECTION((0.,-1.,0.));
#11101=IFCDIRECTION((1.,0.,0.));
#11102=IFCAXIS2PLACEMENT3D(#11099,#11100,#11101);
#11103=IFCDIRECTION((0.,0.,-1.));
#11104=IFCEXTRUDEDAREASOLID(#11098,#11102,#11103,1.2);
#11105=IFCSHAPEREPRESENTATION(#11,'Body','SweptSolid',(#11104));
#11126=IFCCARTESIANPOINT((0.94914114038135899,0.1000001293059144,0.));
#11127=IFCDIRECTION((0.,0.,1.));
#11128=IFCDIRECTION((-0.99999999999998868,1.5099579542265627E-07,0.));
#11129=IFCAXIS2PLACEMENT3D(#11126,#11127,#11128);
#11130=IFCLOCALPLACEMENT(#12856,#11129);
#11131=IFCCARTESIANPOINT((0.,0.,0.));
#11132=IFCDIRECTION((0.,0.,1.));
#11133=IFCDIRECTION((0.99999999999999978,2.6469779601696886E-23,0.));
#11134=IFCAXIS2PLACEMENT3D(#11131,#11132,#11133);
#11135=IFCLOCALPLACEMENT(#11130,#11134);
#11208=IFCDOOR('3imgvn7sf68AJEnGNcYLSj',$,'Door',$,$,#11491,#11217,$,2.,2.0380823612213135,$,.SLIDING_TO_RIGHT.,$);
#11209=IFCRELDEFINESBYTYPE('0x8PadEun5oxGV6x83rWS6',$,$,$,(#11208),#10085);
#11210=IFCCARTESIANPOINT((0.,0.,0.));
#11211=IFCDIRECTION((1.,0.,0.));
#11212=IFCDIRECTION((0.,1.,0.));
#11213=IFCDIRECTION((0.,0.,1.));
#11214=IFCCARTESIANTRANSFORMATIONOPERATOR3D(#11211,#11212,#11210,1.,#11213);
#11215=IFCMAPPEDITEM(#10088,#11214);
#11216=IFCSHAPEREPRESENTATION(#18,'Profile','MappedRepresentation',(#11215));
#11217=IFCPRODUCTDEFINITIONSHAPE($,$,(#11216,#11224,#11231,#11238));
#11218=IFCCARTESIANPOINT((0.,0.,0.));
#11219=IFCDIRECTION((1.,0.,0.));
#11220=IFCDIRECTION((0.,1.,0.));
#11221=IFCDIRECTION((0.,0.,1.));
#11222=IFCCARTESIANTRANSFORMATIONOPERATOR3D(#11219,#11220,#11218,1.,#11221);
#11223=IFCMAPPEDITEM(#10096,#11222);
#11224=IFCSHAPEREPRESENTATION(#11,'Body','MappedRepresentation',(#11223));
#11225=IFCCARTESIANPOINT((0.,0.,0.));
#11226=IFCDIRECTION((1.,0.,0.));
#11227=IFCDIRECTION((0.,1.,0.));
#11228=IFCDIRECTION((0.,0.,1.));
#11229=IFCCARTESIANTRANSFORMATIONOPERATOR3D(#11226,#11227,#11225,1.,#11228);
#11230=IFCMAPPEDITEM(#10165,#11229);
#11231=IFCSHAPEREPRESENTATION(#24,'Body','MappedRepresentation',(#11230));
#11232=IFCCARTESIANPOINT((0.,0.,0.));
#11233=IFCDIRECTION((1.,0.,0.));
#11234=IFCDIRECTION((0.,1.,0.));
#11235=IFCDIRECTION((0.,0.,1.));
#11236=IFCCARTESIANTRANSFORMATIONOPERATOR3D(#11233,#11234,#11232,1.,#11235);
#11237=IFCMAPPEDITEM(#10177,#11236);
#11238=IFCSHAPEREPRESENTATION(#25,'Annotation','MappedRepresentation',(#11237));
#11239=IFCOPENINGELEMENT('3wmrPve7TBRfDDsoQClvxu',$,'Opening',$,$,#11486,#11267,$,.OPENING.);
#11255=IFCCARTESIANPOINT((0.,0.,0.));
#11256=IFCDIRECTION((1.,0.,0.));
#11257=IFCDIRECTION((0.,0.,1.));
#11258=IFCAXIS2PLACEMENT3D(#11255,#11257,#11256);
#11259=IFCREPRESENTATIONMAP(#11258,#11476);
#11260=IFCCARTESIANPOINT((0.,0.,0.));
#11261=IFCDIRECTION((1.,0.,0.));
#11262=IFCDIRECTION((0.,1.,0.));
#11263=IFCDIRECTION((0.,0.,1.));
#11264=IFCCARTESIANTRANSFORMATIONOPERATOR3D(#11261,#11262,#11260,1.,#11263);
#11265=IFCMAPPEDITEM(#11259,#11264);
#11266=IFCSHAPEREPRESENTATION(#11,'Body','MappedRepresentation',(#11265));
#11267=IFCPRODUCTDEFINITIONSHAPE($,$,(#11266));
#11268=IFCRELVOIDSELEMENT('20m7Plzz57VReJUXEY1fJg',$,$,$,#6614,#11239);
#11274=IFCRELFILLSELEMENT('1lVBsKUo5FvOf42qett1JX',$,$,$,#11239,#11208);
#11283=IFCCARTESIANPOINTLIST2D(((0.,0.),(0.,2.),(2.0380823612213135,2.),(2.0380823612213135,0.),(1.9880823604762554,0.),(1.9880823604762554,1.9499999992549419),(0.05000000074505806,1.9499999992549419),(0.05000000074505806,0.)));
#11284=IFCINDEXEDPOLYCURVE(#11283,(IFCLINEINDEX((1,2,3,4,5,6,7,8,1))),$);
#11285=IFCARBITRARYCLOSEDPROFILEDEF(.AREA.,$,#11284);
#11286=IFCCARTESIANPOINT((0.,0.,0.));
#11287=IFCDIRECTION((0.,-1.,0.));
#11288=IFCDIRECTION((1.,0.,0.));
#11289=IFCAXIS2PLACEMENT3D(#11286,#11287,#11288);
#11290=IFCDIRECTION((0.,0.,-1.));
#11291=IFCEXTRUDEDAREASOLID(#11285,#11289,#11290,0.05000000074505806);
#11292=IFCCARTESIANPOINTLIST2D(((0.,0.),(1.9380823597311974,0.),(1.9380823597311974,0.10000000149011612),(0.,0.10000000149011612)));
#11293=IFCINDEXEDPOLYCURVE(#11292,(IFCLINEINDEX((1,2,3,4,1))),$);
#11294=IFCARBITRARYCLOSEDPROFILEDEF(.AREA.,$,#11293);
#11295=IFCCARTESIANPOINT((0.05000000074505806,0.,0.));
#11296=IFCDIRECTION((0.,0.,1.));
#11297=IFCDIRECTION((1.,0.,0.));
#11298=IFCAXIS2PLACEMENT3D(#11295,#11296,#11297);
#11299=IFCDIRECTION((0.,0.,1.));
#11300=IFCEXTRUDEDAREASOLID(#11294,#11298,#11299,0.02500000037252903);
#11301=IFCCARTESIANPOINTLIST2D(((0.,0.),(0.,2.0250000022351742),(2.0880823656916618,2.0250000022351742),(2.0880823656916618,0.),(2.0130823627114296,0.),(2.0130823627114296,1.9499999992549419),(0.075000002980232239,1.9499999992549419),(0.075000002980232239,0.)));
#11302=IFCINDEXEDPOLYCURVE(#11301,(IFCLINEINDEX((1,2,3,4,5,6,7,8,1))),$);
#11303=IFCARBITRARYCLOSEDPROFILEDEF(.AREA.,$,#11302);
#11304=IFCCARTESIANPOINT((-0.025000002235174179,-0.004999999888241291,0.));
#11305=IFCDIRECTION((0.,-1.,0.));
#11306=IFCDIRECTION((1.,0.,0.));
#11307=IFCAXIS2PLACEMENT3D(#11304,#11305,#11306);
#11308=IFCDIRECTION((0.,0.,-1.));
#11309=IFCEXTRUDEDAREASOLID(#11303,#11307,#11308,0.004999999888241291);
#11310=IFCCARTESIANPOINTLIST2D(((0.,0.),(0.,2.0250000022351742),(2.0880823656916618,2.0250000022351742),(2.0880823656916618,0.),(2.0130823627114296,0.),(2.0130823627114296,1.9499999992549419),(0.075000002980232239,1.9499999992549419),(0.075000002980232239,0.)));
#11311=IFCINDEXEDPOLYCURVE(#11310,(IFCLINEINDEX((1,2,3,4,5,6,7,8,1))),$);
#11312=IFCARBITRARYCLOSEDPROFILEDEF(.AREA.,$,#11311);
#11313=IFCCARTESIANPOINT((-0.025000002235174179,0.05000000074505806,0.));
#11314=IFCDIRECTION((0.,-1.,0.));
#11315=IFCDIRECTION((1.,0.,0.));
#11316=IFCAXIS2PLACEMENT3D(#11313,#11314,#11315);
#11317=IFCDIRECTION((0.,0.,-1.));
#11318=IFCEXTRUDEDAREASOLID(#11312,#11316,#11317,0.004999999888241291);
#11319=IFCCARTESIANPOINTLIST2D(((0.,0.),(1.9380823597311974,0.),(1.9380823597311974,0.035000000149011612),(0.,0.035000000149011612)));
#11320=IFCINDEXEDPOLYCURVE(#11319,(IFCLINEINDEX((1,2,3,4,1))),$);
#11321=IFCARBITRARYCLOSEDPROFILEDEF(.AREA.,$,#11320);
#11322=IFCCARTESIANPOINT((0.05000000074505806,-0.035000000149011612,0.02500000037252903));
#11323=IFCDIRECTION((0.,0.,1.));
#11324=IFCDIRECTION((1.,0.,0.));
#11325=IFCAXIS2PLACEMENT3D(#11322,#11323,#11324);
#11326=IFCDIRECTION((0.,0.,1.));
#11327=IFCEXTRUDEDAREASOLID(#11321,#11325,#11326,1.9249999988824129);
#11328=IFCCARTESIANPOINTLIST2D(((0.,0.),(0.,-0.040000000000000001),(0.12,-0.040000000000000001),(0.12,-0.02),(0.02,-0.02),(0.02,0.)));
#11329=IFCINDEXEDPOLYCURVE(#11328,(IFCLINEINDEX((1,2,3,4,5,6,1))),$);
#11330=IFCARBITRARYCLOSEDPROFILEDEF(.AREA.,$,#11329);
#11331=IFCCARTESIANPOINT((0.10000000074505806,-0.035000000149011612,1.015000000372529));
#11332=IFCDIRECTION((0.,0.,1.));
#11333=IFCDIRECTION((1.,0.,0.));
#11334=IFCAXIS2PLACEMENT3D(#11331,#11332,#11333);
#11335=IFCDIRECTION((0.,0.,1.));
#11336=IFCEXTRUDEDAREASOLID(#11330,#11334,#11335,0.02);
#11337=IFCEXTRUDEDAREASOLID(#11338,#11341,#11345,0.02);
#11338=IFCARBITRARYCLOSEDPROFILEDEF(.AREA.,$,#11339);
#11339=IFCINDEXEDPOLYCURVE(#11340,(IFCLINEINDEX((1,2,3,4,5,6,1))),$);
#11340=IFCCARTESIANPOINTLIST2D(((0.,0.),(0.,0.040000000000000008),(0.11999999999999998,0.040000000000000008),(0.11999999999999998,0.020000000000000004),(0.020000000000000004,0.020000000000000004),(0.020000000000000004,0.)));
#11341=IFCAXIS2PLACEMENT3D(#11342,#11343,#11344);
#11342=IFCCARTESIANPOINT((0.10000000074505806,0.,1.015000000372529));
#11343=IFCDIRECTION((0.,0.,1.));
#11344=IFCDIRECTION((1.,0.,0.));
#11345=IFCDIRECTION((0.,0.,1.));
#11347=IFCSHAPEREPRESENTATION(#11,'Body','SweptSolid',(#11309,#11426,#11399,#11300,#11417,#11291,#11408,#11318));
#11348=IFCSHAPEASPECT((#11347),'Lining',$,.T.,#11217);
#11349=IFCSHAPEREPRESENTATION(#11,'Body','SweptSolid',(#11444,#11336,#11445,#11337,#11327,#11435));
#11350=IFCSHAPEASPECT((#11349),'Framing',$,.T.,#11217);
#11388=IFCCARTESIANPOINTLIST3D(((0.,0.,0.),(2.0380823612213135,0.,0.),(2.0380823612213135,0.,2.),(0.,0.,2.)));
#11389=IFCINDEXEDPOLYCURVE(#11388,(IFCLINEINDEX((1,2,3,4,1))),$);
#11390=IFCSHAPEREPRESENTATION(#18,'Profile','Curve3D',(#11389));
#11391=IFCCARTESIANPOINTLIST2D(((0.,0.),(0.,2.),(2.0380823612213135,2.),(2.0380823612213135,0.),(1.9880823604762554,0.),(1.9880823604762554,1.9499999992549419),(0.05000000074505806,1.9499999992549419),(0.05000000074505806,0.)));
#11392=IFCINDEXEDPOLYCURVE(#11391,(IFCLINEINDEX((1,2,3,4,5,6,7,8,1))),$);
#11393=IFCARBITRARYCLOSEDPROFILEDEF(.AREA.,$,#11392);
#11394=IFCCARTESIANPOINT((0.,0.,0.));
#11395=IFCDIRECTION((0.,-1.,0.));
#11396=IFCDIRECTION((1.,0.,0.));
#11397=IFCAXIS2PLACEMENT3D(#11394,#11395,#11396);
#11398=IFCDIRECTION((0.,0.,-1.));
#11399=IFCEXTRUDEDAREASOLID(#11393,#11397,#11398,0.05000000074505806);
#11400=IFCCARTESIANPOINTLIST2D(((0.,0.),(1.9380823597311974,0.),(1.9380823597311974,0.10000000149011612),(0.,0.10000000149011612)));
#11401=IFCINDEXEDPOLYCURVE(#11400,(IFCLINEINDEX((1,2,3,4,1))),$);
#11402=IFCARBITRARYCLOSEDPROFILEDEF(.AREA.,$,#11401);
#11403=IFCCARTESIANPOINT((0.05000000074505806,0.,0.));
#11404=IFCDIRECTION((0.,0.,1.));
#11405=IFCDIRECTION((1.,0.,0.));
#11406=IFCAXIS2PLACEMENT3D(#11403,#11404,#11405);
#11407=IFCDIRECTION((0.,0.,1.));
#11408=IFCEXTRUDEDAREASOLID(#11402,#11406,#11407,0.02500000037252903);
#11409=IFCCARTESIANPOINTLIST2D(((0.,0.),(0.,2.0250000022351742),(2.0880823656916618,2.0250000022351742),(2.0880823656916618,0.),(2.0130823627114296,0.),(2.0130823627114296,1.9499999992549419),(0.075000002980232239,1.9499999992549419),(0.075000002980232239,0.)));
#11410=IFCINDEXEDPOLYCURVE(#11409,(IFCLINEINDEX((1,2,3,4,5,6,7,8,1))),$);
#11411=IFCARBITRARYCLOSEDPROFILEDEF(.AREA.,$,#11410);
#11412=IFCCARTESIANPOINT((-0.025000002235174179,-0.004999999888241291,0.));
#11413=IFCDIRECTION((0.,-1.,0.));
#11414=IFCDIRECTION((1.,0.,0.));
#11415=IFCAXIS2PLACEMENT3D(#11412,#11413,#11414);
#11416=IFCDIRECTION((0.,0.,-1.));
#11417=IFCEXTRUDEDAREASOLID(#11411,#11415,#11416,0.004999999888241291);
#11418=IFCCARTESIANPOINTLIST2D(((0.,0.),(0.,2.0250000022351742),(2.0880823656916618,2.0250000022351742),(2.0880823656916618,0.),(2.0130823627114296,0.),(2.0130823627114296,1.9499999992549419),(0.075000002980232239,1.9499999992549419),(0.075000002980232239,0.)));
#11419=IFCINDEXEDPOLYCURVE(#11418,(IFCLINEINDEX((1,2,3,4,5,6,7,8,1))),$);
#11420=IFCARBITRARYCLOSEDPROFILEDEF(.AREA.,$,#11419);
#11421=IFCCARTESIANPOINT((-0.025000002235174179,0.05000000074505806,0.));
#11422=IFCDIRECTION((0.,-1.,0.));
#11423=IFCDIRECTION((1.,0.,0.));
#11424=IFCAXIS2PLACEMENT3D(#11421,#11422,#11423);
#11425=IFCDIRECTION((0.,0.,-1.));
#11426=IFCEXTRUDEDAREASOLID(#11420,#11424,#11425,0.004999999888241291);
#11427=IFCCARTESIANPOINTLIST2D(((0.,0.),(1.9380823597311974,0.),(1.9380823597311974,0.035000000149011612),(0.,0.035000000149011612)));
#11428=IFCINDEXEDPOLYCURVE(#11427,(IFCLINEINDEX((1,2,3,4,1))),$);
#11429=IFCARBITRARYCLOSEDPROFILEDEF(.AREA.,$,#11428);
#11430=IFCCARTESIANPOINT((0.05000000074505806,-0.035000000149011612,0.02500000037252903));
#11431=IFCDIRECTION((0.,0.,1.));
#11432=IFCDIRECTION((1.,0.,0.));
#11433=IFCAXIS2PLACEMENT3D(#11430,#11431,#11432);
#11434=IFCDIRECTION((0.,0.,1.));
#11435=IFCEXTRUDEDAREASOLID(#11429,#11433,#11434,1.9249999988824129);
#11436=IFCCARTESIANPOINTLIST2D(((0.,0.),(0.,-0.040000000000000001),(0.12,-0.040000000000000001),(0.12,-0.02),(0.02,-0.02),(0.02,0.)));
#11437=IFCINDEXEDPOLYCURVE(#11436,(IFCLINEINDEX((1,2,3,4,5,6,1))),$);
#11438=IFCARBITRARYCLOSEDPROFILEDEF(.AREA.,$,#11437);
#11439=IFCCARTESIANPOINT((0.10000000074505806,-0.035000000149011612,1.015000000372529));
#11440=IFCDIRECTION((0.,0.,1.));
#11441=IFCDIRECTION((1.,0.,0.));
#11442=IFCAXIS2PLACEMENT3D(#11439,#11440,#11441);
#11443=IFCDIRECTION((0.,0.,1.));
#11444=IFCEXTRUDEDAREASOLID(#11438,#11442,#11443,0.02);
#11445=IFCEXTRUDEDAREASOLID(#11446,#11449,#11453,0.02);
#11446=IFCARBITRARYCLOSEDPROFILEDEF(.AREA.,$,#11447);
#11447=IFCINDEXEDPOLYCURVE(#11448,(IFCLINEINDEX((1,2,3,4,5,6,1))),$);
#11448=IFCCARTESIANPOINTLIST2D(((0.,0.),(0.,0.040000000000000008),(0.11999999999999998,0.040000000000000008),(0.11999999999999998,0.020000000000000004),(0.020000000000000004,0.020000000000000004),(0.020000000000000004,0.)));
#11449=IFCAXIS2PLACEMENT3D(#11450,#11451,#11452);
#11450=IFCCARTESIANPOINT((0.10000000074505806,0.,1.015000000372529));
#11451=IFCDIRECTION((0.,0.,1.));
#11452=IFCDIRECTION((1.,0.,0.));
#11453=IFCDIRECTION((0.,0.,1.));
#11454=IFCSHAPEREPRESENTATION(#11,'Body','SweptSolid',(#11399,#11435,#11444,#11445,#11408,#11417,#11426));
#11455=IFCCARTESIANPOINTLIST2D(((0.,0.),(0.05000000074505806,0.),(0.05000000074505806,0.05000000074505806),(0.,0.05000000074505806)));
#11456=IFCINDEXEDPOLYCURVE(#11455,(IFCLINEINDEX((1,2,3,4,1))),$);
#11457=IFCINDEXEDPOLYCURVE(#11458,(IFCLINEINDEX((1,2,3,4,1))),$);
#11458=IFCCARTESIANPOINTLIST2D(((2.0380823612213135,0.),(1.9880823604762554,0.),(1.9880823604762554,0.05000000074505806),(2.0380823612213135,0.05000000074505806)));
#11459=IFCCARTESIANPOINTLIST2D(((2.9571235403418541,-0.035000000149011612),(1.0190411806106567,-0.035000000149011612),(1.0190411806106567,0.),(2.9571235403418541,0.)));
#11460=IFCINDEXEDPOLYCURVE(#11459,(IFCLINEINDEX((1,2,3,4,1))),$);
#11461=IFCSHAPEREPRESENTATION(#24,'Body','Curve2D',(#11456,#11457,#11460));
#11462=IFCCARTESIANPOINTLIST2D(((0.72832882665097709,-0.081587428267465345),(1.3097535345703364,-0.081587428267465345)));
#11463=IFCINDEXEDPOLYCURVE(#11462,$,$);
#11464=IFCCARTESIANPOINTLIST2D(((0.75832882665097712,-0.050529142855162856),(0.72832882665097709,-0.081587428267465345),(0.75832882665097712,-0.11264571367976783)));
#11465=IFCINDEXEDPOLYCURVE(#11464,$,$);
#11466=IFCSHAPEREPRESENTATION(#25,'Annotation','Curve2D',(#11463,#11465));
#11467=IFCCARTESIANPOINTLIST2D(((0.,0.),(2.0380823612213135,0.),(2.0380823612213135,2.),(0.,2.)));
#11468=IFCINDEXEDPOLYCURVE(#11467,(IFCLINEINDEX((1,2,3,4,1))),$);
#11469=IFCARBITRARYCLOSEDPROFILEDEF(.AREA.,$,#11468);
#11470=IFCCARTESIANPOINT((0.,-0.60000002384185791,0.));
#11471=IFCDIRECTION((0.,-1.,0.));
#11472=IFCDIRECTION((1.,0.,0.));
#11473=IFCAXIS2PLACEMENT3D(#11470,#11471,#11472);
#11474=IFCDIRECTION((0.,0.,-1.));
#11475=IFCEXTRUDEDAREASOLID(#11469,#11473,#11474,1.2);
#11476=IFCSHAPEREPRESENTATION(#11,'Body','SweptSolid',(#11475));
#11482=IFCCARTESIANPOINT((3.3755018561978827,0.10000002384185791,0.));
#11483=IFCDIRECTION((0.,0.,1.));
#11484=IFCDIRECTION((-0.99999999999998868,1.5099580252808492E-07,0.));
#11485=IFCAXIS2PLACEMENT3D(#11482,#11483,#11484);
#11486=IFCLOCALPLACEMENT(#12801,#11485);
#11487=IFCCARTESIANPOINT((0.,0.,0.));
#11488=IFCDIRECTION((0.,0.,1.));
#11489=IFCDIRECTION((1.,0.,0.));
#11490=IFCAXIS2PLACEMENT3D(#11487,#11488,#11489);
#11491=IFCLOCALPLACEMENT(#11486,#11490);
#11497=IFCCARTESIANPOINT((0.47624652565596681,5.5777731589046198E-07,1.));
#11498=IFCDIRECTION((0.,0.,1.));
#11499=IFCDIRECTION((0.99999999999997169,-2.3841826591675455E-07,0.));
#11500=IFCAXIS2PLACEMENT3D(#11497,#11498,#11499);
#11501=IFCLOCALPLACEMENT(#12831,#11500);
#11512=IFCCARTESIANPOINT((1.5319803543151429,3.6131482072931931E-07,1.));
#11513=IFCDIRECTION((0.,0.,1.));
#11514=IFCDIRECTION((0.99999999999999278,1.1920913307026694E-07,0.));
#11515=IFCAXIS2PLACEMENT3D(#11512,#11513,#11514);
#11516=IFCLOCALPLACEMENT(#12796,#11515);
#11527=IFCCARTESIANPOINT((3.5685697291340013,5.4559943984955339E-07,1.));
#11528=IFCDIRECTION((0.,0.,1.));
#11529=IFCDIRECTION((0.99999999999999278,1.1920913307026694E-07,0.));
#11530=IFCAXIS2PLACEMENT3D(#11527,#11528,#11529);
#11531=IFCLOCALPLACEMENT(#12796,#11530);
#11537=IFCCARTESIANPOINTLIST3D(((0.,0.,0.),(0.80139946937561035,0.,0.),(0.80139946937561035,0.,0.89999997615814209),(0.,0.,0.89999997615814209)));
#11538=IFCINDEXEDPOLYCURVE(#11537,(IFCLINEINDEX((1,2,3,4,1))),$);
#11539=IFCSHAPEREPRESENTATION(#18,'Profile','Curve3D',(#11538));
#11540=IFCCARTESIANPOINTLIST2D(((0.,0.),(0.80139946937561035,0.),(0.80139946937561035,0.89999997615814209),(0.,0.89999997615814209)));
#11541=IFCINDEXEDPOLYCURVE(#11540,(IFCLINEINDEX((1,2,3,4,1))),$);
#11542=IFCCARTESIANPOINTLIST2D(((0.02500000037252903,0.02500000037252903),(0.77639946900308132,0.02500000037252903),(0.77639946900308132,0.87499997578561306),(0.02500000037252903,0.87499997578561306)));
#11543=IFCINDEXEDPOLYCURVE(#11542,(IFCLINEINDEX((1,2,3,4,1))),$);
#11544=IFCARBITRARYPROFILEDEFWITHVOIDS(.AREA.,$,#11541,(#11543));
#11545=IFCCARTESIANPOINT((0.,0.090000001713633537,0.));
#11546=IFCDIRECTION((0.,-1.,0.));
#11547=IFCDIRECTION((1.,0.,0.));
#11548=IFCAXIS2PLACEMENT3D(#11545,#11546,#11547);
#11549=IFCDIRECTION((0.,0.,-1.));
#11550=IFCEXTRUDEDAREASOLID(#11544,#11548,#11549,0.0099999997764825821);
#11551=IFCCARTESIANPOINTLIST2D(((0.,0.),(0.80139946937561035,0.),(0.80139946937561035,0.89999997615814209),(0.,0.89999997615814209)));
#11552=IFCINDEXEDPOLYCURVE(#11551,(IFCLINEINDEX((1,2,3,4,1))),$);
#11553=IFCCARTESIANPOINTLIST2D(((0.05000000074505806,0.05000000074505806),(0.75139946863055229,0.05000000074505806),(0.75139946863055229,0.84999997541308403),(0.05000000074505806,0.84999997541308403)));
#11554=IFCINDEXEDPOLYCURVE(#11553,(IFCLINEINDEX((1,2,3,4,1))),$);
#11555=IFCARBITRARYPROFILEDEFWITHVOIDS(.AREA.,$,#11552,(#11554));
#11556=IFCCARTESIANPOINT((0.,0.05000000074505806,0.));
#11557=IFCDIRECTION((0.,-1.,0.));
#11558=IFCDIRECTION((1.,0.,0.));
#11559=IFCAXIS2PLACEMENT3D(#11556,#11557,#11558);
#11560=IFCDIRECTION((0.,0.,-1.));
#11561=IFCEXTRUDEDAREASOLID(#11555,#11559,#11560,0.040000000968575478);
#11562=IFCCARTESIANPOINTLIST2D(((0.,0.),(0.75139946863055229,0.),(0.75139946863055229,0.84999997541308403),(0.,0.84999997541308403)));
#11563=IFCINDEXEDPOLYCURVE(#11562,(IFCLINEINDEX((1,2,3,4,1))),$);
#11564=IFCCARTESIANPOINTLIST2D(((0.035000000149011612,0.035000000149011612),(0.71639946848154068,0.035000000149011612),(0.71639946848154068,0.81499997526407242),(0.035000000149011612,0.81499997526407242)));
#11565=IFCINDEXEDPOLYCURVE(#11564,(IFCLINEINDEX((1,2,3,4,1))),$);
#11566=IFCARBITRARYPROFILEDEFWITHVOIDS(.AREA.,$,#11563,(#11565));
#11567=IFCCARTESIANPOINT((0.02500000037252903,0.090000001713633537,0.02500000037252903));
#11568=IFCDIRECTION((0.,-1.,0.));
#11569=IFCDIRECTION((1.,0.,0.));
#11570=IFCAXIS2PLACEMENT3D(#11567,#11568,#11569);
#11571=IFCDIRECTION((0.,0.,-1.));
#11572=IFCEXTRUDEDAREASOLID(#11566,#11570,#11571,0.035000000149011612);
#11573=IFCINDEXEDPOLYCURVE(#11574,(IFCLINEINDEX((1,2,3,4,1))),$);
#11574=IFCCARTESIANPOINTLIST2D(((0.035000000149011612,0.035000000149011612),(0.71639946848154068,0.035000000149011612),(0.71639946848154068,0.81499997526407242),(0.035000000149011612,0.81499997526407242)));
#11575=IFCARBITRARYCLOSEDPROFILEDEF(.AREA.,$,#11573);
#11576=IFCCARTESIANPOINT((0.02500000037252903,0.10250000178813934,0.02500000037252903));
#11577=IFCDIRECTION((0.,-1.,0.));
#11578=IFCDIRECTION((1.,0.,0.));
#11579=IFCAXIS2PLACEMENT3D(#11576,#11577,#11578);
#11580=IFCDIRECTION((0.,0.,-1.));
#11581=IFCEXTRUDEDAREASOLID(#11575,#11579,#11580,0.01);
#11582=IFCSHAPEREPRESENTATION(#11,'Body','SweptSolid',(#11550,#11561,#11572,#11581));
#11583=IFCSHAPEREPRESENTATION(#11,'Body','SweptSolid',(#11550,#11561));
#11584=IFCSHAPEASPECT((#11583),'Lining',$,.T.,#9736);
#11585=IFCSHAPEREPRESENTATION(#11,'Body','SweptSolid',(#11572));
#11586=IFCSHAPEASPECT((#11585),'Framing',$,.T.,#9736);
#11587=IFCSHAPEREPRESENTATION(#11,'Body','SweptSolid',(#11581));
#11588=IFCSHAPEASPECT((#11587),'Glazing',$,.T.,#9736);
#11589=IFCCARTESIANPOINTLIST2D(((0.05000000074505806,0.05000000074505806),(0.75139946863055229,0.05000000074505806)));
#11590=IFCINDEXEDPOLYCURVE(#11589,$,$);
#11591=IFCCARTESIANPOINTLIST2D(((0.,0.10000000149011612),(0.02500000037252903,0.10000000149011612),(0.02500000037252903,0.090000001713633537),(0.05000000074505806,0.090000001713633537),(0.05000000074505806,0.05000000074505806),(0.,0.05000000074505806)));
#11592=IFCINDEXEDPOLYCURVE(#11591,(IFCLINEINDEX((1,2,3,4,5,6,1))),$);
#11593=IFCCARTESIANPOINTLIST2D(((0.80139946937561035,0.10000000149011612),(0.77639946900308132,0.10000000149011612),(0.77639946900308132,0.090000001713633537),(0.75139946863055229,0.090000001713633537),(0.75139946863055229,0.05000000074505806),(0.80139946937561035,0.05000000074505806)));
#11594=IFCINDEXEDPOLYCURVE(#11593,(IFCLINEINDEX((1,2,3,4,5,6,1))),$);
#11595=IFCCARTESIANPOINTLIST2D(((0.02500000037252903,0.090000001713633537),(0.060000000521540642,0.090000001713633537),(0.060000000521540642,0.12500000186264515),(0.02500000037252903,0.12500000186264515)));
#11596=IFCINDEXEDPOLYCURVE(#11595,(IFCLINEINDEX((1,2,3,4,1))),$);
#11597=IFCINDEXEDPOLYCURVE(#11598,(IFCLINEINDEX((1,2,3,4,1))),$);
#11598=IFCCARTESIANPOINTLIST2D(((0.77639946900308132,0.090000001713633537),(0.74139946885406971,0.090000001713633537),(0.74139946885406971,0.12500000186264515),(0.77639946900308132,0.12500000186264515)));
#11599=IFCCARTESIANPOINTLIST2D(((0.060000000521540642,0.090000001713633537),(0.74139946885406971,0.090000001713633537)));
#11600=IFCINDEXEDPOLYCURVE(#11599,$,$);
#11601=IFCINDEXEDPOLYCURVE(#11602,$,$);
#11602=IFCCARTESIANPOINTLIST2D(((0.060000000521540642,0.12500000186264515),(0.74139946885406971,0.12500000186264515)));
#11603=IFCINDEXEDPOLYCURVE(#11604,$,$);
#11604=IFCCARTESIANPOINTLIST2D(((0.060000000521540642,0.10750000178813934),(0.74139946885406971,0.10750000178813934)));
#11605=IFCSHAPEREPRESENTATION(#24,'Body','Curve2D',(#11590,#11592,#11594,#11596,#11597,#11600,#11601,#11603));
#11606=IFCCARTESIANPOINTLIST2D(((0.,0.),(0.80139946937561035,0.),(0.80139946937561035,0.89999997615814209),(0.,0.89999997615814209)));
#11607=IFCINDEXEDPOLYCURVE(#11606,(IFCLINEINDEX((1,2,3,4,1))),$);
#11608=IFCARBITRARYCLOSEDPROFILEDEF(.AREA.,$,#11607);
#11609=IFCCARTESIANPOINT((0.,-0.60000002384185791,0.));
#11610=IFCDIRECTION((0.,-1.,0.));
#11611=IFCDIRECTION((1.,0.,0.));
#11612=IFCAXIS2PLACEMENT3D(#11609,#11610,#11611);
#11613=IFCDIRECTION((0.,0.,-1.));
#11614=IFCEXTRUDEDAREASOLID(#11608,#11612,#11613,1.2);
#11615=IFCSHAPEREPRESENTATION(#11,'Body','SweptSolid',(#11614));
#11649=IFCCARTESIANPOINTLIST2D(((0.,0.),(0.,2.),(0.89999997615814209,2.),(0.89999997615814209,0.),(0.87499997578561306,0.),(0.87499997578561306,1.974999999627471),(0.02500000037252903,1.974999999627471),(0.02500000037252903,0.)));
#11650=IFCINDEXEDPOLYCURVE(#11649,(IFCLINEINDEX((1,2,3,4,5,6,7,8,1))),$);
#11651=IFCARBITRARYCLOSEDPROFILEDEF(.AREA.,$,#11650);
#11652=IFCCARTESIANPOINT((0.,0.02500000037252903,0.));
#11653=IFCDIRECTION((0.,-1.,0.));
#11654=IFCDIRECTION((1.,0.,0.));
#11655=IFCAXIS2PLACEMENT3D(#11652,#11653,#11654);
#11656=IFCDIRECTION((0.,0.,-1.));
#11657=IFCEXTRUDEDAREASOLID(#11651,#11655,#11656,0.02500000037252903);
#11658=IFCCARTESIANPOINTLIST2D(((0.,0.),(0.,2.),(0.89999997615814209,2.),(0.89999997615814209,0.),(0.84999997541308403,0.),(0.84999997541308403,1.9499999992549419),(0.05000000074505806,1.9499999992549419),(0.05000000074505806,0.)));
#11659=IFCINDEXEDPOLYCURVE(#11658,(IFCLINEINDEX((1,2,3,4,5,6,7,8,1))),$);
#11660=IFCARBITRARYCLOSEDPROFILEDEF(.AREA.,$,#11659);
#11661=IFCCARTESIANPOINT((0.,0.,0.));
#11662=IFCDIRECTION((0.,-1.,0.));
#11663=IFCDIRECTION((1.,0.,0.));
#11664=IFCAXIS2PLACEMENT3D(#11661,#11662,#11663);
#11665=IFCDIRECTION((0.,0.,-1.));
#11666=IFCEXTRUDEDAREASOLID(#11660,#11664,#11665,0.02500000037252903);
#11667=IFCCARTESIANPOINTLIST2D(((0.,0.),(0.79999997466802597,0.),(0.79999997466802597,0.10000000149011612),(0.,0.10000000149011612)));
#11668=IFCINDEXEDPOLYCURVE(#11667,(IFCLINEINDEX((1,2,3,4,1))),$);
#11669=IFCARBITRARYCLOSEDPROFILEDEF(.AREA.,$,#11668);
#11670=IFCCARTESIANPOINT((0.05000000074505806,0.,0.));
#11671=IFCDIRECTION((0.,0.,1.));
#11672=IFCDIRECTION((1.,0.,0.));
#11673=IFCAXIS2PLACEMENT3D(#11670,#11671,#11672);
#11674=IFCDIRECTION((0.,0.,1.));
#11675=IFCEXTRUDEDAREASOLID(#11669,#11673,#11674,0.02500000037252903);
#11676=IFCCARTESIANPOINTLIST2D(((0.,0.),(0.,2.0250000022351742),(0.94999998062849045,2.0250000022351742),(0.94999998062849045,0.),(0.87499997764825821,0.),(0.87499997764825821,1.9499999992549419),(0.075000002980232239,1.9499999992549419),(0.075000002980232239,0.)));
#11677=IFCINDEXEDPOLYCURVE(#11676,(IFCLINEINDEX((1,2,3,4,5,6,7,8,1))),$);
#11678=IFCARBITRARYCLOSEDPROFILEDEF(.AREA.,$,#11677);
#11679=IFCCARTESIANPOINT((-0.025000002235174179,-0.004999999888241291,0.));
#11680=IFCDIRECTION((0.,-1.,0.));
#11681=IFCDIRECTION((1.,0.,0.));
#11682=IFCAXIS2PLACEMENT3D(#11679,#11680,#11681);
#11683=IFCDIRECTION((0.,0.,-1.));
#11684=IFCEXTRUDEDAREASOLID(#11678,#11682,#11683,0.004999999888241291);
#11685=IFCCARTESIANPOINTLIST2D(((0.,0.),(0.,2.0250000022351742),(0.94999998062849045,2.0250000022351742),(0.94999998062849045,0.),(0.89999997802078724,0.),(0.89999997802078724,1.974999999627471),(0.050000002607703209,1.974999999627471),(0.050000002607703209,0.)));
#11686=IFCINDEXEDPOLYCURVE(#11685,(IFCLINEINDEX((1,2,3,4,5,6,7,8,1))),$);
#11687=IFCARBITRARYCLOSEDPROFILEDEF(.AREA.,$,#11686);
#11688=IFCCARTESIANPOINT((-0.025000002235174179,0.05000000074505806,0.));
#11689=IFCDIRECTION((0.,-1.,0.));
#11690=IFCDIRECTION((1.,0.,0.));
#11691=IFCAXIS2PLACEMENT3D(#11688,#11689,#11690);
#11692=IFCDIRECTION((0.,0.,-1.));
#11693=IFCEXTRUDEDAREASOLID(#11687,#11691,#11692,0.004999999888241291);
#11694=IFCCARTESIANPOINTLIST2D(((0.,0.),(0.84999997541308403,0.),(0.84999997541308403,0.035000000149011612),(0.,0.035000000149011612)));
#11695=IFCINDEXEDPOLYCURVE(#11694,(IFCLINEINDEX((1,2,3,4,1))),$);
#11696=IFCARBITRARYCLOSEDPROFILEDEF(.AREA.,$,#11695);
#11697=IFCCARTESIANPOINT((0.02500000037252903,0.02500000037252903,0.02500000037252903));
#11698=IFCDIRECTION((0.,0.,1.));
#11699=IFCDIRECTION((1.,0.,0.));
#11700=IFCAXIS2PLACEMENT3D(#11697,#11698,#11699);
#11701=IFCDIRECTION((0.,0.,1.));
#11702=IFCEXTRUDEDAREASOLID(#11696,#11700,#11701,1.9499999992549419);
#11703=IFCCARTESIANPOINTLIST2D(((0.,0.),(0.,-0.040000000000000001),(-0.11999999999999988,-0.040000000000000001),(-0.11999999999999988,-0.02),(-0.020000000000000018,-0.02),(-0.020000000000000018,0.)));
#11704=IFCINDEXEDPOLYCURVE(#11703,(IFCLINEINDEX((1,2,3,4,5,6,1))),$);
#11705=IFCARBITRARYCLOSEDPROFILEDEF(.AREA.,$,#11704);
#11706=IFCCARTESIANPOINT((0.82499997578561302,0.02500000037252903,1.015000000372529));
#11707=IFCDIRECTION((0.,0.,1.));
#11708=IFCDIRECTION((1.,0.,0.));
#11709=IFCAXIS2PLACEMENT3D(#11706,#11707,#11708);
#11710=IFCDIRECTION((0.,0.,1.));
#11711=IFCEXTRUDEDAREASOLID(#11705,#11709,#11710,0.02);
#11712=IFCEXTRUDEDAREASOLID(#11713,#11716,#11720,0.02);
#11713=IFCARBITRARYCLOSEDPROFILEDEF(.AREA.,$,#11714);
#11714=IFCINDEXEDPOLYCURVE(#11715,(IFCLINEINDEX((1,2,3,4,5,6,1))),$);
#11715=IFCCARTESIANPOINTLIST2D(((0.,0.),(0.,0.040000000000000008),(-0.11999999999999988,0.040000000000000008),(-0.11999999999999988,0.020000000000000004),(-0.020000000000000018,0.020000000000000004),(-0.020000000000000018,0.)));
#11716=IFCAXIS2PLACEMENT3D(#11717,#11718,#11719);
#11717=IFCCARTESIANPOINT((0.82499997578561302,0.060000000521540642,1.015000000372529));
#11718=IFCDIRECTION((0.,0.,1.));
#11719=IFCDIRECTION((1.,0.,0.));
#11720=IFCDIRECTION((0.,0.,1.));
#11722=IFCSHAPEREPRESENTATION(#11,'Body','SweptSolid',(#11693,#12050,#12023,#11657,#11684,#12041,#12014,#11675,#12032,#11666));
#11723=IFCSHAPEASPECT((#11722),'Lining',$,.T.,#8895);
#11724=IFCSHAPEREPRESENTATION(#11,'Body','SweptSolid',(#11712,#12068,#11702,#12069,#12059,#11711));
#11725=IFCSHAPEASPECT((#11724),'Framing',$,.T.,#8895);
#11765=IFCCARTESIANPOINTLIST3D(((0.,0.,0.),(0.89999997615814209,0.,0.),(0.89999997615814209,0.,2.),(0.,0.,2.)));
#11766=IFCINDEXEDPOLYCURVE(#11765,(IFCLINEINDEX((1,2,3,4,1))),$);
#11767=IFCSHAPEREPRESENTATION(#18,'Profile','Curve3D',(#11766));
#11768=IFCCARTESIANPOINTLIST2D(((0.,0.),(0.,2.),(0.89999997615814209,2.),(0.89999997615814209,0.),(0.87499997578561306,0.),(0.87499997578561306,1.974999999627471),(0.02500000037252903,1.974999999627471),(0.02500000037252903,0.)));
#11769=IFCINDEXEDPOLYCURVE(#11768,(IFCLINEINDEX((1,2,3,4,5,6,7,8,1))),$);
#11770=IFCARBITRARYCLOSEDPROFILEDEF(.AREA.,$,#11769);
#11771=IFCCARTESIANPOINT((0.,0.02500000037252903,0.));
#11772=IFCDIRECTION((0.,-1.,0.));
#11773=IFCDIRECTION((1.,0.,0.));
#11774=IFCAXIS2PLACEMENT3D(#11771,#11772,#11773);
#11775=IFCDIRECTION((0.,0.,-1.));
#11776=IFCEXTRUDEDAREASOLID(#11770,#11774,#11775,0.02500000037252903);
#11777=IFCCARTESIANPOINTLIST2D(((0.,0.),(0.,2.),(0.89999997615814209,2.),(0.89999997615814209,0.),(0.84999997541308403,0.),(0.84999997541308403,1.9499999992549419),(0.05000000074505806,1.9499999992549419),(0.05000000074505806,0.)));
#11778=IFCINDEXEDPOLYCURVE(#11777,(IFCLINEINDEX((1,2,3,4,5,6,7,8,1))),$);
#11779=IFCARBITRARYCLOSEDPROFILEDEF(.AREA.,$,#11778);
#11780=IFCCARTESIANPOINT((0.,0.,0.));
#11781=IFCDIRECTION((0.,-1.,0.));
#11782=IFCDIRECTION((1.,0.,0.));
#11783=IFCAXIS2PLACEMENT3D(#11780,#11781,#11782);
#11784=IFCDIRECTION((0.,0.,-1.));
#11785=IFCEXTRUDEDAREASOLID(#11779,#11783,#11784,0.02500000037252903);
#11786=IFCCARTESIANPOINTLIST2D(((0.,0.),(0.79999997466802597,0.),(0.79999997466802597,0.10000000149011612),(0.,0.10000000149011612)));
#11787=IFCINDEXEDPOLYCURVE(#11786,(IFCLINEINDEX((1,2,3,4,1))),$);
#11788=IFCARBITRARYCLOSEDPROFILEDEF(.AREA.,$,#11787);
#11789=IFCCARTESIANPOINT((0.05000000074505806,0.,0.));
#11790=IFCDIRECTION((0.,0.,1.));
#11791=IFCDIRECTION((1.,0.,0.));
#11792=IFCAXIS2PLACEMENT3D(#11789,#11790,#11791);
#11793=IFCDIRECTION((0.,0.,1.));
#11794=IFCEXTRUDEDAREASOLID(#11788,#11792,#11793,0.02500000037252903);
#11795=IFCCARTESIANPOINTLIST2D(((0.,0.),(0.,2.0250000022351742),(0.94999998062849045,2.0250000022351742),(0.94999998062849045,0.),(0.87499997764825821,0.),(0.87499997764825821,1.9499999992549419),(0.075000002980232239,1.9499999992549419),(0.075000002980232239,0.)));
#11796=IFCINDEXEDPOLYCURVE(#11795,(IFCLINEINDEX((1,2,3,4,5,6,7,8,1))),$);
#11797=IFCARBITRARYCLOSEDPROFILEDEF(.AREA.,$,#11796);
#11798=IFCCARTESIANPOINT((-0.025000002235174179,-0.004999999888241291,0.));
#11799=IFCDIRECTION((0.,-1.,0.));
#11800=IFCDIRECTION((1.,0.,0.));
#11801=IFCAXIS2PLACEMENT3D(#11798,#11799,#11800);
#11802=IFCDIRECTION((0.,0.,-1.));
#11803=IFCEXTRUDEDAREASOLID(#11797,#11801,#11802,0.004999999888241291);
#11804=IFCCARTESIANPOINTLIST2D(((0.,0.),(0.,2.0250000022351742),(0.94999998062849045,2.0250000022351742),(0.94999998062849045,0.),(0.89999997802078724,0.),(0.89999997802078724,1.974999999627471),(0.050000002607703209,1.974999999627471),(0.050000002607703209,0.)));
#11805=IFCINDEXEDPOLYCURVE(#11804,(IFCLINEINDEX((1,2,3,4,5,6,7,8,1))),$);
#11806=IFCARBITRARYCLOSEDPROFILEDEF(.AREA.,$,#11805);
#11807=IFCCARTESIANPOINT((-0.025000002235174179,0.05000000074505806,0.));
#11808=IFCDIRECTION((0.,-1.,0.));
#11809=IFCDIRECTION((1.,0.,0.));
#11810=IFCAXIS2PLACEMENT3D(#11807,#11808,#11809);
#11811=IFCDIRECTION((0.,0.,-1.));
#11812=IFCEXTRUDEDAREASOLID(#11806,#11810,#11811,0.004999999888241291);
#11813=IFCCARTESIANPOINTLIST2D(((0.,0.),(0.84999997541308403,0.),(0.84999997541308403,0.035000000149011612),(0.,0.035000000149011612)));
#11814=IFCINDEXEDPOLYCURVE(#11813,(IFCLINEINDEX((1,2,3,4,1))),$);
#11815=IFCARBITRARYCLOSEDPROFILEDEF(.AREA.,$,#11814);
#11816=IFCCARTESIANPOINT((0.02500000037252903,0.02500000037252903,0.02500000037252903));
#11817=IFCDIRECTION((0.,0.,1.));
#11818=IFCDIRECTION((1.,0.,0.));
#11819=IFCAXIS2PLACEMENT3D(#11816,#11817,#11818);
#11820=IFCDIRECTION((0.,0.,1.));
#11821=IFCEXTRUDEDAREASOLID(#11815,#11819,#11820,1.9499999992549419);
#11822=IFCCARTESIANPOINTLIST2D(((0.,0.),(0.,-0.040000000000000001),(-0.11999999999999988,-0.040000000000000001),(-0.11999999999999988,-0.02),(-0.020000000000000018,-0.02),(-0.020000000000000018,0.)));
#11823=IFCINDEXEDPOLYCURVE(#11822,(IFCLINEINDEX((1,2,3,4,5,6,1))),$);
#11824=IFCARBITRARYCLOSEDPROFILEDEF(.AREA.,$,#11823);
#11825=IFCCARTESIANPOINT((0.82499997578561302,0.02500000037252903,1.015000000372529));
#11826=IFCDIRECTION((0.,0.,1.));
#11827=IFCDIRECTION((1.,0.,0.));
#11828=IFCAXIS2PLACEMENT3D(#11825,#11826,#11827);
#11829=IFCDIRECTION((0.,0.,1.));
#11830=IFCEXTRUDEDAREASOLID(#11824,#11828,#11829,0.02);
#11831=IFCEXTRUDEDAREASOLID(#11832,#11835,#11839,0.02);
#11832=IFCARBITRARYCLOSEDPROFILEDEF(.AREA.,$,#11833);
#11833=IFCINDEXEDPOLYCURVE(#11834,(IFCLINEINDEX((1,2,3,4,5,6,1))),$);
#11834=IFCCARTESIANPOINTLIST2D(((0.,0.),(0.,0.040000000000000008),(-0.11999999999999988,0.040000000000000008),(-0.11999999999999988,0.020000000000000004),(-0.020000000000000018,0.020000000000000004),(-0.020000000000000018,0.)));
#11835=IFCAXIS2PLACEMENT3D(#11836,#11837,#11838);
#11836=IFCCARTESIANPOINT((0.82499997578561302,0.060000000521540642,1.015000000372529));
#11837=IFCDIRECTION((0.,0.,1.));
#11838=IFCDIRECTION((1.,0.,0.));
#11839=IFCDIRECTION((0.,0.,1.));
#11840=IFCSHAPEREPRESENTATION(#11,'Body','SweptSolid',(#11776,#11785,#11821,#11830,#11831,#11794,#11803,#11812));
#11841=IFCSHAPEREPRESENTATION(#11,'Body','SweptSolid',(#11776,#11785,#11794,#11803,#11812));
#11842=IFCSHAPEASPECT((#11841),'Lining',$,.T.,#7947);
#11843=IFCSHAPEREPRESENTATION(#11,'Body','SweptSolid',(#11821,#11830,#11831));
#11844=IFCSHAPEASPECT((#11843),'Framing',$,.T.,#7947);
#11845=IFCCARTESIANPOINTLIST2D(((0.,0.),(0.,0.05000000074505806),(0.02500000037252903,0.05000000074505806),(0.02500000037252903,0.02500000037252903),(0.05000000074505806,0.02500000037252903),(0.05000000074505806,0.)));
#11846=IFCINDEXEDPOLYCURVE(#11845,(IFCLINEINDEX((1,2,3,4,5,6,1))),$);
#11847=IFCINDEXEDPOLYCURVE(#11848,(IFCLINEINDEX((1,2,3,4,5,6,1))),$);
#11848=IFCCARTESIANPOINTLIST2D(((0.89999997615814209,0.),(0.89999997615814209,0.05000000074505806),(0.87499997578561306,0.05000000074505806),(0.87499997578561306,0.02500000037252903),(0.84999997541308403,0.02500000037252903),(0.84999997541308403,0.)));
#11849=IFCDIRECTION((1.,0.));
#11850=IFCCARTESIANPOINT((0.060000000521540642,0.05000000074505806));
#11851=IFCAXIS2PLACEMENT2D(#11850,#11849);
#11852=IFCELLIPSE(#11851,0.81499997526407242,0.84999997541308403);
#11853=IFCCARTESIANPOINT((0.87499997578561306,0.05000000074505806));
#11854=IFCCARTESIANPOINT((0.060000000521540642,0.89999997615814209));
#11855=IFCTRIMMEDCURVE(#11852,(#11853),(#11854),.T.,.CARTESIAN.);
#11856=IFCCARTESIANPOINTLIST2D(((0.02500000037252903,0.05000000074505806),(0.060000000521540642,0.05000000074505806),(0.060000000521540642,0.89999997615814209),(0.02500000037252903,0.89999997615814209)));
#11857=IFCINDEXEDPOLYCURVE(#11856,(IFCLINEINDEX((1,2,3,4,1))),$);
#11858=IFCSHAPEREPRESENTATION(#24,'Body','Curve2D',(#11846,#11847,#11855,#11857));
#11859=IFCCARTESIANPOINTLIST2D(((0.,0.),(0.89999997615814209,0.),(0.89999997615814209,2.),(0.,2.)));
#11860=IFCINDEXEDPOLYCURVE(#11859,(IFCLINEINDEX((1,2,3,4,1))),$);
#11861=IFCARBITRARYCLOSEDPROFILEDEF(.AREA.,$,#11860);
#11862=IFCCARTESIANPOINT((0.,-0.60000002384185791,0.));
#11863=IFCDIRECTION((0.,-1.,0.));
#11864=IFCDIRECTION((1.,0.,0.));
#11865=IFCAXIS2PLACEMENT3D(#11862,#11863,#11864);
#11866=IFCDIRECTION((0.,0.,-1.));
#11867=IFCEXTRUDEDAREASOLID(#11861,#11865,#11866,1.2);
#11868=IFCSHAPEREPRESENTATION(#11,'Body','SweptSolid',(#11867));
#11874=IFCCARTESIANPOINT((3.587328418890944,0.099999969466943561,0.));
#11875=IFCDIRECTION((0.,0.,1.));
#11876=IFCDIRECTION((-0.99999999999999611,8.7422776573472364E-08,0.));
#11877=IFCAXIS2PLACEMENT3D(#11874,#11875,#11876);
#11878=IFCLOCALPLACEMENT(#12851,#11877);
#11879=IFCCARTESIANPOINT((8.8817841970012523E-16,-8.8817841970012523E-16,0.));
#11880=IFCDIRECTION((0.,0.,1.));
#11881=IFCDIRECTION((1.,2.6469779601696886E-23,0.));
#11882=IFCAXIS2PLACEMENT3D(#11879,#11880,#11881);
#11883=IFCLOCALPLACEMENT(#11878,#11882);
#11884=IFCCARTESIANPOINTLIST3D(((0.,0.,0.),(0.89999997615814209,0.,0.),(0.89999997615814209,0.,2.),(0.,0.,2.)));
#11885=IFCINDEXEDPOLYCURVE(#11884,(IFCLINEINDEX((1,2,3,4,1))),$);
#11886=IFCSHAPEREPRESENTATION(#18,'Profile','Curve3D',(#11885));
#11887=IFCCARTESIANPOINTLIST2D(((0.,0.),(0.,2.),(0.89999997615814209,2.),(0.89999997615814209,0.),(0.87499997578561306,0.),(0.87499997578561306,1.974999999627471),(0.02500000037252903,1.974999999627471),(0.02500000037252903,0.)));
#11888=IFCINDEXEDPOLYCURVE(#11887,(IFCLINEINDEX((1,2,3,4,5,6,7,8,1))),$);
#11889=IFCARBITRARYCLOSEDPROFILEDEF(.AREA.,$,#11888);
#11890=IFCCARTESIANPOINT((0.,0.02500000037252903,0.));
#11891=IFCDIRECTION((0.,-1.,0.));
#11892=IFCDIRECTION((1.,0.,0.));
#11893=IFCAXIS2PLACEMENT3D(#11890,#11891,#11892);
#11894=IFCDIRECTION((0.,0.,-1.));
#11895=IFCEXTRUDEDAREASOLID(#11889,#11893,#11894,0.02500000037252903);
#11896=IFCCARTESIANPOINTLIST2D(((0.,0.),(0.,2.),(0.89999997615814209,2.),(0.89999997615814209,0.),(0.84999997541308403,0.),(0.84999997541308403,1.9499999992549419),(0.05000000074505806,1.9499999992549419),(0.05000000074505806,0.)));
#11897=IFCINDEXEDPOLYCURVE(#11896,(IFCLINEINDEX((1,2,3,4,5,6,7,8,1))),$);
#11898=IFCARBITRARYCLOSEDPROFILEDEF(.AREA.,$,#11897);
#11899=IFCCARTESIANPOINT((0.,0.,0.));
#11900=IFCDIRECTION((0.,-1.,0.));
#11901=IFCDIRECTION((1.,0.,0.));
#11902=IFCAXIS2PLACEMENT3D(#11899,#11900,#11901);
#11903=IFCDIRECTION((0.,0.,-1.));
#11904=IFCEXTRUDEDAREASOLID(#11898,#11902,#11903,0.02500000037252903);
#11905=IFCCARTESIANPOINTLIST2D(((0.,0.),(0.79999997466802597,0.),(0.79999997466802597,0.10000000149011612),(0.,0.10000000149011612)));
#11906=IFCINDEXEDPOLYCURVE(#11905,(IFCLINEINDEX((1,2,3,4,1))),$);
#11907=IFCARBITRARYCLOSEDPROFILEDEF(.AREA.,$,#11906);
#11908=IFCCARTESIANPOINT((0.05000000074505806,0.,0.));
#11909=IFCDIRECTION((0.,0.,1.));
#11910=IFCDIRECTION((1.,0.,0.));
#11911=IFCAXIS2PLACEMENT3D(#11908,#11909,#11910);
#11912=IFCDIRECTION((0.,0.,1.));
#11913=IFCEXTRUDEDAREASOLID(#11907,#11911,#11912,0.02500000037252903);
#11914=IFCCARTESIANPOINTLIST2D(((0.,0.),(0.,2.0250000022351742),(0.94999998062849045,2.0250000022351742),(0.94999998062849045,0.),(0.87499997764825821,0.),(0.87499997764825821,1.9499999992549419),(0.075000002980232239,1.9499999992549419),(0.075000002980232239,0.)));
#11915=IFCINDEXEDPOLYCURVE(#11914,(IFCLINEINDEX((1,2,3,4,5,6,7,8,1))),$);
#11916=IFCARBITRARYCLOSEDPROFILEDEF(.AREA.,$,#11915);
#11917=IFCCARTESIANPOINT((-0.025000002235174179,-0.004999999888241291,0.));
#11918=IFCDIRECTION((0.,-1.,0.));
#11919=IFCDIRECTION((1.,0.,0.));
#11920=IFCAXIS2PLACEMENT3D(#11917,#11918,#11919);
#11921=IFCDIRECTION((0.,0.,-1.));
#11922=IFCEXTRUDEDAREASOLID(#11916,#11920,#11921,0.004999999888241291);
#11923=IFCCARTESIANPOINTLIST2D(((0.,0.),(0.,2.0250000022351742),(0.94999998062849045,2.0250000022351742),(0.94999998062849045,0.),(0.89999997802078724,0.),(0.89999997802078724,1.974999999627471),(0.050000002607703209,1.974999999627471),(0.050000002607703209,0.)));
#11924=IFCINDEXEDPOLYCURVE(#11923,(IFCLINEINDEX((1,2,3,4,5,6,7,8,1))),$);
#11925=IFCARBITRARYCLOSEDPROFILEDEF(.AREA.,$,#11924);
#11926=IFCCARTESIANPOINT((-0.025000002235174179,0.05000000074505806,0.));
#11927=IFCDIRECTION((0.,-1.,0.));
#11928=IFCDIRECTION((1.,0.,0.));
#11929=IFCAXIS2PLACEMENT3D(#11926,#11927,#11928);
#11930=IFCDIRECTION((0.,0.,-1.));
#11931=IFCEXTRUDEDAREASOLID(#11925,#11929,#11930,0.004999999888241291);
#11932=IFCCARTESIANPOINTLIST2D(((0.,0.),(0.84999997541308403,0.),(0.84999997541308403,0.035000000149011612),(0.,0.035000000149011612)));
#11933=IFCINDEXEDPOLYCURVE(#11932,(IFCLINEINDEX((1,2,3,4,1))),$);
#11934=IFCARBITRARYCLOSEDPROFILEDEF(.AREA.,$,#11933);
#11935=IFCCARTESIANPOINT((0.02500000037252903,0.02500000037252903,0.02500000037252903));
#11936=IFCDIRECTION((0.,0.,1.));
#11937=IFCDIRECTION((1.,0.,0.));
#11938=IFCAXIS2PLACEMENT3D(#11935,#11936,#11937);
#11939=IFCDIRECTION((0.,0.,1.));
#11940=IFCEXTRUDEDAREASOLID(#11934,#11938,#11939,1.9499999992549419);
#11941=IFCCARTESIANPOINTLIST2D(((0.,0.),(0.,-0.040000000000000001),(0.12,-0.040000000000000001),(0.12,-0.02),(0.02,-0.02),(0.02,0.)));
#11942=IFCINDEXEDPOLYCURVE(#11941,(IFCLINEINDEX((1,2,3,4,5,6,1))),$);
#11943=IFCARBITRARYCLOSEDPROFILEDEF(.AREA.,$,#11942);
#11944=IFCCARTESIANPOINT((0.075000000372529033,0.02500000037252903,1.015000000372529));
#11945=IFCDIRECTION((0.,0.,1.));
#11946=IFCDIRECTION((1.,0.,0.));
#11947=IFCAXIS2PLACEMENT3D(#11944,#11945,#11946);
#11948=IFCDIRECTION((0.,0.,1.));
#11949=IFCEXTRUDEDAREASOLID(#11943,#11947,#11948,0.02);
#11950=IFCEXTRUDEDAREASOLID(#11951,#11954,#11958,0.02);
#11951=IFCARBITRARYCLOSEDPROFILEDEF(.AREA.,$,#11952);
#11952=IFCINDEXEDPOLYCURVE(#11953,(IFCLINEINDEX((1,2,3,4,5,6,1))),$);
#11953=IFCCARTESIANPOINTLIST2D(((0.,0.),(0.,0.040000000000000008),(0.11999999999999998,0.040000000000000008),(0.11999999999999998,0.020000000000000004),(0.020000000000000004,0.020000000000000004),(0.020000000000000004,0.)));
#11954=IFCAXIS2PLACEMENT3D(#11955,#11956,#11957);
#11955=IFCCARTESIANPOINT((0.075000000372529033,0.060000000521540642,1.015000000372529));
#11956=IFCDIRECTION((0.,0.,1.));
#11957=IFCDIRECTION((1.,0.,0.));
#11958=IFCDIRECTION((0.,0.,1.));
#11959=IFCSHAPEREPRESENTATION(#11,'Body','SweptSolid',(#11895,#11904,#11940,#11949,#11950,#11913,#11922,#11931));
#11960=IFCSHAPEREPRESENTATION(#11,'Body','SweptSolid',(#11895,#11904,#11913,#11922,#11931));
#11961=IFCSHAPEASPECT((#11960),'Lining',$,.T.,#8722);
#11962=IFCSHAPEREPRESENTATION(#11,'Body','SweptSolid',(#11940,#11949,#11950));
#11963=IFCSHAPEASPECT((#11962),'Framing',$,.T.,#8722);
#11964=IFCCARTESIANPOINTLIST2D(((0.,0.),(0.,0.05000000074505806),(0.02500000037252903,0.05000000074505806),(0.02500000037252903,0.02500000037252903),(0.05000000074505806,0.02500000037252903),(0.05000000074505806,0.)));
#11965=IFCINDEXEDPOLYCURVE(#11964,(IFCLINEINDEX((1,2,3,4,5,6,1))),$);
#11966=IFCINDEXEDPOLYCURVE(#11967,(IFCLINEINDEX((1,2,3,4,5,6,1))),$);
#11967=IFCCARTESIANPOINTLIST2D(((0.89999997615814209,0.),(0.89999997615814209,0.05000000074505806),(0.87499997578561306,0.05000000074505806),(0.87499997578561306,0.02500000037252903),(0.84999997541308403,0.02500000037252903),(0.84999997541308403,0.)));
#11968=IFCDIRECTION((1.,0.));
#11969=IFCCARTESIANPOINT((0.83999997563660145,0.05000000074505806));
#11970=IFCAXIS2PLACEMENT2D(#11969,#11968);
#11971=IFCELLIPSE(#11970,0.81499997526407242,0.84999997541308403);
#11972=IFCCARTESIANPOINT((0.83999997563660145,0.89999997615814209));
#11973=IFCCARTESIANPOINT((0.02500000037252903,0.05000000074505806));
#11974=IFCTRIMMEDCURVE(#11971,(#11972),(#11973),.T.,.CARTESIAN.);
#11975=IFCCARTESIANPOINTLIST2D(((0.87499997578561306,0.05000000074505806),(0.83999997563660145,0.05000000074505806),(0.83999997563660145,0.89999997615814209),(0.87499997578561306,0.89999997615814209)));
#11976=IFCINDEXEDPOLYCURVE(#11975,(IFCLINEINDEX((1,2,3,4,1))),$);
#11977=IFCSHAPEREPRESENTATION(#24,'Body','Curve2D',(#11965,#11966,#11974,#11976));
#11978=IFCCARTESIANPOINTLIST2D(((0.,0.),(0.89999997615814209,0.),(0.89999997615814209,2.),(0.,2.)));
#11979=IFCINDEXEDPOLYCURVE(#11978,(IFCLINEINDEX((1,2,3,4,1))),$);
#11980=IFCARBITRARYCLOSEDPROFILEDEF(.AREA.,$,#11979);
#11981=IFCCARTESIANPOINT((0.,-0.60000002384185791,0.));
#11982=IFCDIRECTION((0.,-1.,0.));
#11983=IFCDIRECTION((1.,0.,0.));
#11984=IFCAXIS2PLACEMENT3D(#11981,#11982,#11983);
#11985=IFCDIRECTION((0.,0.,-1.));
#11986=IFCEXTRUDEDAREASOLID(#11980,#11984,#11985,1.2);
#11987=IFCSHAPEREPRESENTATION(#11,'Body','SweptSolid',(#11986));
#11993=IFCCARTESIANPOINT((1.1416967595217906,0.099999994039535522,0.));
#11994=IFCDIRECTION((0.,0.,1.));
#11995=IFCDIRECTION((-0.99999999999998868,1.5099580252808492E-07,0.));
#11996=IFCAXIS2PLACEMENT3D(#11993,#11994,#11995);
#11997=IFCLOCALPLACEMENT(#12846,#11996);
#11998=IFCCARTESIANPOINT((0.,0.,0.));
#11999=IFCDIRECTION((0.,0.,1.));
#12000=IFCDIRECTION((1.,0.,0.));
#12001=IFCAXIS2PLACEMENT3D(#11998,#11999,#12000);
#12002=IFCLOCALPLACEMENT(#11997,#12001);
#12003=IFCCARTESIANPOINTLIST3D(((0.,0.,0.),(0.89999997615814209,0.,0.),(0.89999997615814209,0.,2.),(0.,0.,2.)));
#12004=IFCINDEXEDPOLYCURVE(#12003,(IFCLINEINDEX((1,2,3,4,1))),$);
#12005=IFCSHAPEREPRESENTATION(#18,'Profile','Curve3D',(#12004));
#12006=IFCCARTESIANPOINTLIST2D(((0.,0.),(0.,2.),(0.89999997615814209,2.),(0.89999997615814209,0.),(0.87499997578561306,0.),(0.87499997578561306,1.974999999627471),(0.02500000037252903,1.974999999627471),(0.02500000037252903,0.)));
#12007=IFCINDEXEDPOLYCURVE(#12006,(IFCLINEINDEX((1,2,3,4,5,6,7,8,1))),$);
#12008=IFCARBITRARYCLOSEDPROFILEDEF(.AREA.,$,#12007);
#12009=IFCCARTESIANPOINT((0.,0.02500000037252903,0.));
#12010=IFCDIRECTION((0.,-1.,0.));
#12011=IFCDIRECTION((1.,0.,0.));
#12012=IFCAXIS2PLACEMENT3D(#12009,#12010,#12011);
#12013=IFCDIRECTION((0.,0.,-1.));
#12014=IFCEXTRUDEDAREASOLID(#12008,#12012,#12013,0.02500000037252903);
#12015=IFCCARTESIANPOINTLIST2D(((0.,0.),(0.,2.),(0.89999997615814209,2.),(0.89999997615814209,0.),(0.84999997541308403,0.),(0.84999997541308403,1.9499999992549419),(0.05000000074505806,1.9499999992549419),(0.05000000074505806,0.)));
#12016=IFCINDEXEDPOLYCURVE(#12015,(IFCLINEINDEX((1,2,3,4,5,6,7,8,1))),$);
#12017=IFCARBITRARYCLOSEDPROFILEDEF(.AREA.,$,#12016);
#12018=IFCCARTESIANPOINT((0.,0.,0.));
#12019=IFCDIRECTION((0.,-1.,0.));
#12020=IFCDIRECTION((1.,0.,0.));
#12021=IFCAXIS2PLACEMENT3D(#12018,#12019,#12020);
#12022=IFCDIRECTION((0.,0.,-1.));
#12023=IFCEXTRUDEDAREASOLID(#12017,#12021,#12022,0.02500000037252903);
#12024=IFCCARTESIANPOINTLIST2D(((0.,0.),(0.79999997466802597,0.),(0.79999997466802597,0.10000000149011612),(0.,0.10000000149011612)));
#12025=IFCINDEXEDPOLYCURVE(#12024,(IFCLINEINDEX((1,2,3,4,1))),$);
#12026=IFCARBITRARYCLOSEDPROFILEDEF(.AREA.,$,#12025);
#12027=IFCCARTESIANPOINT((0.05000000074505806,0.,0.));
#12028=IFCDIRECTION((0.,0.,1.));
#12029=IFCDIRECTION((1.,0.,0.));
#12030=IFCAXIS2PLACEMENT3D(#12027,#12028,#12029);
#12031=IFCDIRECTION((0.,0.,1.));
#12032=IFCEXTRUDEDAREASOLID(#12026,#12030,#12031,0.02500000037252903);
#12033=IFCCARTESIANPOINTLIST2D(((0.,0.),(0.,2.0250000022351742),(0.94999998062849045,2.0250000022351742),(0.94999998062849045,0.),(0.87499997764825821,0.),(0.87499997764825821,1.9499999992549419),(0.075000002980232239,1.9499999992549419),(0.075000002980232239,0.)));
#12034=IFCINDEXEDPOLYCURVE(#12033,(IFCLINEINDEX((1,2,3,4,5,6,7,8,1))),$);
#12035=IFCARBITRARYCLOSEDPROFILEDEF(.AREA.,$,#12034);
#12036=IFCCARTESIANPOINT((-0.025000002235174179,-0.004999999888241291,0.));
#12037=IFCDIRECTION((0.,-1.,0.));
#12038=IFCDIRECTION((1.,0.,0.));
#12039=IFCAXIS2PLACEMENT3D(#12036,#12037,#12038);
#12040=IFCDIRECTION((0.,0.,-1.));
#12041=IFCEXTRUDEDAREASOLID(#12035,#12039,#12040,0.004999999888241291);
#12042=IFCCARTESIANPOINTLIST2D(((0.,0.),(0.,2.0250000022351742),(0.94999998062849045,2.0250000022351742),(0.94999998062849045,0.),(0.89999997802078724,0.),(0.89999997802078724,1.974999999627471),(0.050000002607703209,1.974999999627471),(0.050000002607703209,0.)));
#12043=IFCINDEXEDPOLYCURVE(#12042,(IFCLINEINDEX((1,2,3,4,5,6,7,8,1))),$);
#12044=IFCARBITRARYCLOSEDPROFILEDEF(.AREA.,$,#12043);
#12045=IFCCARTESIANPOINT((-0.025000002235174179,0.05000000074505806,0.));
#12046=IFCDIRECTION((0.,-1.,0.));
#12047=IFCDIRECTION((1.,0.,0.));
#12048=IFCAXIS2PLACEMENT3D(#12045,#12046,#12047);
#12049=IFCDIRECTION((0.,0.,-1.));
#12050=IFCEXTRUDEDAREASOLID(#12044,#12048,#12049,0.004999999888241291);
#12051=IFCCARTESIANPOINTLIST2D(((0.,0.),(0.84999997541308403,0.),(0.84999997541308403,0.035000000149011612),(0.,0.035000000149011612)));
#12052=IFCINDEXEDPOLYCURVE(#12051,(IFCLINEINDEX((1,2,3,4,1))),$);
#12053=IFCARBITRARYCLOSEDPROFILEDEF(.AREA.,$,#12052);
#12054=IFCCARTESIANPOINT((0.02500000037252903,0.02500000037252903,0.02500000037252903));
#12055=IFCDIRECTION((0.,0.,1.));
#12056=IFCDIRECTION((1.,0.,0.));
#12057=IFCAXIS2PLACEMENT3D(#12054,#12055,#12056);
#12058=IFCDIRECTION((0.,0.,1.));
#12059=IFCEXTRUDEDAREASOLID(#12053,#12057,#12058,1.9499999992549419);
#12060=IFCCARTESIANPOINTLIST2D(((0.,0.),(0.,-0.040000000000000001),(-0.11999999999999988,-0.040000000000000001),(-0.11999999999999988,-0.02),(-0.020000000000000018,-0.02),(-0.020000000000000018,0.)));
#12061=IFCINDEXEDPOLYCURVE(#12060,(IFCLINEINDEX((1,2,3,4,5,6,1))),$);
#12062=IFCARBITRARYCLOSEDPROFILEDEF(.AREA.,$,#12061);
#12063=IFCCARTESIANPOINT((0.82499997578561302,0.02500000037252903,1.015000000372529));
#12064=IFCDIRECTION((0.,0.,1.));
#12065=IFCDIRECTION((1.,0.,0.));
#12066=IFCAXIS2PLACEMENT3D(#12063,#12064,#12065);
#12067=IFCDIRECTION((0.,0.,1.));
#12068=IFCEXTRUDEDAREASOLID(#12062,#12066,#12067,0.02);
#12069=IFCEXTRUDEDAREASOLID(#12070,#12073,#12077,0.02);
#12070=IFCARBITRARYCLOSEDPROFILEDEF(.AREA.,$,#12071);
#12071=IFCINDEXEDPOLYCURVE(#12072,(IFCLINEINDEX((1,2,3,4,5,6,1))),$);
#12072=IFCCARTESIANPOINTLIST2D(((0.,0.),(0.,0.040000000000000008),(-0.11999999999999988,0.040000000000000008),(-0.11999999999999988,0.020000000000000004),(-0.020000000000000018,0.020000000000000004),(-0.020000000000000018,0.)));
#12073=IFCAXIS2PLACEMENT3D(#12074,#12075,#12076);
#12074=IFCCARTESIANPOINT((0.82499997578561302,0.060000000521540642,1.015000000372529));
#12075=IFCDIRECTION((0.,0.,1.));
#12076=IFCDIRECTION((1.,0.,0.));
#12077=IFCDIRECTION((0.,0.,1.));
#12078=IFCSHAPEREPRESENTATION(#11,'Body','SweptSolid',(#12014,#12023,#12059,#12068,#12069,#12032,#12041,#12050));
#12079=IFCCARTESIANPOINTLIST2D(((0.,0.),(0.,0.05000000074505806),(0.02500000037252903,0.05000000074505806),(0.02500000037252903,0.02500000037252903),(0.05000000074505806,0.02500000037252903),(0.05000000074505806,0.)));
#12080=IFCINDEXEDPOLYCURVE(#12079,(IFCLINEINDEX((1,2,3,4,5,6,1))),$);
#12081=IFCINDEXEDPOLYCURVE(#12082,(IFCLINEINDEX((1,2,3,4,5,6,1))),$);
#12082=IFCCARTESIANPOINTLIST2D(((0.89999997615814209,0.),(0.89999997615814209,0.05000000074505806),(0.87499997578561306,0.05000000074505806),(0.87499997578561306,0.02500000037252903),(0.84999997541308403,0.02500000037252903),(0.84999997541308403,0.)));
#12083=IFCDIRECTION((1.,0.));
#12084=IFCCARTESIANPOINT((0.060000000521540642,0.05000000074505806));
#12085=IFCAXIS2PLACEMENT2D(#12084,#12083);
#12086=IFCELLIPSE(#12085,0.81499997526407242,0.84999997541308403);
#12087=IFCCARTESIANPOINT((0.87499997578561306,0.05000000074505806));
#12088=IFCCARTESIANPOINT((0.060000000521540642,0.89999997615814209));
#12089=IFCTRIMMEDCURVE(#12086,(#12087),(#12088),.T.,.CARTESIAN.);
#12090=IFCCARTESIANPOINTLIST2D(((0.02500000037252903,0.05000000074505806),(0.060000000521540642,0.05000000074505806),(0.060000000521540642,0.89999997615814209),(0.02500000037252903,0.89999997615814209)));
#12091=IFCINDEXEDPOLYCURVE(#12090,(IFCLINEINDEX((1,2,3,4,1))),$);
#12092=IFCSHAPEREPRESENTATION(#24,'Body','Curve2D',(#12080,#12081,#12089,#12091));
#12093=IFCCARTESIANPOINTLIST2D(((0.,0.),(0.89999997615814209,0.),(0.89999997615814209,2.),(0.,2.)));
#12094=IFCINDEXEDPOLYCURVE(#12093,(IFCLINEINDEX((1,2,3,4,1))),$);
#12095=IFCARBITRARYCLOSEDPROFILEDEF(.AREA.,$,#12094);
#12096=IFCCARTESIANPOINT((0.,-0.60000002384185791,0.));
#12097=IFCDIRECTION((0.,-1.,0.));
#12098=IFCDIRECTION((1.,0.,0.));
#12099=IFCAXIS2PLACEMENT3D(#12096,#12097,#12098);
#12100=IFCDIRECTION((0.,0.,-1.));
#12101=IFCEXTRUDEDAREASOLID(#12095,#12099,#12100,1.2);
#12102=IFCSHAPEREPRESENTATION(#11,'Body','SweptSolid',(#12101));
#12108=IFCCARTESIANPOINT((0.22362369957510453,0.015000038838234087,0.));
#12109=IFCDIRECTION((0.,0.,1.));
#12110=IFCDIRECTION((0.99999999999998479,-1.7484555314694642E-07,0.));
#12111=IFCAXIS2PLACEMENT3D(#12108,#12109,#12110);
#12112=IFCLOCALPLACEMENT(#12841,#12111);
#12113=IFCCARTESIANPOINT((1.1102230246251565E-16,0.,0.));
#12114=IFCDIRECTION((0.,0.,1.));
#12115=IFCDIRECTION((1.,0.,0.));
#12116=IFCAXIS2PLACEMENT3D(#12113,#12114,#12115);
#12117=IFCLOCALPLACEMENT(#12112,#12116);
#12325=IFCCARTESIANPOINT((6.137117443657524,1.0116246795810468E-06,1.));
#12326=IFCDIRECTION((0.,0.,1.));
#12327=IFCDIRECTION((0.99999999999999278,1.1920913307026694E-07,0.));
#12328=IFCAXIS2PLACEMENT3D(#12325,#12326,#12327);
#12329=IFCLOCALPLACEMENT(#12796,#12328);
#12335=IFCWINDOW('1XGTlEvQHFYgIiHV$MvU8e',$,'Window',$,$,#12562,#12344,$,0.89999997615814209,1.2041174173355103,$,.DOUBLE_PANEL_VERTICAL.,$);
#12336=IFCRELDEFINESBYTYPE('0XElzHPvTBGOjcBYBvzR19',$,$,$,(#12335),#9792);
#12337=IFCCARTESIANPOINT((0.,0.,0.));
#12338=IFCDIRECTION((1.,0.,0.));
#12339=IFCDIRECTION((0.,1.,0.));
#12340=IFCDIRECTION((0.,0.,1.));
#12341=IFCCARTESIANTRANSFORMATIONOPERATOR3D(#12338,#12339,#12337,1.,#12340);
#12342=IFCMAPPEDITEM(#9795,#12341);
#12343=IFCSHAPEREPRESENTATION(#18,'Profile','MappedRepresentation',(#12342));
#12344=IFCPRODUCTDEFINITIONSHAPE($,$,(#12343,#12351,#12358));
#12345=IFCCARTESIANPOINT((0.,0.,0.));
#12346=IFCDIRECTION((1.,0.,0.));
#12347=IFCDIRECTION((0.,1.,0.));
#12348=IFCDIRECTION((0.,0.,1.));
#12349=IFCCARTESIANTRANSFORMATIONOPERATOR3D(#12346,#12347,#12345,1.,#12348);
#12350=IFCMAPPEDITEM(#9803,#12349);
#12351=IFCSHAPEREPRESENTATION(#11,'Body','MappedRepresentation',(#12350));
#12352=IFCCARTESIANPOINT((0.,0.,0.));
#12353=IFCDIRECTION((1.,0.,0.));
#12354=IFCDIRECTION((0.,1.,0.));
#12355=IFCDIRECTION((0.,0.,1.));
#12356=IFCCARTESIANTRANSFORMATIONOPERATOR3D(#12353,#12354,#12352,1.,#12355);
#12357=IFCMAPPEDITEM(#9851,#12356);
#12358=IFCSHAPEREPRESENTATION(#24,'Body','MappedRepresentation',(#12357));
#12359=IFCOPENINGELEMENT('1yCo5NGiXCtwaaPSp9hAZy',$,'Opening',$,$,#12557,#12387,$,.OPENING.);
#12375=IFCCARTESIANPOINT((0.,0.,0.));
#12376=IFCDIRECTION((1.,0.,0.));
#12377=IFCDIRECTION((0.,0.,1.));
#12378=IFCAXIS2PLACEMENT3D(#12375,#12377,#12376);
#12379=IFCREPRESENTATIONMAP(#12378,#12547);
#12380=IFCCARTESIANPOINT((0.,0.,0.));
#12381=IFCDIRECTION((1.,0.,0.));
#12382=IFCDIRECTION((0.,1.,0.));
#12383=IFCDIRECTION((0.,0.,1.));
#12384=IFCCARTESIANTRANSFORMATIONOPERATOR3D(#12381,#12382,#12380,1.,#12383);
#12385=IFCMAPPEDITEM(#12379,#12384);
#12386=IFCSHAPEREPRESENTATION(#11,'Body','MappedRepresentation',(#12385));
#12387=IFCPRODUCTDEFINITIONSHAPE($,$,(#12386));
#12388=IFCRELVOIDSELEMENT('0rPYyzApz5gP1pe7RUDceO',$,$,$,#6366,#12359);
#12394=IFCRELFILLSELEMENT('1FRR7NeXfDSfy6x5P0T_bP',$,$,$,#12359,#12335);
#12415=IFCCARTESIANPOINTLIST3D(((0.,0.,0.),(1.2041174173355103,0.,0.),(1.2041174173355103,0.,0.89999997615814209),(0.,0.,0.89999997615814209)));
#12416=IFCINDEXEDPOLYCURVE(#12415,(IFCLINEINDEX((1,2,3,4,1))),$);
#12417=IFCSHAPEREPRESENTATION(#18,'Profile','Curve3D',(#12416));
#12418=IFCCARTESIANPOINTLIST2D(((0.62530976533889771,0.),(0.,0.),(0.,0.89999997615814209),(0.62530976533889771,0.89999997615814209),(0.62530976533889771,0.87499997578561306),(0.02500000037252903,0.87499997578561306),(0.02500000037252903,0.02500000037252903),(0.62530976533889771,0.02500000037252903)));
#12419=IFCINDEXEDPOLYCURVE(#12418,(IFCLINEINDEX((1,2,3,4,5,6,7,8,1))),$);
#12420=IFCARBITRARYCLOSEDPROFILEDEF(.AREA.,$,#12419);
#12421=IFCCARTESIANPOINT((0.,0.090000001713633537,0.));
#12422=IFCDIRECTION((0.,-1.,0.));
#12423=IFCDIRECTION((1.,0.,0.));
#12424=IFCAXIS2PLACEMENT3D(#12421,#12422,#12423);
#12425=IFCDIRECTION((0.,0.,-1.));
#12426=IFCEXTRUDEDAREASOLID(#12420,#12424,#12425,0.0099999997764825821);
#12427=IFCCARTESIANPOINTLIST2D(((0.,0.),(0.62530976533889771,0.),(0.62530976533889771,0.89999997615814209),(0.,0.89999997615814209)));
#12428=IFCINDEXEDPOLYCURVE(#12427,(IFCLINEINDEX((1,2,3,4,1))),$);
#12429=IFCCARTESIANPOINTLIST2D(((0.05000000074505806,0.05000000074505806),(0.60030976496636868,0.05000000074505806),(0.60030976496636868,0.84999997541308403),(0.05000000074505806,0.84999997541308403)));
#12430=IFCINDEXEDPOLYCURVE(#12429,(IFCLINEINDEX((1,2,3,4,1))),$);
#12431=IFCARBITRARYPROFILEDEFWITHVOIDS(.AREA.,$,#12428,(#12430));
#12432=IFCCARTESIANPOINT((0.,0.05000000074505806,0.));
#12433=IFCDIRECTION((0.,-1.,0.));
#12434=IFCDIRECTION((1.,0.,0.));
#12435=IFCAXIS2PLACEMENT3D(#12432,#12433,#12434);
#12436=IFCDIRECTION((0.,0.,-1.));
#12437=IFCEXTRUDEDAREASOLID(#12431,#12435,#12436,0.040000000968575478);
#12438=IFCCARTESIANPOINTLIST2D(((0.,0.),(0.60030976496636868,0.),(0.60030976496636868,0.84999997541308403),(0.,0.84999997541308403)));
#12439=IFCINDEXEDPOLYCURVE(#12438,(IFCLINEINDEX((1,2,3,4,1))),$);
#12440=IFCCARTESIANPOINTLIST2D(((0.035000000149011612,0.035000000149011612),(0.56530976481735706,0.035000000149011612),(0.56530976481735706,0.81499997526407242),(0.035000000149011612,0.81499997526407242)));
#12441=IFCINDEXEDPOLYCURVE(#12440,(IFCLINEINDEX((1,2,3,4,1))),$);
#12442=IFCARBITRARYPROFILEDEFWITHVOIDS(.AREA.,$,#12439,(#12441));
#12443=IFCCARTESIANPOINT((0.02500000037252903,0.090000001713633537,0.02500000037252903));
#12444=IFCDIRECTION((0.,-1.,0.));
#12445=IFCDIRECTION((1.,0.,0.));
#12446=IFCAXIS2PLACEMENT3D(#12443,#12444,#12445);
#12447=IFCDIRECTION((0.,0.,-1.));
#12448=IFCEXTRUDEDAREASOLID(#12442,#12446,#12447,0.035000000149011612);
#12449=IFCINDEXEDPOLYCURVE(#12450,(IFCLINEINDEX((1,2,3,4,1))),$);
#12450=IFCCARTESIANPOINTLIST2D(((0.035000000149011612,0.035000000149011612),(0.56530976481735706,0.035000000149011612),(0.56530976481735706,0.81499997526407242),(0.035000000149011612,0.81499997526407242)));
#12451=IFCARBITRARYCLOSEDPROFILEDEF(.AREA.,$,#12449);
#12452=IFCCARTESIANPOINT((0.02500000037252903,0.10250000178813934,0.02500000037252903));
#12453=IFCDIRECTION((0.,-1.,0.));
#12454=IFCDIRECTION((1.,0.,0.));
#12455=IFCAXIS2PLACEMENT3D(#12452,#12453,#12454);
#12456=IFCDIRECTION((0.,0.,-1.));
#12457=IFCEXTRUDEDAREASOLID(#12451,#12455,#12456,0.01);
#12458=IFCCARTESIANPOINTLIST2D(((0.,0.89999997615814209),(0.57880765199661255,0.89999997615814209),(0.57880765199661255,0.),(0.,0.),(0.,0.02500000037252903),(0.55380765162408352,0.02500000037252903),(0.55380765162408352,0.87499997578561306),(0.,0.87499997578561306)));
#12459=IFCINDEXEDPOLYCURVE(#12458,(IFCLINEINDEX((1,2,3,4,5,6,7,8,1))),$);
#12460=IFCARBITRARYCLOSEDPROFILEDEF(.AREA.,$,#12459);
#12461=IFCCARTESIANPOINT((0.62530976533889771,0.090000001713633537,0.));
#12462=IFCDIRECTION((0.,-1.,0.));
#12463=IFCDIRECTION((1.,0.,0.));
#12464=IFCAXIS2PLACEMENT3D(#12461,#12462,#12463);
#12465=IFCDIRECTION((0.,0.,-1.));
#12466=IFCEXTRUDEDAREASOLID(#12460,#12464,#12465,0.0099999997764825821);
#12467=IFCCARTESIANPOINTLIST2D(((0.,0.),(0.57880765199661255,0.),(0.57880765199661255,0.89999997615814209),(0.,0.89999997615814209)));
#12468=IFCINDEXEDPOLYCURVE(#12467,(IFCLINEINDEX((1,2,3,4,1))),$);
#12469=IFCCARTESIANPOINTLIST2D(((0.02500000037252903,0.05000000074505806),(0.52880765125155449,0.05000000074505806),(0.52880765125155449,0.84999997541308403),(0.02500000037252903,0.84999997541308403)));
#12470=IFCINDEXEDPOLYCURVE(#12469,(IFCLINEINDEX((1,2,3,4,1))),$);
#12471=IFCARBITRARYPROFILEDEFWITHVOIDS(.AREA.,$,#12468,(#12470));
#12472=IFCCARTESIANPOINT((0.62530976533889771,0.05000000074505806,0.));
#12473=IFCDIRECTION((0.,-1.,0.));
#12474=IFCDIRECTION((1.,0.,0.));
#12475=IFCAXIS2PLACEMENT3D(#12472,#12473,#12474);
#12476=IFCDIRECTION((0.,0.,-1.));
#12477=IFCEXTRUDEDAREASOLID(#12471,#12475,#12476,0.040000000968575478);
#12478=IFCCARTESIANPOINTLIST2D(((0.,0.),(0.55380765162408352,0.),(0.55380765162408352,0.84999997541308403),(0.,0.84999997541308403)));
#12479=IFCINDEXEDPOLYCURVE(#12478,(IFCLINEINDEX((1,2,3,4,1))),$);
#12480=IFCCARTESIANPOINTLIST2D(((0.035000000149011612,0.035000000149011612),(0.51880765147507191,0.035000000149011612),(0.51880765147507191,0.81499997526407242),(0.035000000149011612,0.81499997526407242)));
#12481=IFCINDEXEDPOLYCURVE(#12480,(IFCLINEINDEX((1,2,3,4,1))),$);
#12482=IFCARBITRARYPROFILEDEFWITHVOIDS(.AREA.,$,#12479,(#12481));
#12483=IFCCARTESIANPOINT((0.62530976533889771,0.090000001713633537,0.02500000037252903));
#12484=IFCDIRECTION((0.,-1.,0.));
#12485=IFCDIRECTION((1.,0.,0.));
#12486=IFCAXIS2PLACEMENT3D(#12483,#12484,#12485);
#12487=IFCDIRECTION((0.,0.,-1.));
#12488=IFCEXTRUDEDAREASOLID(#12482,#12486,#12487,0.035000000149011612);
#12489=IFCINDEXEDPOLYCURVE(#12490,(IFCLINEINDEX((1,2,3,4,1))),$);
#12490=IFCCARTESIANPOINTLIST2D(((0.035000000149011612,0.035000000149011612),(0.51880765147507191,0.035000000149011612),(0.51880765147507191,0.81499997526407242),(0.035000000149011612,0.81499997526407242)));
#12491=IFCARBITRARYCLOSEDPROFILEDEF(.AREA.,$,#12489);
#12492=IFCCARTESIANPOINT((0.62530976533889771,0.10250000178813934,0.02500000037252903));
#12493=IFCDIRECTION((0.,-1.,0.));
#12494=IFCDIRECTION((1.,0.,0.));
#12495=IFCAXIS2PLACEMENT3D(#12492,#12493,#12494);
#12496=IFCDIRECTION((0.,0.,-1.));
#12497=IFCEXTRUDEDAREASOLID(#12491,#12495,#12496,0.01);
#12498=IFCSHAPEREPRESENTATION(#11,'Body','SweptSolid',(#12426,#12437,#12448,#12457,#12466,#12477,#12488,#12497));
#12499=IFCSHAPEREPRESENTATION(#11,'Body','SweptSolid',(#12426,#12437,#12466,#12477));
#12500=IFCSHAPEASPECT((#12499),'Lining',$,.T.,#12344);
#12501=IFCSHAPEREPRESENTATION(#11,'Body','SweptSolid',(#12448,#12488));
#12502=IFCSHAPEASPECT((#12501),'Framing',$,.T.,#12344);
#12503=IFCSHAPEREPRESENTATION(#11,'Body','SweptSolid',(#12457,#12497));
#12504=IFCSHAPEASPECT((#12503),'Glazing',$,.T.,#12344);
#12505=IFCCARTESIANPOINTLIST2D(((0.05000000074505806,0.05000000074505806),(0.60030976496636868,0.05000000074505806)));
#12506=IFCINDEXEDPOLYCURVE(#12505,$,$);
#12507=IFCCARTESIANPOINTLIST2D(((0.,0.10000000149011612),(0.02500000037252903,0.10000000149011612),(0.02500000037252903,0.090000001713633537),(0.05000000074505806,0.090000001713633537),(0.05000000074505806,0.05000000074505806),(0.,0.05000000074505806)));
#12508=IFCINDEXEDPOLYCURVE(#12507,(IFCLINEINDEX((1,2,3,4,5,6,1))),$);
#12509=IFCCARTESIANPOINTLIST2D(((0.62530976533889771,0.10000000149011612),(0.62530976533889771,0.10000000149011612),(0.62530976533889771,0.090000001713633537),(0.60030976496636868,0.090000001713633537),(0.60030976496636868,0.05000000074505806),(0.62530976533889771,0.05000000074505806)));
#12510=IFCINDEXEDPOLYCURVE(#12509,$,$);
#12511=IFCCARTESIANPOINTLIST2D(((0.02500000037252903,0.090000001713633537),(0.060000000521540642,0.090000001713633537),(0.060000000521540642,0.12500000186264515),(0.02500000037252903,0.12500000186264515)));
#12512=IFCINDEXEDPOLYCURVE(#12511,(IFCLINEINDEX((1,2,3,4,1))),$);
#12513=IFCINDEXEDPOLYCURVE(#12514,(IFCLINEINDEX((1,2,3,4,1))),$);
#12514=IFCCARTESIANPOINTLIST2D(((0.62530976533889771,0.090000001713633537),(0.59030976518988609,0.090000001713633537),(0.59030976518988609,0.12500000186264515),(0.62530976533889771,0.12500000186264515)));
#12515=IFCCARTESIANPOINTLIST2D(((0.060000000521540642,0.090000001713633537),(0.59030976518988609,0.090000001713633537)));
#12516=IFCINDEXEDPOLYCURVE(#12515,$,$);
#12517=IFCINDEXEDPOLYCURVE(#12518,$,$);
#12518=IFCCARTESIANPOINTLIST2D(((0.060000000521540642,0.12500000186264515),(0.59030976518988609,0.12500000186264515)));
#12519=IFCINDEXEDPOLYCURVE(#12520,$,$);
#12520=IFCCARTESIANPOINTLIST2D(((0.060000000521540642,0.10750000178813934),(0.59030976518988609,0.10750000178813934)));
#12521=IFCCARTESIANPOINTLIST2D(((0.65030976571142673,0.05000000074505806),(1.1541174165904522,0.05000000074505806)));
#12522=IFCINDEXEDPOLYCURVE(#12521,$,$);
#12523=IFCCARTESIANPOINTLIST2D(((0.62530976533889771,0.10000000149011612),(0.62530976533889771,0.10000000149011612),(0.62530976533889771,0.090000001713633537),(0.65030976571142673,0.090000001713633537),(0.65030976571142673,0.05000000074505806),(0.62530976533889771,0.05000000074505806)));
#12524=IFCINDEXEDPOLYCURVE(#12523,$,$);
#12525=IFCCARTESIANPOINTLIST2D(((1.2041174173355103,0.10000000149011612),(1.1791174169629812,0.10000000149011612),(1.1791174169629812,0.090000001713633537),(1.1541174165904522,0.090000001713633537),(1.1541174165904522,0.05000000074505806),(1.2041174173355103,0.05000000074505806)));
#12526=IFCINDEXEDPOLYCURVE(#12525,(IFCLINEINDEX((1,2,3,4,5,6,1))),$);
#12527=IFCCARTESIANPOINTLIST2D(((0.62530976533889771,0.090000001713633537),(0.66030976548790932,0.090000001713633537),(0.66030976548790932,0.12500000186264515),(0.62530976533889771,0.12500000186264515)));
#12528=IFCINDEXEDPOLYCURVE(#12527,(IFCLINEINDEX((1,2,3,4,1))),$);
#12529=IFCINDEXEDPOLYCURVE(#12530,(IFCLINEINDEX((1,2,3,4,1))),$);
#12530=IFCCARTESIANPOINTLIST2D(((1.1791174169629812,0.090000001713633537),(1.1441174168139696,0.090000001713633537),(1.1441174168139696,0.12500000186264515),(1.1791174169629812,0.12500000186264515)));
#12531=IFCCARTESIANPOINTLIST2D(((0.66030976548790932,0.090000001713633537),(1.1441174168139696,0.090000001713633537)));
#12532=IFCINDEXEDPOLYCURVE(#12531,$,$);
#12533=IFCINDEXEDPOLYCURVE(#12534,$,$);
#12534=IFCCARTESIANPOINTLIST2D(((0.66030976548790932,0.12500000186264515),(1.1441174168139696,0.12500000186264515)));
#12535=IFCINDEXEDPOLYCURVE(#12536,$,$);
#12536=IFCCARTESIANPOINTLIST2D(((0.66030976548790932,0.10750000178813934),(1.1441174168139696,0.10750000178813934)));
#12537=IFCSHAPEREPRESENTATION(#24,'Body','Curve2D',(#12506,#12508,#12510,#12512,#12513,#12516,#12517,#12519,#12522,#12524,#12526,#12528,#12529,#12532,#12533,#12535));
#12538=IFCCARTESIANPOINTLIST2D(((0.,0.),(1.2041174173355103,0.),(1.2041174173355103,0.89999997615814209),(0.,0.89999997615814209)));
#12539=IFCINDEXEDPOLYCURVE(#12538,(IFCLINEINDEX((1,2,3,4,1))),$);
#12540=IFCARBITRARYCLOSEDPROFILEDEF(.AREA.,$,#12539);
#12541=IFCCARTESIANPOINT((0.,-0.60000002384185791,0.));
#12542=IFCDIRECTION((0.,-1.,0.));
#12543=IFCDIRECTION((1.,0.,0.));
#12544=IFCAXIS2PLACEMENT3D(#12541,#12542,#12543);
#12545=IFCDIRECTION((0.,0.,-1.));
#12546=IFCEXTRUDEDAREASOLID(#12540,#12544,#12545,1.2);
#12547=IFCSHAPEREPRESENTATION(#11,'Body','SweptSolid',(#12546));
#12553=IFCCARTESIANPOINT((0.32656875829028342,2.384185791015625E-07,1.));
#12554=IFCDIRECTION((0.,0.,1.));
#12555=IFCDIRECTION((0.99999999999997158,-2.3841857910155572E-07,0.));
#12556=IFCAXIS2PLACEMENT3D(#12553,#12554,#12555);
#12557=IFCLOCALPLACEMENT(#12786,#12556);
#12558=IFCCARTESIANPOINT((0.,0.,0.));
#12559=IFCDIRECTION((0.,0.,1.));
#12560=IFCDIRECTION((1.,0.,0.));
#12561=IFCAXIS2PLACEMENT3D(#12558,#12559,#12560);
#12562=IFCLOCALPLACEMENT(#12557,#12561);
#12563=IFCCARTESIANPOINT((0.90000007138643801,0.084999934436104652,0.));
#12564=IFCDIRECTION((0.,0.,1.));
#12565=IFCDIRECTION((-0.99999999999999944,3.1786498766447871E-08,0.));
#12566=IFCAXIS2PLACEMENT3D(#12563,#12564,#12565);
#12567=IFCLOCALPLACEMENT(#8174,#12566);
#12568=IFCCARTESIANPOINT((-8.8817841970012523E-16,4.4408920985006262E-16,0.));
#12569=IFCDIRECTION((0.,0.,1.));
#12570=IFCDIRECTION((1.,0.,0.));
#12571=IFCAXIS2PLACEMENT3D(#12568,#12569,#12570);
#12572=IFCLOCALPLACEMENT(#11516,#12571);
#12573=IFCCARTESIANPOINT((-2.7755575615628914E-17,0.,0.));
#12574=IFCDIRECTION((0.,0.,1.));
#12575=IFCDIRECTION((0.99999999999999989,4.3368086899420177E-19,0.));
#12576=IFCAXIS2PLACEMENT3D(#12573,#12574,#12575);
#12577=IFCLOCALPLACEMENT(#11501,#12576);
#12578=IFCCARTESIANPOINT((-8.8817841970012523E-16,4.4408920985006262E-16,0.));
#12579=IFCDIRECTION((0.,0.,1.));
#12580=IFCDIRECTION((1.,0.,0.));
#12581=IFCAXIS2PLACEMENT3D(#12578,#12579,#12580);
#12582=IFCLOCALPLACEMENT(#11531,#12581);
#12583=IFCCARTESIANPOINT((-8.8817841970012523E-16,0.,0.));
#12584=IFCDIRECTION((0.,0.,1.));
#12585=IFCDIRECTION((1.,0.,0.));
#12586=IFCAXIS2PLACEMENT3D(#12583,#12584,#12585);
#12587=IFCLOCALPLACEMENT(#12329,#12586);
#12588=IFCCOVERINGTYPE('3z0rx5EYPBL8dWPj5qwijf',$,'FL-1-GF',$,$,(#12592),$,$,$,.FLOORING.);
#12589=IFCMATERIALLAYERSET((#12611,#12612),$,$);
#12590=IFCRELASSOCIATESMATERIAL('236fprfynA7RBG_EGxkj73',$,$,$,(#12588),#12589);
#12592=IFCPROPERTYSET('2QrSo9mjH1Pf$3wtsRuq3I',$,'EPset_Parametric',$,(#12593));
#12593=IFCPROPERTYSINGLEVALUE('LayerSetDirection',$,IFCLABEL('AXIS3'),$);
#12594=IFCCOVERING('2aPgcrXjvCAuszt6zvfVMN',$,'Covering',$,$,#12617,#12608,$,$);
#12595=IFCRELDEFINESBYTYPE('2quPp00H164PtIHkIGwKDm',$,$,$,(#12594),#12588);
#12596=IFCMATERIALLAYERSETUSAGE(#12589,.AXIS3.,.POSITIVE.,0.,$);
#12597=IFCRELASSOCIATESMATERIAL('3LGbexxg5DhA8EPUl_UqRL',$,$,$,(#12594),#12596);
#12598=IFCCARTESIANPOINTLIST2D(((-1.5083645582199097,1.3771347999572754),(1.7416353225708008,1.3771347999572754),(1.7416353225708008,-7.5228652954101562),(-2.0783646106719971,-7.5228652954101562),(-2.0783646106719971,-7.5228652954101562),(-2.0783646106719971,-5.0828652381896973),(-2.0783646106719971,-5.0328655242919922),(-2.0783646106719971,-5.0328655242919922),(-2.0783646106719971,-4.9828653335571289),(-2.0783646106719971,-2.3828651905059814),(-3.52036452293396,-2.3828651905059814),(-3.5703644752502441,-2.3828651905059814),(-3.5703644752502441,-1.6128652095794678),(-3.5703644752502441,-1.5628652572631836),(-1.5083645582199097,-1.5628652572631836),(-1.5083645582199097,-0.12286520004272461),(-1.5083645582199097,-0.072865486145019531),(-1.5083645582199097,-0.02286529541015625)));
#12599=IFCINDEXEDPOLYCURVE(#12598,(IFCLINEINDEX((1,2,3,4,5,6,7,8,9,10,11,12,13,14,15,16,17,18,1))),$);
#12600=IFCARBITRARYCLOSEDPROFILEDEF(.AREA.,$,#12599);
#12601=IFCCARTESIANPOINT((0.,0.,0.));
#12602=IFCDIRECTION((0.,0.,1.));
#12603=IFCDIRECTION((1.,0.,0.));
#12604=IFCAXIS2PLACEMENT3D(#12601,#12602,#12603);
#12605=IFCDIRECTION((0.,0.,1.));
#12606=IFCEXTRUDEDAREASOLID(#12600,#12604,#12605,0.09999999962747097);
#12607=IFCSHAPEREPRESENTATION(#11,'Body','SweptSolid',(#12606));
#12608=IFCPRODUCTDEFINITIONSHAPE($,$,(#12607));
#12609=IFCMATERIAL('screed',$,'cement');
#12610=IFCMATERIAL('parquet',$,'wood');
#12611=IFCMATERIALLAYER(#12609,0.070000000298023224,$,$,$,$,$);
#12612=IFCMATERIALLAYER(#12610,0.029999999329447746,$,$,$,$,$);
#12613=IFCCARTESIANPOINT((2.3853645324707031,5.0228652954101562,0.));
#12614=IFCDIRECTION((0.,0.,1.));
#12615=IFCDIRECTION((1.,0.,0.));
#12616=IFCAXIS2PLACEMENT3D(#12613,#12614,#12615);
#12617=IFCLOCALPLACEMENT(#79,#12616);
#12618=IFCSTAIRFLIGHTTYPE('3mfWniSbH9euCYvUPXVBPN',$,'Stair-1',$,$,(#12619,#12621),(#12663,#14010),$,$,.STRAIGHT.);
#12619=IFCPROPERTYSET('1qeNpjm_XEVQs_M0gsng86',$,'BBIM_Stair',$,(#12620));
#12620=IFCPROPERTYSINGLEVALUE('Data',$,IFCTEXT('{"stair_type": "GENERIC", "width": 0.8860963582992554, "height": 1.7999999523162842, "number_of_treads": 7, "tread_run": 0.18602856993675232, "nosing_length": 0.0, "nosing_depth": 0.0, "custom_first_last_tread_run": [null, null], "custom_tread_lock": true}'),$);
#12621=IFCPROPERTYSET('3rqR$_5pP8ABl61PUiLKvI',$,'Pset_StairFlightCommon',$,(#12622,#12623,#12624,#12625,#12626));
#12622=IFCPROPERTYSINGLEVALUE('NumberOfRiser',$,IFCCOUNTMEASURE(8.),$);
#12623=IFCPROPERTYSINGLEVALUE('NumberOfTreads',$,IFCCOUNTMEASURE(7.),$);
#12624=IFCPROPERTYSINGLEVALUE('RiserHeight',$,IFCPOSITIVELENGTHMEASURE(0.22499999403953552),$);
#12625=IFCPROPERTYSINGLEVALUE('TreadLength',$,IFCPOSITIVELENGTHMEASURE(0.25),$);
#12626=IFCPROPERTYSINGLEVALUE('NosingLength',$,IFCLENGTHMEASURE(0.),$);
#12659=IFCCARTESIANPOINT((0.,0.,0.));
#12660=IFCDIRECTION((1.,0.,0.));
#12661=IFCDIRECTION((0.,0.,1.));
#12662=IFCAXIS2PLACEMENT3D(#12659,#12661,#12660);
#12663=IFCREPRESENTATIONMAP(#12662,#14001);
#12665=IFCRELDEFINESBYTYPE('22OAIClFPCjRUf2z0ncD9S',$,$,$,(#14317),#12618);
#12725=IFCSLABTYPE('2gLv5scdXFlhlUuyepfxf$',$,'Slab Landing',$,$,(#12729),$,$,$,.LANDING.);
#12726=IFCMATERIALLAYERSET((#12728),$,$);
#12727=IFCRELASSOCIATESMATERIAL('3pWVhpp0v8XuYAkC6xeiEq',$,$,$,(#12725),#12726);
#12728=IFCMATERIALLAYER(#81,1.7999999523162842,$,$,$,$,$);
#12729=IFCPROPERTYSET('3UW_6asGb7M9qpnmpjwj4a',$,'EPset_Parametric',$,(#12730));
#12730=IFCPROPERTYSINGLEVALUE('LayerSetDirection',$,IFCLABEL('AXIS3'),$);
#12754=IFCSLAB('0gFuZxf6z21P8KD$SakrhH',$,'Slab',$,$,#12881,#12769,$,$);
#12755=IFCRELDEFINESBYTYPE('2RkR4gXQ90NOYAJehe14Uo',$,$,$,(#13391,#12754),#12725);
#12756=IFCMATERIALLAYERSETUSAGE(#12726,.AXIS3.,.POSITIVE.,-0.10000000149011612,$);
#12757=IFCRELASSOCIATESMATERIAL('0YjljRSDz34wknI4$6naZ3',$,$,$,(#12754),#12756);
#12765=IFCDIRECTION((0.,0.,1.));
#12767=IFCEXTRUDEDAREASOLID(#14020,#12776,#12765,1.7999999523162842);
#12768=IFCSHAPEREPRESENTATION(#11,'Body','SweptSolid',(#12767));
#12769=IFCPRODUCTDEFINITIONSHAPE($,$,(#12768));
#12770=IFCPROPERTYSET('12MUcktuv4leY2O4K0VwPj',$,'EPset_Parametric',$,(#12772));
#12771=IFCRELDEFINESBYPROPERTIES('08i92F1VfB8vJj2QinplXc',$,$,$,(#12754),#12770);
#12772=IFCPROPERTYSINGLEVALUE('Engine',$,IFCLABEL('Bonsai.DumbLayer3'),$);
#12773=IFCCARTESIANPOINT((-0.,-0.,-0.10000000149011612));
#12774=IFCDIRECTION((0.,0.,1.));
#12775=IFCDIRECTION((1.,0.,0.));
#12776=IFCAXIS2PLACEMENT3D(#12773,#12774,#12775);
#12777=IFCCARTESIANPOINT((0.,0.,0.));
#12778=IFCDIRECTION((0.,0.,1.));
#12779=IFCDIRECTION((1.,0.,0.));
#12780=IFCAXIS2PLACEMENT3D(#12777,#12778,#12779);
#12781=IFCLOCALPLACEMENT(#56,#12780);
#12782=IFCCARTESIANPOINT((1.8327635171003416,-3.178391695022583,3.));
#12783=IFCDIRECTION((0.,0.,1.));
#12784=IFCDIRECTION((1.,0.,0.));
#12785=IFCAXIS2PLACEMENT3D(#12782,#12783,#12784);
#12786=IFCLOCALPLACEMENT(#12781,#12785);
#12787=IFCCARTESIANPOINT((4.2274778305295584,6.499932290227517,3.));
#12788=IFCDIRECTION((0.,0.,1.));
#12789=IFCDIRECTION((-0.99999865716435887,0.0016388012323486781,0.));
#12790=IFCAXIS2PLACEMENT3D(#12787,#12788,#12789);
#12791=IFCLOCALPLACEMENT(#12781,#12790);
#12792=IFCCARTESIANPOINT((-3.2841339116373875,5.5222398538936162,3.));
#12793=IFCDIRECTION((0.,0.,1.));
#12794=IFCDIRECTION((-0.0016382170618154065,-0.99999865812152888,0.));
#12795=IFCAXIS2PLACEMENT3D(#12792,#12793,#12794);
#12796=IFCLOCALPLACEMENT(#12781,#12795);
#12797=IFCCARTESIANPOINT((-3.2958471625943671,-1.6277499198913574,3.));
#12798=IFCDIRECTION((0.,0.,1.));
#12799=IFCDIRECTION((1.,0.,0.));
#12800=IFCAXIS2PLACEMENT3D(#12797,#12798,#12799);
#12801=IFCLOCALPLACEMENT(#12781,#12800);
#12802=IFCCARTESIANPOINT((4.2116153836941814,-3.178391695022583,3.));
#12803=IFCDIRECTION((0.,0.,1.));
#12804=IFCDIRECTION((0.0016389640969510187,0.99999865689744249,0.));
#12805=IFCAXIS2PLACEMENT3D(#12802,#12803,#12804);
#12806=IFCLOCALPLACEMENT(#12781,#12805);
#12807=IFCCARTESIANPOINT((4.22747802734375,6.4999322891235352,3.));
#12808=IFCDIRECTION((0.,0.,1.));
#12809=IFCDIRECTION((1.,0.,0.));
#12810=IFCAXIS2PLACEMENT3D(#12807,#12808,#12809);
#12811=IFCLOCALPLACEMENT(#12781,#12810);
#12812=IFCCARTESIANPOINT((1.8327636717653697,-2.22906455390331,3.));
#12813=IFCDIRECTION((0.,0.,1.));
#12814=IFCDIRECTION((-1.6292068494294439E-07,-0.99999999999998679,0.));
#12815=IFCAXIS2PLACEMENT3D(#12812,#12813,#12814);
#12816=IFCLOCALPLACEMENT(#12781,#12815);
#12817=IFCCARTESIANPOINT((-3.1890642642974854,2.5123672485351562,3.));
#12818=IFCDIRECTION((0.,0.,1.));
#12819=IFCDIRECTION((1.,0.,0.));
#12820=IFCAXIS2PLACEMENT3D(#12817,#12818,#12819);
#12821=IFCLOCALPLACEMENT(#12781,#12820);
#12822=IFCCARTESIANPOINT((0.36093568801879883,2.5123672485351562,3.));
#12823=IFCDIRECTION((0.,0.,1.));
#12824=IFCDIRECTION((7.5497901264043123E-08,0.99999999999999722,0.));
#12825=IFCAXIS2PLACEMENT3D(#12822,#12823,#12824);
#12826=IFCLOCALPLACEMENT(#12781,#12825);
#12827=IFCCARTESIANPOINT((0.26275730862469571,5.5164288876772494,3.));
#12828=IFCDIRECTION((0.,0.,1.));
#12829=IFCDIRECTION((-0.99999865794568543,0.0016383243964571577,0.));
#12830=IFCAXIS2PLACEMENT3D(#12827,#12828,#12829);
#12831=IFCLOCALPLACEMENT(#12781,#12830);
#12832=IFCCARTESIANPOINT((0.26437973273295723,6.5064270289954713,3.));
#12833=IFCDIRECTION((0.,0.,1.));
#12834=IFCDIRECTION((-0.0016388131066799468,-0.99999865714489911,0.));
#12835=IFCAXIS2PLACEMENT3D(#12832,#12833,#12834);
#12836=IFCLOCALPLACEMENT(#12781,#12835);
#12837=IFCCARTESIANPOINT((0.26093548235354569,-2.2290649286563538,3.));
#12838=IFCDIRECTION((0.,0.,1.));
#12839=IFCDIRECTION((0.99999999999997158,2.3841857910155572E-07,0.));
#12840=IFCAXIS2PLACEMENT3D(#12837,#12838,#12839);
#12841=IFCLOCALPLACEMENT(#12781,#12840);
#12842=IFCCARTESIANPOINT((0.26093559616821183,0.37471112608909607,3.));
#12843=IFCDIRECTION((0.,0.,1.));
#12844=IFCDIRECTION((1.,0.,0.));
#12845=IFCAXIS2PLACEMENT3D(#12842,#12843,#12844);
#12846=IFCLOCALPLACEMENT(#12781,#12845);
#12847=IFCCARTESIANPOINT((4.1248116493225098,4.9674839973449707,3.));
#12848=IFCDIRECTION((0.,0.,1.));
#12849=IFCDIRECTION((-0.99999999999998868,1.5099580252808492E-07,0.));
#12850=IFCAXIS2PLACEMENT3D(#12847,#12848,#12849);
#12851=IFCLOCALPLACEMENT(#12781,#12850);
#12852=IFCCARTESIANPOINT((0.26093568960812863,2.5123672485351567,3.));
#12853=IFCDIRECTION((0.,0.,1.));
#12854=IFCDIRECTION((-4.3711388286737889E-08,-0.99999999999999911,0.));
#12855=IFCAXIS2PLACEMENT3D(#12852,#12853,#12854);
#12856=IFCLOCALPLACEMENT(#12781,#12855);
#12857=IFCCARTESIANPOINT((0.,0.,0.));
#12858=IFCDIRECTION((0.,0.,1.));
#12859=IFCDIRECTION((1.,0.,0.));
#12860=IFCAXIS2PLACEMENT3D(#12857,#12858,#12859);
#12861=IFCLOCALPLACEMENT(#56,#12860);
#12862=IFCCARTESIANPOINT((4.2116155624389648,-3.178391695022583,6.));
#12863=IFCDIRECTION((0.,0.,1.));
#12864=IFCDIRECTION((1.,0.,0.));
#12865=IFCAXIS2PLACEMENT3D(#12862,#12863,#12864);
#12866=IFCLOCALPLACEMENT(#12861,#12865);
#12867=IFCCARTESIANPOINT((0.49714422225952148,1.660508394241333,6.1015424728393555));
#12868=IFCDIRECTION((0.,0.,1.));
#12869=IFCDIRECTION((1.,0.,0.));
#12870=IFCAXIS2PLACEMENT3D(#12867,#12868,#12869);
#12871=IFCLOCALPLACEMENT(#12861,#12870);
#12877=IFCCARTESIANPOINT((3.3135313987731934,1.305230975151062,0.20000004768371582));
#12878=IFCDIRECTION((0.,0.,1.));
#12879=IFCDIRECTION((1.,0.,0.));
#12880=IFCAXIS2PLACEMENT3D(#12877,#12878,#12879);
#12881=IFCLOCALPLACEMENT(#79,#12880);
#12882=IFCRAILINGTYPE('177LnA5mPCYA$w5qPwi0Bt',$,'Stair Rail-2',$,$,(#12883,#12885),(#12914,#14220),$,$,.USERDEFINED.);
#12883=IFCPROPERTYSET('0x1zSuMnfEPgao$HmsFuge',$,'BBIM_Railing',$,(#12884));
#12884=IFCPROPERTYSINGLEVALUE('Data',$,IFCTEXT('{"railing_type": "FRAMELESS_PANEL", "height": 1.0, "thickness": 0.05000000074505806, "spacing": 0.05000000074505806, "path_data": {"edges": [[0, 1]], "verts": [[-1.0, 0.0, 0.0], [-0.16105413436889648, 0.0, 0.0]]}}'),$);
#12885=IFCPROPERTYSET('1i1e41icvCXBmnrrPi2z4E',$,'Pset_RailingCommon',$,(#12886));
#12886=IFCPROPERTYSINGLEVALUE('Height',$,IFCPOSITIVELENGTHMEASURE(1.),$);
#12910=IFCCARTESIANPOINT((0.,0.,0.));
#12911=IFCDIRECTION((1.,0.,0.));
#12912=IFCDIRECTION((0.,0.,1.));
#12913=IFCAXIS2PLACEMENT3D(#12910,#12912,#12911);
#12914=IFCREPRESENTATIONMAP(#12913,#14211);
#12960=IFCRELDEFINESBYTYPE('0VVWILy5v0wQW6sCXPuAlm',$,$,$,(#14518,#14182),#12882);
#13028=IFCRAILINGTYPE('2lv$QaO4P8_e1briDMQ0Cv',$,'Balcony-2',$,$,(#13029,#13031),(#13033,#13126),$,$,.USERDEFINED.);
#13029=IFCPROPERTYSET('2XKfnFL2D1yORNWX6S5out',$,'BBIM_Railing',$,(#13030));
#13030=IFCPROPERTYSINGLEVALUE('Data',$,IFCTEXT('{"railing_type": "FRAMELESS_PANEL", "height": 1.0, "thickness": 0.05000000074505806, "spacing": 0.05000000074505806, "path_data": {"edges": [[0, 1], [1, 2]], "verts": [[-0.14194250106811523, 0.0, 0.0], [0.0, 0.0, 0.0], [1.0, 0.0, 0.0]]}}'),$);
#13031=IFCPROPERTYSET('3hYR_scAbCf8OT8t9JmAJl',$,'Pset_RailingCommon',$,(#13032));
#13032=IFCPROPERTYSINGLEVALUE('Height',$,IFCPOSITIVELENGTHMEASURE(1.),$);
#13033=IFCREPRESENTATIONMAP(#13034,#13117);
#13034=IFCAXIS2PLACEMENT3D(#13035,#13036,#13037);
#13035=IFCCARTESIANPOINT((0.,0.,0.));
#13036=IFCDIRECTION((0.,0.,1.));
#13037=IFCDIRECTION((1.,0.,0.));
#13081=IFCRAILING('3KU9PwRzf9ShfR_zf4SBrF',$,'Railing',$,'FRAMELESS_PANEL',#13338,#13090,$,.USERDEFINED.);
#13082=IFCRELDEFINESBYTYPE('0t6TCcw7T08gVy_HB4cDLo',$,$,$,(#13081),#13028);
#13083=IFCCARTESIANPOINT((0.,0.,0.));
#13084=IFCDIRECTION((1.,0.,0.));
#13085=IFCDIRECTION((0.,1.,0.));
#13086=IFCDIRECTION((0.,0.,1.));
#13087=IFCCARTESIANTRANSFORMATIONOPERATOR3D(#13084,#13085,#13083,1.,#13086);
#13088=IFCMAPPEDITEM(#13033,#13087);
#13089=IFCSHAPEREPRESENTATION(#11,'Body','MappedRepresentation',(#13088));
#13090=IFCPRODUCTDEFINITIONSHAPE($,$,(#13089,#13133));
#13103=IFCINDEXEDPOLYGONALFACE((16,19,18,17));
#13104=IFCINDEXEDPOLYGONALFACE((20,23,22,21));
#13105=IFCINDEXEDPOLYGONALFACE((5,11,10,4,8,9));
#13106=IFCINDEXEDPOLYGONALFACE((7,15,14,6,12,13));
#13107=IFCINDEXEDPOLYGONALFACE((12,22,23,13));
#13108=IFCINDEXEDPOLYGONALFACE((6,14,21,22,12));
#13109=IFCINDEXEDPOLYGONALFACE((15,20,21,14));
#13110=IFCINDEXEDPOLYGONALFACE((5,9,19,16,11));
#13111=IFCINDEXEDPOLYGONALFACE((7,13,23,20,15));
#13112=IFCINDEXEDPOLYGONALFACE((11,16,17,10));
#13113=IFCINDEXEDPOLYGONALFACE((8,18,19,9));
#13114=IFCINDEXEDPOLYGONALFACE((10,17,18,8,4));
#13115=IFCCARTESIANPOINTLIST3D(((-0.14194250106811523,0.,0.),(0.,0.,0.),(1.,0.,0.),(-0.11694250255823135,0.,0.),(-0.025000002235174179,0.,0.),(0.02500000037252903,0.,0.),(0.97500002384185791,0.,0.),(-0.11694250255823135,0.02500000037252903,0.),(-0.025000002235174179,0.02500000037252903,0.),(-0.11694250255823135,-0.02500000037252903,0.),(-0.025000002235174179,-0.02500000037252903,0.),(0.02500000037252903,0.02500000037252903,0.),(0.97500002384185791,0.02500000037252903,0.),(0.02500000037252903,-0.02500000037252903,0.),(0.97500002384185791,-0.02500000037252903,0.),(-0.025000002235174179,-0.02500000037252903,1.),(-0.11694250255823135,-0.02500000037252903,1.),(-0.11694250255823135,0.02500000037252903,1.),(-0.025000002235174179,0.02500000037252903,1.),(0.97500002384185791,-0.02500000037252903,1.),(0.02500000037252903,-0.02500000037252903,1.),(0.02500000037252903,0.02500000037252903,1.),(0.97500002384185791,0.02500000037252903,1.)));
#13116=IFCPOLYGONALFACESET(#13115,.F.,(#13103,#13104,#13105,#13106,#13107,#13108,#13109,#13110,#13111,#13112,#13113,#13114),$);
#13117=IFCSHAPEREPRESENTATION(#11,'Body','Tessellation',(#13116));
#13119=IFCCARTESIANPOINT((-0.14194250106811523,-0.02500000037252903,0.));
#13120=IFCBOUNDINGBOX(#13119,1.1419425010681152,0.05000000074505806,1.);
#13121=IFCSHAPEREPRESENTATION(#13,'Box','BoundingBox',(#13120));
#13122=IFCCARTESIANPOINT((0.,0.,0.));
#13123=IFCDIRECTION((1.,0.,0.));
#13124=IFCDIRECTION((0.,0.,1.));
#13125=IFCAXIS2PLACEMENT3D(#13122,#13124,#13123);
#13126=IFCREPRESENTATIONMAP(#13125,#13121);
#13127=IFCCARTESIANPOINT((0.,0.,0.));
#13128=IFCDIRECTION((1.,0.,0.));
#13129=IFCDIRECTION((0.,1.,0.));
#13130=IFCDIRECTION((0.,0.,1.));
#13131=IFCCARTESIANTRANSFORMATIONOPERATOR3D(#13128,#13129,#13127,1.,#13130);
#13132=IFCMAPPEDITEM(#13126,#13131);
#13133=IFCSHAPEREPRESENTATION(#13,'Box','MappedRepresentation',(#13132));
#13134=IFCRAILINGTYPE('1nLIsv_652nRVjXGws3ecy',$,'Balcony-3',$,$,(#13135,#13137),(#13139,#13321),$,$,.USERDEFINED.);
#13135=IFCPROPERTYSET('3Wnaru$M121e5e9THrU20N',$,'BBIM_Railing',$,(#13136));
#13136=IFCPROPERTYSINGLEVALUE('Data',$,IFCTEXT('{"railing_type": "FRAMELESS_PANEL", "height": 1.0, "thickness": 0.05000000074505806, "spacing": 0.05000000074505806, "path_data": {"edges": [[0, 1], [1, 2]], "verts": [[-0.5756556987762451, 1.854867903716695e-08, 0.0], [0.0, 0.0, 0.0], [1.0, 0.0, 0.0]]}}'),$);
#13137=IFCPROPERTYSET('20Udzx4gH0wuTnlAaGBd72',$,'Pset_RailingCommon',$,(#13138));
#13138=IFCPROPERTYSINGLEVALUE('Height',$,IFCPOSITIVELENGTHMEASURE(1.),$);
#13139=IFCREPRESENTATIONMAP(#13140,#13312);
#13140=IFCAXIS2PLACEMENT3D(#13141,#13142,#13143);
#13141=IFCCARTESIANPOINT((0.,0.,0.));
#13142=IFCDIRECTION((0.,0.,1.));
#13143=IFCDIRECTION((1.,0.,0.));
#13187=IFCRAILING('0EPsANc69AfxqQl7EYHNwJ',$,'Railing',$,'FRAMELESS_PANEL',#13343,#13196,$,.USERDEFINED.);
#13188=IFCRELDEFINESBYTYPE('2vC8hkc3nCqxwirmnl0Uyu',$,$,$,(#13187),#13134);
#13189=IFCCARTESIANPOINT((0.,0.,0.));
#13190=IFCDIRECTION((1.,0.,0.));
#13191=IFCDIRECTION((0.,1.,0.));
#13192=IFCDIRECTION((0.,0.,1.));
#13193=IFCCARTESIANTRANSFORMATIONOPERATOR3D(#13190,#13191,#13189,1.,#13192);
#13194=IFCMAPPEDITEM(#13139,#13193);
#13195=IFCSHAPEREPRESENTATION(#11,'Body','MappedRepresentation',(#13194));
#13196=IFCPRODUCTDEFINITIONSHAPE($,$,(#13195,#13328));
#13298=IFCINDEXEDPOLYGONALFACE((16,19,18,17));
#13299=IFCINDEXEDPOLYGONALFACE((20,23,22,21));
#13300=IFCINDEXEDPOLYGONALFACE((5,11,10,4,8,9));
#13301=IFCINDEXEDPOLYGONALFACE((7,15,14,6,12,13));
#13302=IFCINDEXEDPOLYGONALFACE((6,14,21,22,12));
#13303=IFCINDEXEDPOLYGONALFACE((15,20,21,14));
#13304=IFCINDEXEDPOLYGONALFACE((5,9,19,16,11));
#13305=IFCINDEXEDPOLYGONALFACE((7,13,23,20,15));
#13306=IFCINDEXEDPOLYGONALFACE((11,16,17,10));
#13307=IFCINDEXEDPOLYGONALFACE((8,18,19,9));
#13308=IFCINDEXEDPOLYGONALFACE((12,22,23,13));
#13309=IFCINDEXEDPOLYGONALFACE((10,17,18,8,4));
#13310=IFCCARTESIANPOINTLIST3D(((-0.57565569877624512,1.8548679037166949E-08,0.),(0.,0.,0.),(1.,0.,0.),(-0.55065572261810303,1.7743133184922044E-08,0.),(-0.025000002235174179,8.0554574122260192E-10,0.),(0.02500000037252903,0.,0.),(0.97500002384185791,0.,0.),(-0.55065572261810303,0.025000018998980522,0.),(-0.025000002235174179,0.02500000037252903,0.),(-0.55065572261810303,-0.024999981746077538,0.),(-0.025000002235174179,-0.02500000037252903,0.),(0.02500000037252903,0.02500000037252903,0.),(0.97500002384185791,0.02500000037252903,0.),(0.02500000037252903,-0.02500000037252903,0.),(0.97500002384185791,-0.02500000037252903,0.),(-0.025000002235174179,-0.02500000037252903,1.),(-0.55065572261810303,-0.024999981746077538,1.),(-0.55065572261810303,0.025000018998980522,1.),(-0.025000002235174179,0.02500000037252903,1.),(0.97500002384185791,-0.02500000037252903,1.),(0.02500000037252903,-0.02500000037252903,1.),(0.02500000037252903,0.02500000037252903,1.),(0.97500002384185791,0.02500000037252903,1.)));
#13311=IFCPOLYGONALFACESET(#13310,.F.,(#13298,#13299,#13300,#13301,#13302,#13303,#13304,#13305,#13306,#13307,#13308,#13309),$);
#13312=IFCSHAPEREPRESENTATION(#11,'Body','Tessellation',(#13311));
#13314=IFCCARTESIANPOINT((-0.57565569877624512,-0.02500000037252903,0.));
#13315=IFCBOUNDINGBOX(#13314,1.5756556987762451,0.050000019371509552,1.);
#13316=IFCSHAPEREPRESENTATION(#13,'Box','BoundingBox',(#13315));
#13317=IFCCARTESIANPOINT((0.,0.,0.));
#13318=IFCDIRECTION((1.,0.,0.));
#13319=IFCDIRECTION((0.,0.,1.));
#13320=IFCAXIS2PLACEMENT3D(#13317,#13319,#13318);
#13321=IFCREPRESENTATIONMAP(#13320,#13316);
#13322=IFCCARTESIANPOINT((0.,0.,0.));
#13323=IFCDIRECTION((1.,0.,0.));
#13324=IFCDIRECTION((0.,1.,0.));
#13325=IFCDIRECTION((0.,0.,1.));
#13326=IFCCARTESIANTRANSFORMATIONOPERATOR3D(#13323,#13324,#13322,1.,#13325);
#13327=IFCMAPPEDITEM(#13321,#13326);
#13328=IFCSHAPEREPRESENTATION(#13,'Box','MappedRepresentation',(#13327));
#13334=IFCCARTESIANPOINT((-3.1421918869018555,-3.1534056663513184,3.));
#13335=IFCDIRECTION((0.,0.,1.));
#13336=IFCDIRECTION((1.,0.,0.));
#13337=IFCAXIS2PLACEMENT3D(#13334,#13335,#13336);
#13338=IFCLOCALPLACEMENT(#12781,#13337);
#13339=IFCCARTESIANPOINT((-3.2591342926025391,-2.2034056186676025,3.));
#13340=IFCDIRECTION((0.,0.,1.));
#13341=IFCDIRECTION((-4.3711388286737889E-08,-0.99999999999999911,0.));
#13342=IFCAXIS2PLACEMENT3D(#13339,#13340,#13341);
#13343=IFCLOCALPLACEMENT(#12781,#13342);
#13391=IFCSLAB('2VRIeb1d59OOtdBJVtep9j',$,'Slab',$,$,#14051,#13405,$,$);
#13392=IFCMATERIALLAYERSETUSAGE(#12726,.AXIS3.,.POSITIVE.,-1.7999999523162842,$);
#13393=IFCRELASSOCIATESMATERIAL('1vJ5oqV1bFtBmnIrjFHRBw',$,$,$,(#13391),#13392);
#13399=IFCCARTESIANPOINTLIST2D(((0.,0.),(0.,-0.82703804969787598),(-1.4882140159606934,-0.82703816890716553),(-1.4882138967514038,-2.1457672119140625E-05),(0.,0.)));
#13400=IFCINDEXEDPOLYCURVE(#13399,$,$);
#13401=IFCDIRECTION((0.,0.,1.));
#13402=IFCARBITRARYCLOSEDPROFILEDEF(.AREA.,$,#13400);
#13403=IFCEXTRUDEDAREASOLID(#13402,#13412,#13401,1.7999999523162842);
#13404=IFCSHAPEREPRESENTATION(#11,'Body','SweptSolid',(#13403));
#13405=IFCPRODUCTDEFINITIONSHAPE($,$,(#13404));
#13406=IFCPROPERTYSET('2NoOnIc090Lxnw_u5YdgSQ',$,'EPset_Parametric',$,(#13408));
#13407=IFCRELDEFINESBYPROPERTIES('0$CH$w8G1CYw_5lVL1O6ty',$,$,$,(#13391),#13406);
#13408=IFCPROPERTYSINGLEVALUE('Engine',$,IFCLABEL('Bonsai.DumbLayer3'),$);
#13409=IFCCARTESIANPOINT((-0.,-0.,-1.7999999523162842));
#13410=IFCDIRECTION((0.,0.,1.));
#13411=IFCDIRECTION((1.,0.,0.));
#13412=IFCAXIS2PLACEMENT3D(#13409,#13410,#13411);
#13413=IFCSTAIRFLIGHTTYPE('1er0sgYsPFFOkX2XyqWhVn',$,'Stair-2',$,$,(#13414,#13416),(#13422,#14924),$,$,.STRAIGHT.);
#13414=IFCPROPERTYSET('2Seox2QuT8lQxAvwX5pVBQ',$,'BBIM_Stair',$,(#13415));
#13415=IFCPROPERTYSINGLEVALUE('Data',$,IFCTEXT('{"stair_type": "GENERIC", "width": 0.8218593597412109, "height": 1.0986602306365967, "number_of_treads": 7, "tread_run": 0.18602856993675232, "nosing_length": 0.0, "nosing_depth": 0.0, "custom_first_last_tread_run": [null, null], "custom_tread_lock": true}'),$);
#13416=IFCPROPERTYSET('3n2T5f4pT8qODTGDMgSdhx',$,'Pset_StairFlightCommon',$,(#13417,#13418,#13419,#13420,#13421));
#13417=IFCPROPERTYSINGLEVALUE('NumberOfRiser',$,IFCCOUNTMEASURE(8.),$);
#13418=IFCPROPERTYSINGLEVALUE('NumberOfTreads',$,IFCCOUNTMEASURE(7.),$);
#13419=IFCPROPERTYSINGLEVALUE('RiserHeight',$,IFCPOSITIVELENGTHMEASURE(0.13733252882957458),$);
#13420=IFCPROPERTYSINGLEVALUE('TreadLength',$,IFCPOSITIVELENGTHMEASURE(0.25),$);
#13421=IFCPROPERTYSINGLEVALUE('NosingLength',$,IFCLENGTHMEASURE(0.),$);
#13422=IFCREPRESENTATIONMAP(#13423,#14915);
#13423=IFCAXIS2PLACEMENT3D(#13424,#13425,#13426);
#13424=IFCCARTESIANPOINT((0.,0.,0.));
#13425=IFCDIRECTION((0.,0.,1.));
#13426=IFCDIRECTION((1.,0.,0.));
#13479=IFCSTAIRFLIGHT('2DOUDU3PX00QLAKyn8REdO',$,'StairFlight',$,$,#14061,#13488,$,8,7,0.13733252882957458,0.25,.STRAIGHT.);
#13480=IFCRELDEFINESBYTYPE('1F_hGkbEbEehBdBZyUNn20',$,$,$,(#13479),#13413);
#13481=IFCCARTESIANPOINT((0.,0.,0.));
#13482=IFCDIRECTION((1.,0.,0.));
#13483=IFCDIRECTION((0.,1.,0.));
#13484=IFCDIRECTION((0.,0.,1.));
#13485=IFCCARTESIANTRANSFORMATIONOPERATOR3D(#13482,#13483,#13481,1.,#13484);
#13486=IFCMAPPEDITEM(#13422,#13485);
#13487=IFCSHAPEREPRESENTATION(#11,'Body','MappedRepresentation',(#13486));
#13488=IFCPRODUCTDEFINITIONSHAPE($,$,(#13487,#14931));
#13579=IFCRAILINGTYPE('3fgnfoCLT8TAVsVd6sWASr',$,'Stair Rail-1',$,$,(#13580,#13582),(#13584,#14444),$,$,.USERDEFINED.);
#13580=IFCPROPERTYSET('3mP88uJar53v8VeoWFaJCN',$,'BBIM_Railing',$,(#13581));
#13581=IFCPROPERTYSINGLEVALUE('Data',$,IFCTEXT('{"railing_type": "FRAMELESS_PANEL", "height": 1.0, "thickness": 0.05000000074505806, "spacing": 0.05000000074505806, "path_data": {"edges": [[0, 1], [1, 2]], "verts": [[-1.0, 0.0, 0.0], [0.0, 0.0, 1.225000023841858], [0.513556957244873, 0.0, 1.830625057220459]]}}'),$);
#13582=IFCPROPERTYSET('3T3owi5m9DyusGhfJidER$',$,'Pset_RailingCommon',$,(#13583));
#13583=IFCPROPERTYSINGLEVALUE('Height',$,IFCPOSITIVELENGTHMEASURE(1.),$);
#13584=IFCREPRESENTATIONMAP(#13585,#14435);
#13585=IFCAXIS2PLACEMENT3D(#13586,#13587,#13588);
#13586=IFCCARTESIANPOINT((0.,0.,0.));
#13587=IFCDIRECTION((0.,0.,1.));
#13588=IFCDIRECTION((1.,0.,0.));
#13887=IFCRAILING('0ER8m9wE1C9BvayWN1bIGj',$,'Railing',$,'FRAMELESS_PANEL',#14491,#13896,$,.USERDEFINED.);
#13888=IFCRELDEFINESBYTYPE('3AohvcGpnB3uWYDj0F$S7C',$,$,$,(#13887,#14492),#13579);
#13889=IFCCARTESIANPOINT((0.,0.,0.));
#13890=IFCDIRECTION((1.,0.,0.));
#13891=IFCDIRECTION((0.,1.,0.));
#13892=IFCDIRECTION((0.,0.,1.));
#13893=IFCCARTESIANTRANSFORMATIONOPERATOR3D(#13890,#13891,#13889,1.,#13892);
#13894=IFCMAPPEDITEM(#13584,#13893);
#13895=IFCSHAPEREPRESENTATION(#11,'Body','MappedRepresentation',(#13894));
#13896=IFCPRODUCTDEFINITIONSHAPE($,$,(#13895,#14451));
#13979=IFCINDEXEDPOLYGONALFACE((2,1,18,17,16,15,14,13,12,11,10,9,8,7,6,5,4,3));
#13980=IFCINDEXEDPOLYGONALFACE((19,20,21,22,23,24,25,26,27,28,29,30,31,32,33,34,35,36));
#13981=IFCINDEXEDPOLYGONALFACE((14,15,32,31));
#13982=IFCINDEXEDPOLYGONALFACE((7,8,25,24));
#13983=IFCINDEXEDPOLYGONALFACE((15,16,33,32));
#13984=IFCINDEXEDPOLYGONALFACE((8,9,26,25));
#13985=IFCINDEXEDPOLYGONALFACE((1,2,19,36));
#13986=IFCINDEXEDPOLYGONALFACE((16,17,34,33));
#13987=IFCINDEXEDPOLYGONALFACE((9,10,27,26));
#13988=IFCINDEXEDPOLYGONALFACE((2,3,20,19));
#13989=IFCINDEXEDPOLYGONALFACE((17,18,35,34));
#13990=IFCINDEXEDPOLYGONALFACE((10,11,28,27));
#13991=IFCINDEXEDPOLYGONALFACE((3,4,21,20));
#13992=IFCINDEXEDPOLYGONALFACE((18,1,36,35));
#13993=IFCINDEXEDPOLYGONALFACE((11,12,29,28));
#13994=IFCINDEXEDPOLYGONALFACE((4,5,22,21));
#13995=IFCINDEXEDPOLYGONALFACE((12,13,30,29));
#13996=IFCINDEXEDPOLYGONALFACE((5,6,23,22));
#13997=IFCINDEXEDPOLYGONALFACE((13,14,31,30));
#13998=IFCINDEXEDPOLYGONALFACE((6,7,24,23));
#13999=IFCCARTESIANPOINTLIST3D(((0.,0.,0.),(0.,0.,0.22499999403953552),(0.18602856993675232,0.,0.22499999403953552),(0.18602856993675232,0.,0.44999998807907104),(0.37205713987350464,0.,0.44999998807907104),(0.37205713987350464,0.,0.67499995231628418),(0.55808568000793457,0.,0.67499995231628418),(0.55808568000793457,0.,0.89999997615814209),(0.74411427974700928,0.,0.89999997615814209),(0.74411427974700928,0.,1.125),(0.93014287948608398,0.,1.125),(0.93014287948608398,0.,1.3500000238418579),(1.1161714792251587,0.,1.3500000238418579),(1.1161714792251587,0.,1.5750000476837158),(1.3022000789642334,0.,1.5750000476837158),(1.3022000789642334,0.,1.8000000715255737),(1.4882286787033081,0.,1.8000000715255737),(1.4882286787033081,0.,0.),(0.,0.88609635829925537,0.22499999403953552),(0.18602856993675232,0.88609635829925537,0.22499999403953552),(0.18602856993675232,0.88609635829925537,0.44999998807907104),(0.37205713987350464,0.88609635829925537,0.44999998807907104),(0.37205713987350464,0.88609635829925537,0.67499995231628418),(0.55808568000793457,0.88609635829925537,0.67499995231628418),(0.55808568000793457,0.88609635829925537,0.89999997615814209),(0.74411427974700928,0.88609635829925537,0.89999997615814209),(0.74411427974700928,0.88609635829925537,1.125),(0.93014287948608398,0.88609635829925537,1.125),(0.93014287948608398,0.88609635829925537,1.3500000238418579),(1.1161714792251587,0.88609635829925537,1.3500000238418579),(1.1161714792251587,0.88609635829925537,1.5750000476837158),(1.3022000789642334,0.88609635829925537,1.5750000476837158),(1.3022000789642334,0.88609635829925537,1.8000000715255737),(1.4882286787033081,0.88609635829925537,1.8000000715255737),(1.4882286787033081,0.88609635829925537,0.),(0.,0.88609635829925537,0.)));
#14000=IFCPOLYGONALFACESET(#13999,.T.,(#13979,#13980,#13981,#13982,#13983,#13984,#13985,#13986,#13987,#13988,#13989,#13990,#13991,#13992,#13993,#13994,#13995,#13996,#13997,#13998),$);
#14001=IFCSHAPEREPRESENTATION(#11,'Body','Tessellation',(#14000));
#14003=IFCCARTESIANPOINT((0.,0.,0.));
#14004=IFCBOUNDINGBOX(#14003,1.4882286787033081,0.88609635829925537,1.8000000715255737);
#14005=IFCSHAPEREPRESENTATION(#13,'Box','BoundingBox',(#14004));
#14006=IFCCARTESIANPOINT((0.,0.,0.));
#14007=IFCDIRECTION((1.,0.,0.));
#14008=IFCDIRECTION((0.,0.,1.));
#14009=IFCAXIS2PLACEMENT3D(#14006,#14008,#14007);
#14010=IFCREPRESENTATIONMAP(#14009,#14005);
#14018=IFCCARTESIANPOINTLIST2D(((0.,0.96664106845855713),(0.,-0.82396256923675537),(0.81397104263305664,-0.82396256923675537),(0.81394624710083008,0.96709358692169189),(0.,0.96664106845855713)));
#14019=IFCINDEXEDPOLYCURVE(#14018,$,$);
#14020=IFCARBITRARYCLOSEDPROFILEDEF(.AREA.,$,#14019);
#14047=IFCCARTESIANPOINT((3.3135313987731934,2.2718720436096191,1.8999999761581421));
#14048=IFCDIRECTION((0.,0.,1.));
#14049=IFCDIRECTION((1.,0.,0.));
#14050=IFCAXIS2PLACEMENT3D(#14047,#14048,#14049);
#14051=IFCLOCALPLACEMENT(#79,#14050);
#14057=IFCCARTESIANPOINT((3.3135313987731934,2.2718720436096191,1.900516152381897));
#14058=IFCDIRECTION((0.,0.,1.));
#14059=IFCDIRECTION((-0.9999999985828818,5.3237548779223797E-05,0.));
#14060=IFCAXIS2PLACEMENT3D(#14057,#14058,#14059);
#14061=IFCLOCALPLACEMENT(#79,#14060);
#14108=IFCRAILINGTYPE('3l9nz3ejbB4fvuNNJDISLN',$,'Balcony-1',$,$,(#14109,#14111),(#14113,#14153),$,$,.USERDEFINED.);
#14109=IFCPROPERTYSET('2QctP_92HExPx_susfsWWJ',$,'BBIM_Railing',$,(#14110));
#14110=IFCPROPERTYSINGLEVALUE('Data',$,IFCTEXT('{"railing_type": "FRAMELESS_PANEL", "height": 1.0, "thickness": 0.05000000074505806, "spacing": 0.05000000074505806, "path_data": {"edges": [[0, 1], [1, 2]], "verts": [[-1.0, 0.0, 0.0], [0.0, 0.0, 0.0], [1.0, 0.0, 0.0]]}}'),$);
#14111=IFCPROPERTYSET('1drIHL2Jj92QY8eoPdR$q1',$,'Pset_RailingCommon',$,(#14112));
#14112=IFCPROPERTYSINGLEVALUE('Height',$,IFCPOSITIVELENGTHMEASURE(1.),$);
#14113=IFCREPRESENTATIONMAP(#14114,#14118);
#14114=IFCAXIS2PLACEMENT3D(#14115,#14116,#14117);
#14115=IFCCARTESIANPOINT((0.,0.,0.));
#14116=IFCDIRECTION((0.,0.,1.));
#14117=IFCDIRECTION((1.,0.,0.));
#14118=IFCSHAPEREPRESENTATION(#11,'Body','Tessellation',(#14119));
#14119=IFCPOLYGONALFACESET(#14120,.T.,(#14121,#14122,#14123,#14124,#14125,#14126,#14127,#14128,#14129,#14130,#14131,#14132,#14133,#14134,#14135,#14136,#14137,#14138,#14139,#14140,#14141,#14142,#14143,#14144,#14145,#14146,#14147,#14148,#14149,#14150,#14151,#14152),$);
#14120=IFCCARTESIANPOINTLIST3D(((-0.02500000037252903,-0.02500000037252903,1.),(-0.02500000037252903,0.02500000037252903,1.),(-0.97500002384185791,0.02500000037252903,1.),(-0.97500002384185791,-0.02500000037252903,1.),(0.97500002384185791,-0.02500000037252903,1.),(0.97500002384185791,0.02500000037252903,1.),(0.02500000037252903,0.02500000037252903,1.),(0.02500000037252903,-0.02500000037252903,1.),(-0.02500000037252903,0.,0.),(-0.02500000037252903,-0.02500000037252903,0.),(-0.97500002384185791,-0.02500000037252903,0.),(-0.97500002384185791,0.,0.),(-0.97500002384185791,0.02500000037252903,0.),(-0.02500000037252903,0.02500000037252903,0.),(0.97500002384185791,0.,0.),(0.97500002384185791,-0.02500000037252903,0.),(0.02500000037252903,-0.02500000037252903,0.),(0.02500000037252903,0.,0.),(0.02500000037252903,0.02500000037252903,0.),(0.97500002384185791,0.02500000037252903,0.)));
#14121=IFCINDEXEDPOLYGONALFACE((2,3,4));
#14122=IFCINDEXEDPOLYGONALFACE((2,4,1));
#14123=IFCINDEXEDPOLYGONALFACE((6,7,8));
#14124=IFCINDEXEDPOLYGONALFACE((6,8,5));
#14125=IFCINDEXEDPOLYGONALFACE((12,9,10));
#14126=IFCINDEXEDPOLYGONALFACE((12,10,11));
#14127=IFCINDEXEDPOLYGONALFACE((13,14,9));
#14128=IFCINDEXEDPOLYGONALFACE((13,9,12));
#14129=IFCINDEXEDPOLYGONALFACE((18,15,16));
#14130=IFCINDEXEDPOLYGONALFACE((18,16,17));
#14131=IFCINDEXEDPOLYGONALFACE((19,20,15));
#14132=IFCINDEXEDPOLYGONALFACE((19,15,18));
#14133=IFCINDEXEDPOLYGONALFACE((18,8,7));
#14134=IFCINDEXEDPOLYGONALFACE((18,7,19));
#14135=IFCINDEXEDPOLYGONALFACE((17,8,18));
#14136=IFCINDEXEDPOLYGONALFACE((16,5,8));
#14137=IFCINDEXEDPOLYGONALFACE((16,8,17));
#14138=IFCINDEXEDPOLYGONALFACE((2,9,14));
#14139=IFCINDEXEDPOLYGONALFACE((1,10,9));
#14140=IFCINDEXEDPOLYGONALFACE((1,9,2));
#14141=IFCINDEXEDPOLYGONALFACE((6,15,20));
#14142=IFCINDEXEDPOLYGONALFACE((5,16,15));
#14143=IFCINDEXEDPOLYGONALFACE((5,15,6));
#14144=IFCINDEXEDPOLYGONALFACE((10,1,4));
#14145=IFCINDEXEDPOLYGONALFACE((10,4,11));
#14146=IFCINDEXEDPOLYGONALFACE((2,13,3));
#14147=IFCINDEXEDPOLYGONALFACE((2,14,13));
#14148=IFCINDEXEDPOLYGONALFACE((6,19,7));
#14149=IFCINDEXEDPOLYGONALFACE((6,20,19));
#14150=IFCINDEXEDPOLYGONALFACE((12,4,3));
#14151=IFCINDEXEDPOLYGONALFACE((12,3,13));
#14152=IFCINDEXEDPOLYGONALFACE((11,4,12));
#14153=IFCREPRESENTATIONMAP(#14154,#14158);
#14154=IFCAXIS2PLACEMENT3D(#14155,#14156,#14157);
#14155=IFCCARTESIANPOINT((0.,0.,0.));
#14156=IFCDIRECTION((0.,0.,1.));
#14157=IFCDIRECTION((1.,0.,0.));
#14158=IFCSHAPEREPRESENTATION(#13,'Box','BoundingBox',(#14159));
#14159=IFCBOUNDINGBOX(#14160,1.9500000476837158,0.05000000074505806,1.);
#14160=IFCCARTESIANPOINT((-0.97500002384185791,-0.02500000037252903,0.));
#14182=IFCRAILING('0_rY$CQBv08RpB9t0e0nJa',$,'Railing',$,'FRAMELESS_PANEL',#14517,#14190,$,.USERDEFINED.);
#14183=IFCCARTESIANPOINT((0.,0.,0.));
#14184=IFCDIRECTION((1.,0.,0.));
#14185=IFCDIRECTION((0.,1.,0.));
#14186=IFCDIRECTION((0.,0.,1.));
#14187=IFCCARTESIANTRANSFORMATIONOPERATOR3D(#14184,#14185,#14183,1.,#14186);
#14188=IFCMAPPEDITEM(#12914,#14187);
#14189=IFCSHAPEREPRESENTATION(#11,'Body','MappedRepresentation',(#14188));
#14190=IFCPRODUCTDEFINITIONSHAPE($,$,(#14189,#14241));
#14203=IFCINDEXEDPOLYGONALFACE((9,12,11,10));
#14204=IFCINDEXEDPOLYGONALFACE((4,8,7,3,5,6));
#14205=IFCINDEXEDPOLYGONALFACE((4,6,12,9,8));
#14206=IFCINDEXEDPOLYGONALFACE((5,11,12,6));
#14207=IFCINDEXEDPOLYGONALFACE((8,9,10,7));
#14208=IFCINDEXEDPOLYGONALFACE((3,7,10,11,5));
#14209=IFCCARTESIANPOINTLIST3D(((-1.,0.,0.),(-0.16105413436889648,0.,0.),(-0.97500002384185791,0.,0.),(-0.18605414032936096,0.,0.),(-0.97500002384185791,0.02500000037252903,0.),(-0.18605414032936096,0.02500000037252903,0.),(-0.97500002384185791,-0.02500000037252903,0.),(-0.18605414032936096,-0.02500000037252903,0.),(-0.18605414032936096,-0.02500000037252903,1.),(-0.97500002384185791,-0.02500000037252903,1.),(-0.97500002384185791,0.02500000037252903,1.),(-0.18605414032936096,0.02500000037252903,1.)));
#14210=IFCPOLYGONALFACESET(#14209,.F.,(#14203,#14204,#14205,#14206,#14207,#14208),$);
#14211=IFCSHAPEREPRESENTATION(#11,'Body','Tessellation',(#14210));
#14213=IFCCARTESIANPOINT((-1.,-0.02500000037252903,0.));
#14214=IFCBOUNDINGBOX(#14213,0.83894586563110352,0.05000000074505806,1.);
#14215=IFCSHAPEREPRESENTATION(#13,'Box','BoundingBox',(#14214));
#14216=IFCCARTESIANPOINT((0.,0.,0.));
#14217=IFCDIRECTION((1.,0.,0.));
#14218=IFCDIRECTION((0.,0.,1.));
#14219=IFCAXIS2PLACEMENT3D(#14216,#14218,#14217);
#14220=IFCREPRESENTATIONMAP(#14219,#14215);
#14235=IFCCARTESIANPOINT((0.,0.,0.));
#14236=IFCDIRECTION((1.,0.,0.));
#14237=IFCDIRECTION((0.,1.,0.));
#14238=IFCDIRECTION((0.,0.,1.));
#14239=IFCCARTESIANTRANSFORMATIONOPERATOR3D(#14236,#14237,#14235,1.,#14238);
#14240=IFCMAPPEDITEM(#14220,#14239);
#14241=IFCSHAPEREPRESENTATION(#13,'Box','MappedRepresentation',(#14240));
#14317=IFCSTAIRFLIGHT('0YrGG4GY5F0ubsxhfqX$Pt',$,'StairFlight',$,$,#14318,#14330,$,8,7,0.22499999403953552,0.25,.STRAIGHT.);
#14318=IFCLOCALPLACEMENT(#79,#14319);
#14319=IFCAXIS2PLACEMENT3D(#14320,#14321,#14322);
#14320=IFCCARTESIANPOINT((1.8253026008605957,0.48126840591430664,0.099999994039535522));
#14321=IFCDIRECTION((0.,0.,1.));
#14322=IFCDIRECTION((1.,0.,0.));
#14323=IFCCARTESIANPOINT((0.,0.,0.));
#14324=IFCDIRECTION((1.,0.,0.));
#14325=IFCDIRECTION((0.,1.,0.));
#14326=IFCDIRECTION((0.,0.,1.));
#14327=IFCCARTESIANTRANSFORMATIONOPERATOR3D(#14324,#14325,#14323,1.,#14326);
#14328=IFCMAPPEDITEM(#12663,#14327);
#14329=IFCSHAPEREPRESENTATION(#11,'Body','MappedRepresentation',(#14328));
#14330=IFCPRODUCTDEFINITIONSHAPE($,$,(#14329,#14337));
#14331=IFCCARTESIANPOINT((0.,0.,0.));
#14332=IFCDIRECTION((1.,0.,0.));
#14333=IFCDIRECTION((0.,1.,0.));
#14334=IFCDIRECTION((0.,0.,1.));
#14335=IFCCARTESIANTRANSFORMATIONOPERATOR3D(#14332,#14333,#14331,1.,#14334);
#14336=IFCMAPPEDITEM(#14010,#14335);
#14337=IFCSHAPEREPRESENTATION(#13,'Box','MappedRepresentation',(#14336));
#14421=IFCINDEXEDPOLYGONALFACE((16,19,18,17));
#14422=IFCINDEXEDPOLYGONALFACE((20,23,22,21));
#14423=IFCINDEXEDPOLYGONALFACE((5,11,10,4,8,9));
#14424=IFCINDEXEDPOLYGONALFACE((7,15,14,6,12,13));
#14425=IFCINDEXEDPOLYGONALFACE((11,16,17,10));
#14426=IFCINDEXEDPOLYGONALFACE((8,18,19,9));
#14427=IFCINDEXEDPOLYGONALFACE((7,13,23,20,15));
#14428=IFCINDEXEDPOLYGONALFACE((5,9,19,16,11));
#14429=IFCINDEXEDPOLYGONALFACE((12,22,23,13));
#14430=IFCINDEXEDPOLYGONALFACE((14,21,22,12,6));
#14431=IFCINDEXEDPOLYGONALFACE((15,20,21,14));
#14432=IFCINDEXEDPOLYGONALFACE((4,10,17,18,8));
#14433=IFCCARTESIANPOINTLIST3D(((-1.,0.,0.),(0.,0.,1.2250000238418579),(0.51355695724487305,0.,1.830625057220459),(-0.97500002384185791,0.,0.030625000596046448),(-0.02500000037252903,0.,1.1943750381469727),(0.02500000037252903,0.,1.2544819116592407),(0.48855695128440857,0.,1.8011431694030762),(-0.97500002384185791,0.02500000037252903,0.030625000596046448),(-0.02500000037252903,0.02500000037252903,1.1943750381469727),(-0.97500002384185791,-0.02500000037252903,0.030625000596046448),(-0.02500000037252903,-0.02500000037252903,1.1943750381469727),(0.02500000037252903,0.02500000037252903,1.2544819116592407),(0.48855695128440857,0.02500000037252903,1.8011431694030762),(0.02500000037252903,-0.02500000037252903,1.2544819116592407),(0.48855695128440857,-0.02500000037252903,1.8011431694030762),(-0.02500000037252903,-0.02500000037252903,2.1943750381469727),(-0.97500002384185791,-0.02500000037252903,1.0306249856948853),(-0.97500002384185791,0.02500000037252903,1.0306249856948853),(-0.02500000037252903,0.02500000037252903,2.1943750381469727),(0.48855695128440857,-0.02500000037252903,2.8011431694030762),(0.02500000037252903,-0.02500000037252903,2.2544817924499512),(0.02500000037252903,0.02500000037252903,2.2544817924499512),(0.48855695128440857,0.02500000037252903,2.8011431694030762)));
#14434=IFCPOLYGONALFACESET(#14433,.F.,(#14421,#14422,#14423,#14424,#14425,#14426,#14427,#14428,#14429,#14430,#14431,#14432),$);
#14435=IFCSHAPEREPRESENTATION(#11,'Body','Tessellation',(#14434));
#14437=IFCCARTESIANPOINT((-1.,-0.02500000037252903,0.));
#14438=IFCBOUNDINGBOX(#14437,1.513556957244873,0.05000000074505806,2.8011431694030762);
#14439=IFCSHAPEREPRESENTATION(#13,'Box','BoundingBox',(#14438));
#14440=IFCCARTESIANPOINT((0.,0.,0.));
#14441=IFCDIRECTION((1.,0.,0.));
#14442=IFCDIRECTION((0.,0.,1.));
#14443=IFCAXIS2PLACEMENT3D(#14440,#14442,#14441);
#14444=IFCREPRESENTATIONMAP(#14443,#14439);
#14445=IFCCARTESIANPOINT((0.,0.,0.));
#14446=IFCDIRECTION((1.,0.,0.));
#14447=IFCDIRECTION((0.,1.,0.));
#14448=IFCDIRECTION((0.,0.,1.));
#14449=IFCCARTESIANTRANSFORMATIONOPERATOR3D(#14446,#14447,#14445,1.,#14448);
#14450=IFCMAPPEDITEM(#14444,#14449);
#14451=IFCSHAPEREPRESENTATION(#13,'Box','MappedRepresentation',(#14450));
#14487=IFCCARTESIANPOINT((2.8003025054931641,0.51936465501785278,0.097138814628124237));
#14488=IFCDIRECTION((0.,0.,1.));
#14489=IFCDIRECTION((1.,0.,0.));
#14490=IFCAXIS2PLACEMENT3D(#14487,#14488,#14489);
#14491=IFCLOCALPLACEMENT(#79,#14490);
#14492=IFCRAILING('1yf8MEI_LBcv4L1_GFiMQf',$,'Railing',$,'FRAMELESS_PANEL',#14619,#14505,$,.USERDEFINED.);
#14498=IFCCARTESIANPOINT((0.,0.,0.));
#14499=IFCDIRECTION((1.,0.,0.));
#14500=IFCDIRECTION((0.,1.,0.));
#14501=IFCDIRECTION((0.,0.,1.));
#14502=IFCCARTESIANTRANSFORMATIONOPERATOR3D(#14499,#14500,#14498,1.,#14501);
#14503=IFCMAPPEDITEM(#13584,#14502);
#14504=IFCSHAPEREPRESENTATION(#11,'Body','MappedRepresentation',(#14503));
#14505=IFCPRODUCTDEFINITIONSHAPE($,$,(#14504,#14512));
#14506=IFCCARTESIANPOINT((0.,0.,0.));
#14507=IFCDIRECTION((1.,0.,0.));
#14508=IFCDIRECTION((0.,1.,0.));
#14509=IFCDIRECTION((0.,0.,1.));
#14510=IFCCARTESIANTRANSFORMATIONOPERATOR3D(#14507,#14508,#14506,1.,#14509);
#14511=IFCMAPPEDITEM(#14444,#14510);
#14512=IFCSHAPEREPRESENTATION(#13,'Box','MappedRepresentation',(#14511));
#14513=IFCCARTESIANPOINT((4.2885313034057617,0.52009814977645874,1.8999999761581421));
#14514=IFCDIRECTION((0.,0.,1.));
#14515=IFCDIRECTION((1.,0.,0.));
#14516=IFCAXIS2PLACEMENT3D(#14513,#14514,#14515);
#14517=IFCLOCALPLACEMENT(#79,#14516);
#14518=IFCRAILING('0KcfgInAr9QPQ3JWE_4Ojn',$,'Railing',$,'FRAMELESS_PANEL',#14624,#14531,$,.USERDEFINED.);
#14524=IFCCARTESIANPOINT((0.,0.,0.));
#14525=IFCDIRECTION((1.,0.,0.));
#14526=IFCDIRECTION((0.,1.,0.));
#14527=IFCDIRECTION((0.,0.,1.));
#14528=IFCCARTESIANTRANSFORMATIONOPERATOR3D(#14525,#14526,#14524,1.,#14527);
#14529=IFCMAPPEDITEM(#12914,#14528);
#14530=IFCSHAPEREPRESENTATION(#11,'Body','MappedRepresentation',(#14529));
#14531=IFCPRODUCTDEFINITIONSHAPE($,$,(#14530,#14538));
#14532=IFCCARTESIANPOINT((0.,0.,0.));
#14533=IFCDIRECTION((1.,0.,0.));
#14534=IFCDIRECTION((0.,1.,0.));
#14535=IFCDIRECTION((0.,0.,1.));
#14536=IFCCARTESIANTRANSFORMATIONOPERATOR3D(#14533,#14534,#14532,1.,#14535);
#14537=IFCMAPPEDITEM(#14220,#14536);
#14538=IFCSHAPEREPRESENTATION(#13,'Box','MappedRepresentation',(#14537));
#14539=IFCRAILINGTYPE('2IqauCjGj5vBnVQDMH19Op',$,'Stair Rail-3',$,$,(#14540,#14542),(#14544,#14955),$,$,.USERDEFINED.);
#14540=IFCPROPERTYSET('2N3cIQ0ln4Fh38XSNSfg1_',$,'BBIM_Railing',$,(#14541));
#14541=IFCPROPERTYSINGLEVALUE('Data',$,IFCTEXT('{"railing_type": "FRAMELESS_PANEL", "height": 1.0, "thickness": 0.05000000074505806, "spacing": 0.05000000074505806, "path_data": {"edges": [[0, 1], [1, 2]], "verts": [[-1.0, 0.0, 0.0], [-0.07525134086608887, 2.4520000252437057e-08, 0.7137187719345093], [0.48283445835113525, 1.0010660744796951e-08, 1.1257164478302002]]}}'),$);
#14542=IFCPROPERTYSET('3N9YnVFcXD_wJVH1A9vwT1',$,'Pset_RailingCommon',$,(#14543));
#14543=IFCPROPERTYSINGLEVALUE('Height',$,IFCPOSITIVELENGTHMEASURE(1.),$);
#14544=IFCREPRESENTATIONMAP(#14545,#14946);
#14545=IFCAXIS2PLACEMENT3D(#14546,#14547,#14548);
#14546=IFCCARTESIANPOINT((0.,0.,0.));
#14547=IFCDIRECTION((0.,0.,1.));
#14548=IFCDIRECTION((1.,0.,0.));
#14593=IFCRAILING('3Y0uuSxDDC1PM17po7e6Wh',$,'Railing',$,'FRAMELESS_PANEL',#14665,#14602,$,.USERDEFINED.);
#14594=IFCRELDEFINESBYTYPE('1My86KDarDEOiAXg6Z_mk8',$,$,$,(#14593,#14666),#14539);
#14595=IFCCARTESIANPOINT((0.,0.,0.));
#14596=IFCDIRECTION((1.,0.,0.));
#14597=IFCDIRECTION((0.,1.,0.));
#14598=IFCDIRECTION((0.,0.,1.));
#14599=IFCCARTESIANTRANSFORMATIONOPERATOR3D(#14596,#14597,#14595,1.,#14598);
#14600=IFCMAPPEDITEM(#14544,#14599);
#14601=IFCSHAPEREPRESENTATION(#11,'Body','MappedRepresentation',(#14600));
#14602=IFCPRODUCTDEFINITIONSHAPE($,$,(#14601,#14962));
#14615=IFCCARTESIANPOINT((2.8003025054931641,1.3282996416091919,0.097138814628124237));
#14616=IFCDIRECTION((0.,0.,1.));
#14617=IFCDIRECTION((1.,0.,0.));
#14618=IFCAXIS2PLACEMENT3D(#14615,#14616,#14617);
#14619=IFCLOCALPLACEMENT(#79,#14618);
#14620=IFCCARTESIANPOINT((4.2885313034057617,2.2371439933776855,1.8999999761581421));
#14621=IFCDIRECTION((0.,0.,1.));
#14622=IFCDIRECTION((1.,0.,0.));
#14623=IFCAXIS2PLACEMENT3D(#14620,#14621,#14622);
#14624=IFCLOCALPLACEMENT(#79,#14623);
#14661=IFCCARTESIANPOINT((2.3080933094024658,2.2329998016357422,1.8734599351882935));
#14662=IFCDIRECTION((0.,0.,1.));
#14663=IFCDIRECTION((-0.99999999999994693,-3.2584136988587576E-07,0.));
#14664=IFCAXIS2PLACEMENT3D(#14661,#14662,#14663);
#14665=IFCLOCALPLACEMENT(#79,#14664);
#14666=IFCRAILING('3ud5yL6tHBUhSYfi2tyRwt',$,'Railing',$,'FRAMELESS_PANEL',#14717,#14679,$,.USERDEFINED.);
#14672=IFCCARTESIANPOINT((0.,0.,0.));
#14673=IFCDIRECTION((1.,0.,0.));
#14674=IFCDIRECTION((0.,1.,0.));
#14675=IFCDIRECTION((0.,0.,1.));
#14676=IFCCARTESIANTRANSFORMATIONOPERATOR3D(#14673,#14674,#14672,1.,#14675);
#14677=IFCMAPPEDITEM(#14544,#14676);
#14678=IFCSHAPEREPRESENTATION(#11,'Body','MappedRepresentation',(#14677));
#14679=IFCPRODUCTDEFINITIONSHAPE($,$,(#14678,#14969));
#14687=IFCOPENINGELEMENT('35$Wh3BPbEoOkGvHfGQsNK',$,'Cube',$,$,#14712,#14706,$,$);
#14693=IFCINDEXEDPOLYGONALFACE((1,2,4,3));
#14694=IFCINDEXEDPOLYGONALFACE((4,7,3));
#14695=IFCINDEXEDPOLYGONALFACE((7,8,6,5));
#14696=IFCINDEXEDPOLYGONALFACE((5,6,2,1));
#14697=IFCINDEXEDPOLYGONALFACE((3,7,5,1));
#14698=IFCINDEXEDPOLYGONALFACE((8,4,2,6));
#14699=IFCINDEXEDPOLYGONALFACE((4,8,7));
#14700=IFCCARTESIANPOINTLIST3D(((-1.3021998405456543,-1.,-1.),(-1.3021998405456543,-1.,2.9786100387573242),(-1.3021997213363647,0.79066324234008789,-1.),(-1.3021997213363647,0.79068303108215332,2.9786100387573242),(1.,-1.,-1.),(1.,-1.,2.9786100387573242),(1.,0.79105615615844727,-1.),(1.,0.78683018684387207,2.9786100387573242)));
#14701=IFCPOLYGONALFACESET(#14700,.T.,(#14693,#14694,#14695,#14696,#14697,#14698,#14699),$);
#14702=IFCSHAPEREPRESENTATION(#11,'Body','Tessellation',(#14701));
#14703=IFCCARTESIANPOINT((-1.3021998405456543,-1.,-1.));
#14704=IFCBOUNDINGBOX(#14703,2.3021998405456543,1.7910561561584473,3.9786100387573242);
#14705=IFCSHAPEREPRESENTATION(#13,'Box','BoundingBox',(#14704));
#14706=IFCPRODUCTDEFINITIONSHAPE($,$,(#14705,#14702));
#14707=IFCRELVOIDSELEMENT('3_2KvqcUv3qftrZl9cpqbB',$,$,$,#7146,#14687);
#14708=IFCCARTESIANPOINT((-1.0999755859375,-5.0186638832092285,-1.8999999761581421));
#14709=IFCDIRECTION((0.,0.,1.));
#14710=IFCDIRECTION((1.,0.,0.));
#14711=IFCAXIS2PLACEMENT3D(#14708,#14709,#14710);
#14712=IFCLOCALPLACEMENT(#12811,#14711);
#14713=IFCCARTESIANPOINT((2.3080933094024658,1.4863309860229492,1.8734599351882935));
#14714=IFCDIRECTION((0.,0.,1.));
#14715=IFCDIRECTION((-0.99999999999994693,-3.2584136988587576E-07,0.));
#14716=IFCAXIS2PLACEMENT3D(#14713,#14714,#14715);
#14717=IFCLOCALPLACEMENT(#79,#14716);
#14718=IFCRAILING('2ECr2RK7v30Paeeqvhl1fc',$,'Railing',$,$,#14744,#14727,$,$);
#14719=IFCRELDEFINESBYTYPE('2RoifLW3f2JvPlu68dcbQs',$,$,$,(#14718,#14745),#14108);
#14720=IFCCARTESIANPOINT((0.,0.,0.));
#14721=IFCDIRECTION((1.,0.,0.));
#14722=IFCDIRECTION((0.,1.,0.));
#14723=IFCDIRECTION((0.,0.,1.));
#14724=IFCCARTESIANTRANSFORMATIONOPERATOR3D(#14721,#14722,#14720,1.,#14723);
#14725=IFCMAPPEDITEM(#14113,#14724);
#14726=IFCSHAPEREPRESENTATION(#11,'Body','MappedRepresentation',(#14725));
#14727=IFCPRODUCTDEFINITIONSHAPE($,$,(#14726,#14734));
#14728=IFCCARTESIANPOINT((0.,0.,0.));
#14729=IFCDIRECTION((1.,0.,0.));
#14730=IFCDIRECTION((0.,1.,0.));
#14731=IFCDIRECTION((0.,0.,1.));
#14732=IFCCARTESIANTRANSFORMATIONOPERATOR3D(#14729,#14730,#14728,1.,#14731);
#14733=IFCMAPPEDITEM(#14153,#14732);
#14734=IFCSHAPEREPRESENTATION(#13,'Box','MappedRepresentation',(#14733));
#14740=IFCCARTESIANPOINT((0.85603988170623779,-3.153404712677002,3.005000114440918));
#14741=IFCDIRECTION((0.,0.,1.));
#14742=IFCDIRECTION((1.,0.,0.));
#14743=IFCAXIS2PLACEMENT3D(#14740,#14741,#14742);
#14744=IFCLOCALPLACEMENT(#12781,#14743);
#14745=IFCRAILING('0vcRShZhL1O9LrNwuL8Teb',$,'Railing',$,$,#14974,#14758,$,$);
#14751=IFCCARTESIANPOINT((0.,0.,0.));
#14752=IFCDIRECTION((1.,0.,0.));
#14753=IFCDIRECTION((0.,1.,0.));
#14754=IFCDIRECTION((0.,0.,1.));
#14755=IFCCARTESIANTRANSFORMATIONOPERATOR3D(#14752,#14753,#14751,1.,#14754);
#14756=IFCMAPPEDITEM(#14113,#14755);
#14757=IFCSHAPEREPRESENTATION(#11,'Body','MappedRepresentation',(#14756));
#14758=IFCPRODUCTDEFINITIONSHAPE($,$,(#14757,#14765));
#14759=IFCCARTESIANPOINT((0.,0.,0.));
#14760=IFCDIRECTION((1.,0.,0.));
#14761=IFCDIRECTION((0.,1.,0.));
#14762=IFCDIRECTION((0.,0.,1.));
#14763=IFCCARTESIANTRANSFORMATIONOPERATOR3D(#14760,#14761,#14759,1.,#14762);
#14764=IFCMAPPEDITEM(#14153,#14763);
#14765=IFCSHAPEREPRESENTATION(#13,'Box','MappedRepresentation',(#14764));
#14766=IFCRAILINGTYPE('3PpecFPbT09B$0beAdyM17',$,'Stair Rail-4',$,$,(#14767,#14769),(#14771,#15002),$,$,.USERDEFINED.);
#14767=IFCPROPERTYSET('3kWaQxIdTAExdD0q1LHsHn',$,'BBIM_Railing',$,(#14768));
#14768=IFCPROPERTYSINGLEVALUE('Data',$,IFCTEXT('{"railing_type": "FRAMELESS_PANEL", "height": 1.0, "thickness": 0.05000000074505806, "spacing": 0.0, "path_data": {"edges": [[0, 1], [1, 2]], "verts": [[-1.3063311576843262, 0.0, 0.0], [0.0, 0.0, 0.0], [1.0, 0.0, 0.0]]}}'),$);
#14769=IFCPROPERTYSET('1XUn34FGn6HhBEjyWg2cjR',$,'Pset_RailingCommon',$,(#14770));
#14770=IFCPROPERTYSINGLEVALUE('Height',$,IFCPOSITIVELENGTHMEASURE(1.),$);
#14771=IFCREPRESENTATIONMAP(#14772,#14993);
#14772=IFCAXIS2PLACEMENT3D(#14773,#14774,#14775);
#14773=IFCCARTESIANPOINT((0.,0.,0.));
#14774=IFCDIRECTION((0.,0.,1.));
#14775=IFCDIRECTION((1.,0.,0.));
#14841=IFCRAILING('2p70kUW6569uimwmi_W3MD',$,'Railing',$,'FRAMELESS_PANEL',#14979,#14850,$,.USERDEFINED.);
#14842=IFCRELDEFINESBYTYPE('0P5XnHElb42vqgep0KDsh4',$,$,$,(#14841),#14766);
#14843=IFCCARTESIANPOINT((0.,0.,0.));
#14844=IFCDIRECTION((1.,0.,0.));
#14845=IFCDIRECTION((0.,1.,0.));
#14846=IFCDIRECTION((0.,0.,1.));
#14847=IFCCARTESIANTRANSFORMATIONOPERATOR3D(#14844,#14845,#14843,1.,#14846);
#14848=IFCMAPPEDITEM(#14771,#14847);
#14849=IFCSHAPEREPRESENTATION(#11,'Body','MappedRepresentation',(#14848));
#14850=IFCPRODUCTDEFINITIONSHAPE($,$,(#14849,#15009));
#14893=IFCINDEXEDPOLYGONALFACE((2,1,18,17,16,15,14,13,12,11,10,9,8,7,6,5,4,3));
#14894=IFCINDEXEDPOLYGONALFACE((19,20,21,22,23,24,25,26,27,28,29,30,31,32,33,34,35,36));
#14895=IFCINDEXEDPOLYGONALFACE((9,10,27,26));
#14896=IFCINDEXEDPOLYGONALFACE((2,3,20,19));
#14897=IFCINDEXEDPOLYGONALFACE((17,18,35,34));
#14898=IFCINDEXEDPOLYGONALFACE((10,11,28,27));
#14899=IFCINDEXEDPOLYGONALFACE((3,4,21,20));
#14900=IFCINDEXEDPOLYGONALFACE((18,1,36,35));
#14901=IFCINDEXEDPOLYGONALFACE((11,12,29,28));
#14902=IFCINDEXEDPOLYGONALFACE((4,5,22,21));
#14903=IFCINDEXEDPOLYGONALFACE((12,13,30,29));
#14904=IFCINDEXEDPOLYGONALFACE((5,6,23,22));
#14905=IFCINDEXEDPOLYGONALFACE((13,14,31,30));
#14906=IFCINDEXEDPOLYGONALFACE((6,7,24,23));
#14907=IFCINDEXEDPOLYGONALFACE((14,15,32,31));
#14908=IFCINDEXEDPOLYGONALFACE((7,8,25,24));
#14909=IFCINDEXEDPOLYGONALFACE((15,16,33,32));
#14910=IFCINDEXEDPOLYGONALFACE((8,9,26,25));
#14911=IFCINDEXEDPOLYGONALFACE((1,2,19,36));
#14912=IFCINDEXEDPOLYGONALFACE((16,17,34,33));
#14913=IFCCARTESIANPOINTLIST3D(((0.,0.,0.),(0.,0.,0.13733252882957458),(0.18602856993675232,0.,0.13733252882957458),(0.18602856993675232,0.,0.27466505765914917),(0.37205713987350464,0.,0.27466505765914917),(0.37205713987350464,0.,0.41199758648872375),(0.55808568000793457,0.,0.41199758648872375),(0.55808568000793457,0.,0.54933011531829834),(0.74411427974700928,0.,0.54933011531829834),(0.74411427974700928,0.,0.68666267395019531),(0.93014287948608398,0.,0.68666267395019531),(0.93014287948608398,0.,0.82399523258209229),(1.1161714792251587,0.,0.82399523258209229),(1.1161714792251587,0.,0.96132779121398926),(1.3022000789642334,0.,0.96132779121398926),(1.3022000789642334,0.,1.0986603498458862),(1.4882286787033081,0.,1.0986603498458862),(1.4882286787033081,0.,0.),(0.,0.82185935974121094,0.13733252882957458),(0.18602856993675232,0.82185935974121094,0.13733252882957458),(0.18602856993675232,0.82185935974121094,0.27466505765914917),(0.37205713987350464,0.82185935974121094,0.27466505765914917),(0.37205713987350464,0.82185935974121094,0.41199758648872375),(0.55808568000793457,0.82185935974121094,0.41199758648872375),(0.55808568000793457,0.82185935974121094,0.54933011531829834),(0.74411427974700928,0.82185935974121094,0.54933011531829834),(0.74411427974700928,0.82185935974121094,0.68666267395019531),(0.93014287948608398,0.82185935974121094,0.68666267395019531),(0.93014287948608398,0.82185935974121094,0.82399523258209229),(1.1161714792251587,0.82185935974121094,0.82399523258209229),(1.1161714792251587,0.82185935974121094,0.96132779121398926),(1.3022000789642334,0.82185935974121094,0.96132779121398926),(1.3022000789642334,0.82185935974121094,1.0986603498458862),(1.4882286787033081,0.82185935974121094,1.0986603498458862),(1.4882286787033081,0.82185935974121094,0.),(0.,0.82185935974121094,0.)));
#14914=IFCPOLYGONALFACESET(#14913,.T.,(#14893,#14894,#14895,#14896,#14897,#14898,#14899,#14900,#14901,#14902,#14903,#14904,#14905,#14906,#14907,#14908,#14909,#14910,#14911,#14912),$);
#14915=IFCSHAPEREPRESENTATION(#11,'Body','Tessellation',(#14914));
#14917=IFCCARTESIANPOINT((0.,0.,0.));
#14918=IFCBOUNDINGBOX(#14917,1.4882286787033081,0.82185935974121094,1.0986603498458862);
#14919=IFCSHAPEREPRESENTATION(#13,'Box','BoundingBox',(#14918));
#14920=IFCCARTESIANPOINT((0.,0.,0.));
#14921=IFCDIRECTION((1.,0.,0.));
#14922=IFCDIRECTION((0.,0.,1.));
#14923=IFCAXIS2PLACEMENT3D(#14920,#14922,#14921);
#14924=IFCREPRESENTATIONMAP(#14923,#14919);
#14925=IFCCARTESIANPOINT((0.,0.,0.));
#14926=IFCDIRECTION((1.,0.,0.));
#14927=IFCDIRECTION((0.,1.,0.));
#14928=IFCDIRECTION((0.,0.,1.));
#14929=IFCCARTESIANTRANSFORMATIONOPERATOR3D(#14926,#14927,#14925,1.,#14928);
#14930=IFCMAPPEDITEM(#14924,#14929);
#14931=IFCSHAPEREPRESENTATION(#13,'Box','MappedRepresentation',(#14930));
#14932=IFCINDEXEDPOLYGONALFACE((16,19,18,17));
#14933=IFCINDEXEDPOLYGONALFACE((20,23,22,21));
#14934=IFCINDEXEDPOLYGONALFACE((5,11,10,4,8,9));
#14935=IFCINDEXEDPOLYGONALFACE((7,15,14,6,12,13));
#14936=IFCINDEXEDPOLYGONALFACE((11,16,17,10));
#14937=IFCINDEXEDPOLYGONALFACE((8,18,19,9));
#14938=IFCINDEXEDPOLYGONALFACE((13,23,20,15,7));
#14939=IFCINDEXEDPOLYGONALFACE((5,9,19,16,11));
#14940=IFCINDEXEDPOLYGONALFACE((12,22,23,13));
#14941=IFCINDEXEDPOLYGONALFACE((14,21,22,12,6));
#14942=IFCINDEXEDPOLYGONALFACE((15,20,21,14));
#14943=IFCINDEXEDPOLYGONALFACE((4,10,17,18,8));
#14944=IFCCARTESIANPOINTLIST3D(((-1.,0.,0.),(-0.075251340866088867,2.4520000252437057E-08,0.71371877193450928),(0.48283445835113525,1.0010660744796951E-08,1.1257164478302002),(-0.97500002384185791,6.6288285971438654E-10,0.019294939935207367),(-0.10025133937597275,2.3857117170678066E-08,0.6944238543510437),(-0.050251338630914688,2.3870040166684703E-08,0.73217463493347168),(0.45783445239067078,1.0660620830549306E-08,1.1072605848312378),(-0.97500002384185791,0.02500000037252903,0.019294939935207367),(-0.10025133937597275,0.02500002458691597,0.6944238543510437),(-0.97500002384185791,-0.02500000037252903,0.019294939935207367),(-0.10025133937597275,-0.02499997615814209,0.6944238543510437),(-0.050251338630914688,0.02500002458691597,0.73217463493347168),(0.45783445239067078,0.025000011548399925,1.1072605848312378),(-0.050251338630914688,-0.02499997615814209,0.73217463493347168),(0.45783445239067078,-0.024999989196658134,1.1072605848312378),(-0.10025133937597275,-0.02499997615814209,1.6944239139556885),(-0.97500002384185791,-0.02500000037252903,1.0192949771881104),(-0.97500002384185791,0.02500000037252903,1.0192949771881104),(-0.10025133937597275,0.02500002458691597,1.6944239139556885),(0.45783445239067078,-0.024999989196658134,2.1072607040405273),(-0.050251338630914688,-0.02499997615814209,1.7321746349334717),(-0.050251338630914688,0.02500002458691597,1.7321746349334717),(0.45783445239067078,0.025000011548399925,2.1072607040405273)));
#14945=IFCPOLYGONALFACESET(#14944,.F.,(#14932,#14933,#14934,#14935,#14936,#14937,#14938,#14939,#14940,#14941,#14942,#14943),$);
#14946=IFCSHAPEREPRESENTATION(#11,'Body','Tessellation',(#14945));
#14948=IFCCARTESIANPOINT((-1.,-0.02500000037252903,0.));
#14949=IFCBOUNDINGBOX(#14948,1.4828344583511353,0.050000026822090149,2.1072607040405273);
#14950=IFCSHAPEREPRESENTATION(#13,'Box','BoundingBox',(#14949));
#14951=IFCCARTESIANPOINT((0.,0.,0.));
#14952=IFCDIRECTION((1.,0.,0.));
#14953=IFCDIRECTION((0.,0.,1.));
#14954=IFCAXIS2PLACEMENT3D(#14951,#14953,#14952);
#14955=IFCREPRESENTATIONMAP(#14954,#14950);
#14956=IFCCARTESIANPOINT((0.,0.,0.));
#14957=IFCDIRECTION((1.,0.,0.));
#14958=IFCDIRECTION((0.,1.,0.));
#14959=IFCDIRECTION((0.,0.,1.));
#14960=IFCCARTESIANTRANSFORMATIONOPERATOR3D(#14957,#14958,#14956,1.,#14959);
#14961=IFCMAPPEDITEM(#14955,#14960);
#14962=IFCSHAPEREPRESENTATION(#13,'Box','MappedRepresentation',(#14961));
#14963=IFCCARTESIANPOINT((0.,0.,0.));
#14964=IFCDIRECTION((1.,0.,0.));
#14965=IFCDIRECTION((0.,1.,0.));
#14966=IFCDIRECTION((0.,0.,1.));
#14967=IFCCARTESIANTRANSFORMATIONOPERATOR3D(#14964,#14965,#14963,1.,#14966);
#14968=IFCMAPPEDITEM(#14955,#14967);
#14969=IFCSHAPEREPRESENTATION(#13,'Box','MappedRepresentation',(#14968));
#14970=IFCCARTESIANPOINT((-1.1295875310897827,-3.153404712677002,3.005000114440918));
#14971=IFCDIRECTION((0.,0.,1.));
#14972=IFCDIRECTION((1.,0.,0.));
#14973=IFCAXIS2PLACEMENT3D(#14970,#14971,#14972);
#14974=IFCLOCALPLACEMENT(#12781,#14973);
#14975=IFCCARTESIANPOINT((3.1316337585449219,2.298922061920166,2.9942944049835205));
#14976=IFCDIRECTION((0.,0.,1.));
#14977=IFCDIRECTION((1.,0.,0.));
#14978=IFCAXIS2PLACEMENT3D(#14975,#14976,#14977);
#14979=IFCLOCALPLACEMENT(#12781,#14978);
#14980=IFCINDEXEDPOLYGONALFACE((10,13,12,11));
#14981=IFCINDEXEDPOLYGONALFACE((14,15,13,10));
#14982=IFCINDEXEDPOLYGONALFACE((2,8,5,1,4,6));
#14983=IFCINDEXEDPOLYGONALFACE((3,9,8,2,6,7));
#14984=IFCINDEXEDPOLYGONALFACE((2,6,13,10,8));
#14985=IFCINDEXEDPOLYGONALFACE((9,14,10,8));
#14986=IFCINDEXEDPOLYGONALFACE((3,7,15,14,9));
#14987=IFCINDEXEDPOLYGONALFACE((8,10,11,5));
#14988=IFCINDEXEDPOLYGONALFACE((4,12,13,6));
#14989=IFCINDEXEDPOLYGONALFACE((6,13,15,7));
#14990=IFCINDEXEDPOLYGONALFACE((5,11,12,4,1));
#14991=IFCCARTESIANPOINTLIST3D(((-1.3063311576843262,0.,0.),(0.,0.,0.),(1.,0.,0.),(-1.3063311576843262,0.02500000037252903,0.),(-1.3063311576843262,-0.02500000037252903,0.),(0.,0.02500000037252903,0.),(1.,0.02500000037252903,0.),(0.,-0.02500000037252903,0.),(1.,-0.02500000037252903,0.),(0.,-0.02500000037252903,1.),(-1.3063311576843262,-0.02500000037252903,1.),(-1.3063311576843262,0.02500000037252903,1.),(0.,0.02500000037252903,1.),(1.,-0.02500000037252903,1.),(1.,0.02500000037252903,1.)));
#14992=IFCPOLYGONALFACESET(#14991,.F.,(#14980,#14981,#14982,#14983,#14984,#14985,#14986,#14987,#14988,#14989,#14990),$);
#14993=IFCSHAPEREPRESENTATION(#11,'Body','Tessellation',(#14992));
#14995=IFCCARTESIANPOINT((-1.3063311576843262,-0.02500000037252903,0.));
#14996=IFCBOUNDINGBOX(#14995,2.3063311576843262,0.05000000074505806,1.);
#14997=IFCSHAPEREPRESENTATION(#13,'Box','BoundingBox',(#14996));
#14998=IFCCARTESIANPOINT((0.,0.,0.));
#14999=IFCDIRECTION((1.,0.,0.));
#15000=IFCDIRECTION((0.,0.,1.));
#15001=IFCAXIS2PLACEMENT3D(#14998,#15000,#14999);
#15002=IFCREPRESENTATIONMAP(#15001,#14997);
#15003=IFCCARTESIANPOINT((0.,0.,0.));
#15004=IFCDIRECTION((1.,0.,0.));
#15005=IFCDIRECTION((0.,1.,0.));
#15006=IFCDIRECTION((0.,0.,1.));
#15007=IFCCARTESIANTRANSFORMATIONOPERATOR3D(#15004,#15005,#15003,1.,#15006);
#15008=IFCMAPPEDITEM(#15002,#15007);
#15009=IFCSHAPEREPRESENTATION(#13,'Box','MappedRepresentation',(#15008));
#15010=IFCRAILINGTYPE('1TqxAtJaP8dPLU9yCqctFC',$,'Stair Rail-5',$,$,(#15011,#15013),(#15015,#15116),$,$,.USERDEFINED.);
#15011=IFCPROPERTYSET('18oGz0xVL5LPv_w1H7U2Lf',$,'BBIM_Railing',$,(#15012));
#15012=IFCPROPERTYSINGLEVALUE('Data',$,IFCTEXT('{"railing_type": "FRAMELESS_PANEL", "height": 1.0, "thickness": 0.05000000074505806, "spacing": 0.0, "path_data": {"edges": [[0, 1], [1, 2]], "verts": [[-0.55593341588974, -3.280092641944066e-08, 0.0], [0.0, 0.0, 0.0], [0.4806863069534302, 2.2699923718505488e-08, 0.0]]}}'),$);
#15013=IFCPROPERTYSET('2AzXbzr5fFjfXdrZy2yiQU',$,'Pset_RailingCommon',$,(#15014));
#15014=IFCPROPERTYSINGLEVALUE('Height',$,IFCPOSITIVELENGTHMEASURE(1.),$);
#15015=IFCREPRESENTATIONMAP(#15016,#15107);
#15016=IFCAXIS2PLACEMENT3D(#15017,#15018,#15019);
#15017=IFCCARTESIANPOINT((0.,0.,0.));
#15018=IFCDIRECTION((0.,0.,1.));
#15019=IFCDIRECTION((1.,0.,0.));
#15042=IFCRAILING('36isah3aD5PAUZUQjr2SFm',$,'Railing',$,'FRAMELESS_PANEL',#15128,#15051,$,.USERDEFINED.);
#15043=IFCRELDEFINESBYTYPE('1eq$GpYczC6wANogjvI8cI',$,$,$,(#15042),#15010);
#15044=IFCCARTESIANPOINT((0.,0.,0.));
#15045=IFCDIRECTION((1.,0.,0.));
#15046=IFCDIRECTION((0.,1.,0.));
#15047=IFCDIRECTION((0.,0.,1.));
#15048=IFCCARTESIANTRANSFORMATIONOPERATOR3D(#15045,#15046,#15044,1.,#15047);
#15049=IFCMAPPEDITEM(#15015,#15048);
#15050=IFCSHAPEREPRESENTATION(#11,'Body','MappedRepresentation',(#15049));
#15051=IFCPRODUCTDEFINITIONSHAPE($,$,(#15050,#15123));
#15094=IFCINDEXEDPOLYGONALFACE((14,12,11,10));
#15095=IFCINDEXEDPOLYGONALFACE((13,15,12,14));
#15096=IFCINDEXEDPOLYGONALFACE((3,8,6,2,4,5));
#15097=IFCINDEXEDPOLYGONALFACE((1,9,8,3,5,7));
#15098=IFCINDEXEDPOLYGONALFACE((4,11,12,5));
#15099=IFCINDEXEDPOLYGONALFACE((7,15,13,9,1));
#15100=IFCINDEXEDPOLYGONALFACE((3,5,12,14,8));
#15101=IFCINDEXEDPOLYGONALFACE((5,12,15,7));
#15102=IFCINDEXEDPOLYGONALFACE((9,13,14,8));
#15103=IFCINDEXEDPOLYGONALFACE((8,14,10,6));
#15104=IFCINDEXEDPOLYGONALFACE((2,6,10,11,4));
#15105=IFCCARTESIANPOINTLIST3D(((0.48068630695343018,2.2699923718505488E-08,0.),(-0.55593341588973999,-3.2800926419440657E-08,0.),(0.,0.,0.),(-0.55593341588973999,0.024999964982271194,0.),(-1.4750384247363968E-09,0.024999998509883881,0.),(-0.55593341588973999,-0.025000032037496567,0.),(0.48068630695343018,0.025000020861625671,0.),(1.1805996180669354E-09,-0.024999998509883881,0.),(0.48068630695343018,-0.02499997615814209,0.),(-0.55593341588973999,-0.025000032037496567,1.),(-0.55593341588973999,0.024999964982271194,1.),(-1.4750384247363968E-09,0.024999998509883881,1.),(0.48068630695343018,-0.02499997615814209,1.),(1.1805996180669354E-09,-0.024999998509883881,1.),(0.48068630695343018,0.025000020861625671,1.)));
#15106=IFCPOLYGONALFACESET(#15105,.F.,(#15094,#15095,#15096,#15097,#15098,#15099,#15100,#15101,#15102,#15103,#15104),$);
#15107=IFCSHAPEREPRESENTATION(#11,'Body','Tessellation',(#15106));
#15109=IFCCARTESIANPOINT((-0.55593341588973999,-0.025000032037496567,0.));
#15110=IFCBOUNDINGBOX(#15109,1.0366196632385254,0.050000052899122238,1.);
#15111=IFCSHAPEREPRESENTATION(#13,'Box','BoundingBox',(#15110));
#15112=IFCCARTESIANPOINT((0.,0.,0.));
#15113=IFCDIRECTION((1.,0.,0.));
#15114=IFCDIRECTION((0.,0.,1.));
#15115=IFCAXIS2PLACEMENT3D(#15112,#15114,#15113);
#15116=IFCREPRESENTATIONMAP(#15115,#15111);
#15117=IFCCARTESIANPOINT((0.,0.,0.));
#15118=IFCDIRECTION((1.,0.,0.));
#15119=IFCDIRECTION((0.,1.,0.));
#15120=IFCDIRECTION((0.,0.,1.));
#15121=IFCCARTESIANTRANSFORMATIONOPERATOR3D(#15118,#15119,#15117,1.,#15120);
#15122=IFCMAPPEDITEM(#15116,#15121);
#15123=IFCSHAPEREPRESENTATION(#13,'Box','MappedRepresentation',(#15122));
#15124=IFCCARTESIANPOINT((1.7980694770812988,1.0306445360183716,3.0042099952697754));
#15125=IFCDIRECTION((0.,0.,1.));
#15126=IFCDIRECTION((-4.3711388286737889E-08,0.99999999999999911,0.));
#15127=IFCAXIS2PLACEMENT3D(#15124,#15125,#15126);
#15128=IFCLOCALPLACEMENT(#12781,#15127);
ENDSEC;
END-ISO-10303-21;
